[16:37:08.947] INFO      ===== Sessão iniciada em 03/10/2026 16:37:08 =====
[16:37:08.948] INFO      Bot ATIVADO
[16:37:08.949] INFO      Envio de teclas: pyautogui | movimento por WASD
[16:37:08.981] INFO      Seta localizada pela sprite da seta (12x12px, similaridade mínima 0.75)
[16:37:08.982] INFO      Mapa completo 149x160: 37% corredor, 63% obstáculo, 0% sem marcar (conta como obstáculo)
[16:37:08.982] INFO      Rota calculada: 180 pontos, sentido horário, curvas abertas em 85% do corredor
[16:37:08.983] INFO      Tolerância de travamento: 2500 ms sem a seta sair do lugar
[16:37:08.983] INFO      Detecção de sprites ligada: parar com >= 4 (limiar 0.9, a cada 0.35s)
[16:37:09.014] INFO      Posição da seta: um recorte de 97px ao redor da seta será comparado com o mapa completo (escala salva 0.5007 (recalibra sozinho se não casar))
[16:37:09.059] INFO      Revive: foto de referência guardada na memória (35x36px)
[16:37:09.144] INFO      Pokeball: perfis ativos: Normal (Ultra Ball) → T (prioridade 1); Shiny (Premier Ball) → SPACE (prioridade 2)
[16:37:09.450] DETECÇÃO  0 sprite(s) na tela (melhor similaridade 0.25; para com >= 4)
[16:37:09.452] INFO      Habilidades por vida ligadas: ≤45% → C, ≤88% → F, ≤99% → G (barra achada pela sprite life bar)
[16:37:09.498] DETECÇÃO  Vida do pokémon: 87%
[16:37:09.551] TIRO      Vida 87% (≤ 88%): tecla F
[16:37:09.601] INFO      Janela que recebe as teclas: 'PokeAlliance - Ze Pilintra'
[16:37:09.627] INFO      Seta localizada no mapa completo em (117, 73), sobre corredor
[16:37:09.628] INFO      Velocidade: muito rápido (0 sprite(s) na tela) | tecla contínua, previsão 100 ms
[16:37:09.628] DECISÃO   Teclas D+S | pos (117, 73) -> alvo (125.65875437667495, 90.23512816420286) | similaridade 1.00 (busca)
[16:37:09.640] INFO      Windows registrou a tecla enviada (pyautogui). Se mesmo assim a janela não reage, ela filtra teclas enviadas por software.
[16:37:09.887] DECISÃO   Teclas S | pos (119, 73) -> alvo (124.25199439136773, 91.98343872864298) | similaridade 1.00 (rastreio)
[16:37:10.066] BOLA      Shiny (Premier Ball): toque na tecla SPACE em (1401, 331) | similaridade 0.90 | 0.889s depois da captura | ajuste +0,+0 px
[16:37:10.165] DETECÇÃO  2 sprite(s) na tela (melhor similaridade 0.98; para com >= 4)
[16:37:10.253] BOLA      Shiny (Premier Ball): toque na tecla SPACE em (1218, 422) | similaridade 0.86 | 1.076s depois da captura | ajuste +0,+0 px
[16:37:10.260] TIRO      Vida 87% (≤ 88%): tecla F
[16:37:10.318] INFO      Velocidade: rápido (2 sprite(s) na tela) | passo de 200 ms, previsão 50 ms
[16:37:10.407] BOLA      Shiny (Premier Ball): toque na tecla SPACE em (1401, 422) | similaridade 0.84 | 1.230s depois da captura | ajuste +0,+0 px
[16:37:10.560] BOLA      Shiny (Premier Ball): toque na tecla SPACE em (1309, 605) | similaridade 0.83 | 1.383s depois da captura | ajuste +0,+0 px
[16:37:10.716] BOLA      Shiny (Premier Ball): toque na tecla SPACE em (1309, 422) | similaridade 0.81 | 1.539s depois da captura | ajuste +0,+0 px
[16:37:10.893] TIRO      Vida 87% (≤ 88%): tecla F
[16:37:10.936] BOLA      Shiny (Premier Ball): toque na tecla SPACE em (1309, 513) | similaridade 0.76 | 1.759s depois da captura | ajuste +0,+0 px
[16:37:11.533] TIRO      Vida 87% (≤ 88%): tecla F
[16:37:11.746] BOLA      Shiny (Premier Ball): toque na tecla SPACE em (944, 422) | similaridade 0.89 | 0.733s depois da captura | ajuste +0,+0 px
[16:37:11.919] BOLA      Shiny (Premier Ball): toque na tecla SPACE em (944, 240) | similaridade 0.85 | 0.907s depois da captura | ajuste +0,+0 px
[16:37:12.138] BOLA      Shiny (Premier Ball): toque na tecla SPACE em (1218, 240) | similaridade 0.84 | 1.125s depois da captura | ajuste +0,+0 px
[16:37:12.144] TIRO      Vida 87% (≤ 88%): tecla F
[16:37:12.290] BOLA      Shiny (Premier Ball): toque na tecla SPACE em (853, 240) | similaridade 0.83 | 1.277s depois da captura | ajuste +0,+0 px
[16:37:12.443] BOLA      Shiny (Premier Ball): toque na tecla SPACE em (1127, 422) | similaridade 0.83 | 1.430s depois da captura | ajuste +0,+0 px
[16:37:12.596] BOLA      Shiny (Premier Ball): toque na tecla SPACE em (1035, 240) | similaridade 0.83 | 1.583s depois da captura | ajuste +0,+0 px
[16:37:12.756] BOLA      Shiny (Premier Ball): toque na tecla SPACE em (944, 331) | similaridade 0.81 | 1.743s depois da captura | ajuste +0,+0 px
[16:37:12.762] TIRO      Vida 87% (≤ 88%): tecla F
[16:37:12.908] BOLA      Shiny (Premier Ball): toque na tecla SPACE em (1127, 240) | similaridade 0.80 | 1.895s depois da captura | ajuste +0,+0 px
[16:37:13.062] BOLA      Shiny (Premier Ball): toque na tecla SPACE em (1127, 331) | similaridade 0.79 | 2.049s depois da captura | ajuste +0,+0 px
[16:37:13.397] TIRO      Vida 87% (≤ 88%): tecla F
[16:37:14.030] TIRO      Vida 87% (≤ 88%): tecla F
[16:37:14.721] DETECÇÃO  1 sprite(s) na tela (melhor similaridade 0.99; para com >= 4)
[16:37:14.814] TIRO      Vida 87% (≤ 88%): tecla F
[16:37:15.413] DETECÇÃO  2 sprite(s) na tela (melhor similaridade 0.99; para com >= 4)
[16:37:15.514] TIRO      Vida 87% (≤ 88%): tecla F
[16:37:16.041] DETECÇÃO  1 sprite(s) na tela (melhor similaridade 0.97; para com >= 4)
[16:37:16.135] TIRO      Vida 87% (≤ 88%): tecla F
[16:37:16.197] DECISÃO   Teclas A+S | pos (121, 93) -> alvo (117.93130588320889, 121.7452762420274) | similaridade 1.00 (rastreio)
[16:37:16.822] TIRO      Vida 87% (≤ 88%): tecla F
[16:37:16.877] DECISÃO   Teclas S | pos (119, 95) -> alvo (118.0, 124.0) | similaridade 1.00 (rastreio)
[16:37:17.384] DETECÇÃO  2 sprite(s) na tela (melhor similaridade 0.98; para com >= 4)
[16:37:17.489] TIRO      Vida 87% (≤ 88%): tecla F
[16:37:18.117] DETECÇÃO  Vida do pokémon: 100%
[16:37:18.479] DECISÃO   Teclas A+S | pos (119, 101) -> alvo (114.51774931717435, 127.78672102980916) | similaridade 1.00 (rastreio)
[16:37:18.950] DETECÇÃO  3 sprite(s) na tela (melhor similaridade 0.98; para com >= 4)
[16:37:19.062] DECISÃO   Teclas S | pos (117, 103) -> alvo (112.94651796569991, 129.479925399653) | similaridade 1.00 (rastreio)
[16:37:20.847] DECISÃO   Teclas A+S | pos (117, 111) -> alvo (107.02136547125968, 133.25484783300413) | similaridade 1.00 (rastreio)
[16:37:21.647] DETECÇÃO  4 sprite(s) na tela (melhor similaridade 0.98; para com >= 4)
[16:37:21.687] DETECÇÃO  Vida do pokémon: 94%
[16:37:21.739] TIRO      Vida 94% (≤ 99%): tecla G
[16:37:21.740] PAROU     Parou: 4 sprites na tela (limite 4)
[16:37:22.390] TIRO      Tiro inicial: tecla P em (570, 646) na tela, na sprite mais distante (482 px do pokémon, 4 sprite(s) na tela)
[16:37:22.391] INFO      Shooter ligado: atira com a tecla P na sprite além de 380 px do pokémon que ficar parada por 0.8s (oscilação até 20 px)
[16:37:22.413] DETECÇÃO  Shooter: 1 sprite(s) além de 380 px do pokémon (a mais distante: 482 px) | vigiando
[16:37:22.805] DETECÇÃO  6 sprite(s) na tela (melhor similaridade 0.98; para com >= 4)
[16:37:22.908] TIRO      Vida 90% (≤ 99%): tecla G
[16:37:23.305] DETECÇÃO  7 sprite(s) na tela (melhor similaridade 0.98; para com >= 4)
[16:37:23.356] DETECÇÃO  Vida do pokémon: 87%
[16:37:23.408] TIRO      Vida 87% (≤ 88%): tecla F
[16:37:24.463] TIRO      Vida 87% (≤ 88%): tecla F
[16:37:25.547] TIRO      Vida 86% (≤ 88%): tecla F
[16:37:26.138] DETECÇÃO  Shooter: 2 sprite(s) além de 380 px do pokémon (a mais distante: 510 px) | vigiando
[16:37:26.609] TIRO      Vida 83% (≤ 88%): tecla F
[16:37:27.043] DETECÇÃO  8 sprite(s) na tela (melhor similaridade 0.98; para com >= 4)
[16:37:27.147] TIRO      Vida 82% (≤ 88%): tecla F
[16:37:28.082] TIRO      Vida 82% (≤ 88%): tecla F
[16:37:29.072] DETECÇÃO  7 sprite(s) na tela (melhor similaridade 0.98; para com >= 4)
[16:37:29.114] DETECÇÃO  Vida do pokémon: 53%
[16:37:29.193] TIRO      Vida 53% (≤ 88%): tecla F
[16:37:29.743] DETECÇÃO  Shooter: 0 sprite(s) além de 380 px do pokémon | vigiando
[16:37:29.744] INFO      Shooter: todas as 7 sprite(s) dentro de 380 px; confirmo por 1.5s antes de dar o R
[16:37:30.149] DETECÇÃO  8 sprite(s) na tela (melhor similaridade 0.98; para com >= 4)
[16:37:30.252] TIRO      Vida 51% (≤ 88%): tecla F
[16:37:31.755] TIRO      Vida 50% (≤ 88%): tecla F
[16:37:32.349] TIRO      Todas as 8 sprite(s) dentro de 380 px: sequência R (repetido por 1.0s) e, 0.50s depois do R, revive (E)
[16:37:32.801] DETECÇÃO  Vida do pokémon: 32%
[16:37:32.854] TIRO      Vida 32% (≤ 45%): tecla C
[16:37:33.253] DETECÇÃO  0 sprite(s) na tela (melhor similaridade 0.24; para com >= 4)
[16:37:33.364] TIRO      Shooter: R apertado 7x em 1.01s
[16:37:33.916] TIRO      Revive: toque rápido em E e verifico a foto por 2.5s — tentativa 1/3
[16:37:35.009] BOLA      Shiny (Premier Ball): toque na tecla SPACE em (487, 696) | similaridade 0.85 | 0.892s depois da captura | ajuste +0,+0 px
[16:37:35.129] DETECÇÃO  Vida do pokémon: 100%
[16:37:35.180] BOLA      Shiny (Premier Ball): toque na tecla SPACE em (579, 513) | similaridade 0.73 | 1.063s depois da captura | ajuste +0,+0 px
[16:37:35.376] BOLA      Shiny (Premier Ball): toque na tecla SPACE em (761, 696) | similaridade 0.72 | 1.259s depois da captura | ajuste +0,+0 px
[16:37:36.433] ALERTA    Revive: a foto NÃO mudou em 2.5s (máximo 0.0% dos pixels, mínimo 0.6%): o E não foi usado; tento de novo
[16:37:36.434] TIRO      Revive: toque rápido em E e verifico a foto por 2.5s — tentativa 2/3
[16:37:37.464] BOLA      Shiny (Premier Ball): toque na tecla SPACE em (670, 513) | similaridade 0.87 | 0.912s depois da captura | ajuste +0,+0 px
[16:37:37.649] BOLA      Shiny (Premier Ball): toque na tecla SPACE em (579, 696) | similaridade 0.72 | 1.096s depois da captura | ajuste +0,+0 px
[16:37:38.681] BOLA      Shiny (Premier Ball): toque na tecla SPACE em (670, 605) | similaridade 0.93 | 0.908s depois da captura | ajuste +0,+0 px
[16:37:38.836] BOLA      Shiny (Premier Ball): toque na tecla SPACE em (670, 696) | similaridade 0.89 | 1.063s depois da captura | ajuste +0,+0 px
[16:37:39.022] ALERTA    Revive: a foto NÃO mudou em 2.5s (máximo 0.0% dos pixels, mínimo 0.6%): o E não foi usado; tento de novo
[16:37:39.022] TIRO      Revive: toque rápido em E e verifico a foto por 2.5s — tentativa 3/3
[16:37:39.067] BOLA      Shiny (Premier Ball): toque na tecla SPACE em (487, 605) | similaridade 0.83 | 1.294s depois da captura | ajuste +0,+0 px
[16:37:39.257] DETECÇÃO  Vida do pokémon: 88%
[16:37:39.298] BOLA      Shiny (Premier Ball): toque na tecla SPACE em (579, 696) | similaridade 0.81 | 1.525s depois da captura | ajuste +0,+0 px
[16:37:39.349] TIRO      Vida 88% (≤ 88%): tecla F
[16:37:40.011] DETECÇÃO  Vida do pokémon: 100%
[16:37:41.539] ALERTA    Revive: a foto NÃO mudou em 2.5s (máximo 0.0% dos pixels, mínimo 0.6%): o E não foi usado
[16:37:41.540] ALERTA    Revive: a foto NÃO mudou em 3 toque(s) no E (máximo 0.0% dos pixels, mínimo 0.6%). Confira a área da foto e a sensibilidade.
[16:37:41.540] INFO      Shooter: procedimento concluído (R repetido + E); o bot volta a andar
[16:37:41.962] RETOMOU   Voltou a andar: 0 sprites (limite 4), ficou parado 20.2s
[16:37:42.023] INFO      Velocidade: muito rápido (0 sprite(s) na tela) | tecla contínua, previsão 100 ms
[16:37:42.023] DECISÃO   Teclas A+S | pos (115, 113) -> alvo (104.76093537527412, 134.14380343235504) | similaridade 1.00 (rastreio)
[16:37:44.855] DETECÇÃO  2 sprite(s) na tela (melhor similaridade 0.98; para com >= 4)
[16:37:44.958] INFO      Velocidade: rápido (2 sprite(s) na tela) | passo de 200 ms, previsão 50 ms
[16:37:45.756] DETECÇÃO  3 sprite(s) na tela (melhor similaridade 0.98; para com >= 4)
[16:37:46.170] DECISÃO   Teclas A | pos (101, 127) -> alvo (73.66656295316903, 136.57354210827134) | similaridade 1.00 (rastreio)
[16:37:46.654] DETECÇÃO  5 sprite(s) na tela (melhor similaridade 0.99; para com >= 4)
[16:37:46.698] PAROU     Parou: 5 sprites na tela (limite 4)
[16:37:47.349] TIRO      Tiro inicial: tecla P em (406, 826) na tela, na sprite mais distante (929 px do pokémon, 5 sprite(s) na tela)
[16:37:47.350] INFO      Shooter ligado: atira com a tecla P na sprite além de 380 px do pokémon que ficar parada por 0.8s (oscilação até 20 px)
[16:37:47.375] DETECÇÃO  Shooter: 4 sprite(s) além de 380 px do pokémon (a mais distante: 929 px) | vigiando
[16:37:47.749] DETECÇÃO  6 sprite(s) na tela (melhor similaridade 0.99; para com >= 4)
[16:37:47.815] DETECÇÃO  Shooter: 3 sprite(s) além de 380 px do pokémon (a mais distante: 1135 px) | vigiando
[16:37:48.284] DETECÇÃO  Vida do pokémon: 90%
[16:37:48.337] TIRO      Vida 90% (≤ 99%): tecla G
[16:37:48.800] DETECÇÃO  Vida do pokémon: 83%
[16:37:48.852] TIRO      Vida 83% (≤ 88%): tecla F
[16:37:49.502] DETECÇÃO  Shooter: 2 sprite(s) além de 380 px do pokémon (a mais distante: 651 px) | vigiando
[16:37:49.917] DETECÇÃO  5 sprite(s) na tela (melhor similaridade 0.98; para com >= 4)
[16:37:50.021] TIRO      Vida 79% (≤ 88%): tecla F
[16:37:50.588] DETECÇÃO  Shooter: 3 sprite(s) além de 380 px do pokémon (a mais distante: 435 px) | vigiando
[16:37:51.020] DETECÇÃO  6 sprite(s) na tela (melhor similaridade 0.99; para com >= 4)
[16:37:51.069] DETECÇÃO  Vida do pokémon: 75%
[16:37:51.123] TIRO      Vida 75% (≤ 88%): tecla F
[16:37:51.720] DETECÇÃO  Shooter: 4 sprite(s) além de 380 px do pokémon (a mais distante: 520 px) | vigiando
[16:37:52.202] TIRO      Vida 76% (≤ 88%): tecla F
[16:37:52.221] DETECÇÃO  Shooter: 2 sprite(s) além de 380 px do pokémon (a mais distante: 453 px) | vigiando
[16:37:52.723] TIRO      Vida 73% (≤ 88%): tecla F
[16:37:53.299] DETECÇÃO  Shooter: 1 sprite(s) além de 380 px do pokémon (a mais distante: 408 px) | vigiando
[16:37:53.713] DETECÇÃO  7 sprite(s) na tela (melhor similaridade 0.98; para com >= 4)
[16:37:53.758] DETECÇÃO  Vida do pokémon: 67%
[16:37:53.812] TIRO      Vida 67% (≤ 88%): tecla F
[16:37:54.413] DETECÇÃO  Shooter: 0 sprite(s) além de 380 px do pokémon | vigiando
[16:37:54.414] INFO      Shooter: todas as 7 sprite(s) dentro de 380 px; confirmo por 1.5s antes de dar o R
[16:37:54.794] DETECÇÃO  8 sprite(s) na tela (melhor similaridade 0.99; para com >= 4)
[16:37:54.894] TIRO      Vida 66% (≤ 88%): tecla F
[16:37:55.359] DETECÇÃO  Vida do pokémon: 62%
[16:37:55.411] TIRO      Vida 62% (≤ 88%): tecla F
[16:37:55.963] TIRO      Todas as 8 sprite(s) dentro de 380 px: sequência R (repetido por 1.0s) e, 0.50s depois do R, revive (E)
[16:37:56.473] TIRO      Vida 62% (≤ 88%): tecla F
[16:37:56.977] TIRO      Shooter: R apertado 7x em 1.01s
[16:37:57.449] DETECÇÃO  0 sprite(s) na tela (melhor similaridade 0.25; para com >= 4)
[16:37:57.541] TIRO      Vida 60% (≤ 88%): tecla F
[16:37:57.544] TIRO      Revive: toque rápido em E e verifico a foto por 2.5s — tentativa 1/3
[16:37:57.819] BOLA      Shiny (Premier Ball): toque na tecla SPACE em (487, 696) | similaridade 0.77 | 0.774s depois da captura | ajuste +0,+0 px
[16:37:58.888] BOLA      Shiny (Premier Ball): toque na tecla SPACE em (305, 879) | similaridade 0.81 | 0.980s depois da captura | ajuste +0,+0 px
[16:37:59.167] BOLA      Shiny (Premier Ball): toque na tecla SPACE em (396, 696) | similaridade 0.78 | 1.259s depois da captura | ajuste +0,+0 px
[16:37:59.178] DETECÇÃO  Vida do pokémon: 100%
[16:37:59.323] BOLA      Shiny (Premier Ball): toque na tecla SPACE em (396, 879) | similaridade 0.75 | 1.415s depois da captura | ajuste +0,+0 px
[16:38:00.025] ALERTA    Shooter: nome do pokémon não encontrado na área de busca; sem ele não dá para medir as distâncias (confira a similaridade mínima).
[16:38:00.095] ALERTA    Revive: a foto NÃO mudou em 2.5s (máximo 0.0% dos pixels, mínimo 0.6%): o E não foi usado; tento de novo
[16:38:00.096] TIRO      Revive: toque rápido em E e verifico a foto por 2.5s — tentativa 2/3
[16:38:00.280] BOLA      Shiny (Premier Ball): toque na tecla SPACE em (487, 696) | similaridade 0.84 | 0.868s depois da captura | ajuste +0,+0 px
[16:38:00.578] DETECÇÃO  Vida do pokémon: 76%
[16:38:00.651] TIRO      Vida 76% (≤ 88%): tecla F
[16:38:00.658] INFO      Revive confirmado: a foto mudou (85.7% dos pixels) após 3.1s e 2 toque(s) no E (E saiu 0.57s depois do R)
[16:38:00.658] INFO      Shooter: procedimento concluído (R repetido + E); o bot volta a andar
[16:38:01.152] BOLA      Shiny (Premier Ball): toque na tecla SPACE em (487, 696) | similaridade 0.90 | 0.767s depois da captura | ajuste +0,+0 px
[16:38:01.700] DETECÇÃO  Vida do pokémon: 100%
[16:38:01.700] RETOMOU   Voltou a andar: 0 sprites (limite 4), ficou parado 15.0s
[16:38:01.755] INFO      Seta não reconhecida neste quadro: uso a posição fixa dela no mapa ao vivo (86, 298)
[16:38:01.761] INFO      Velocidade: muito rápido (0 sprite(s) na tela) | tecla contínua, previsão 100 ms
[16:38:01.762] DECISÃO   Teclas S | pos (115, 87) -> alvo (117.93130588320889, 121.7452762420274) | similaridade 0.44 (rastreio)
[16:38:01.827] DECISÃO   Teclas D | pos (101, 58) -> alvo (125.38624456122882, 62.80389333863262) | similaridade 0.77 (rastreio)
[16:38:01.991] BOLA      Shiny (Premier Ball): toque na tecla SPACE em (305, 787) | similaridade 0.79 | 0.741s depois da captura | ajuste +0,+0 px
[16:38:03.019] BOLA      Shiny (Premier Ball): toque na tecla SPACE em (487, 713) | similaridade 0.92 | 0.931s depois da captura | ajuste +0,+0 px
[16:38:03.208] BOLA      Shiny (Premier Ball): toque na tecla SPACE em (305, 622) | similaridade 0.90 | 1.121s depois da captura | ajuste +0,+0 px
[16:38:03.223] DECISÃO   Teclas D+S | pos (109, 60) -> alvo (129.39932497576066, 70.78571966887216) | similaridade 0.78 (rastreio)
[16:38:03.406] BOLA      Shiny (Premier Ball): toque na tecla SPACE em (487, 804) | similaridade 0.84 | 1.319s depois da captura | ajuste +0,+0 px
[16:38:04.275] BOLA      Shiny (Premier Ball): toque na tecla SPACE em (99, 764) | similaridade 0.84 | 0.762s depois da captura | ajuste +0,+0 px
[16:38:07.270] DECISÃO   Teclas A+S | pos (155, 26) -> alvo (129.36809781653074, 83.60538692578604) | similaridade 0.93 (rastreio)
[16:38:07.710] DECISÃO   Teclas S | pos (167, -14) -> alvo (130.29507997033946, 77.30598187287) | similaridade 1.00 (rastreio)
[16:38:07.778] DECISÃO   Teclas A+S | pos (190, -53) -> alvo (104.29945815105745, 47.915564932546246) | similaridade 1.00 (rastreio)
[16:38:09.182] DECISÃO   Teclas S | pos (169, -176) -> alvo (98.46035229190804, 42.57136987008953) | similaridade 1.00 (rastreio)
[16:38:09.425] BOLA      Shiny (Premier Ball): toque na tecla SPACE em (56, 305) | similaridade 0.86 | 0.787s depois da captura | ajuste +0,+0 px
[16:38:10.781] DECISÃO   Teclas A+S | pos (220, -175) -> alvo (99.0, 45.0) | similaridade 1.00 (rastreio)
[16:38:11.327] DECISÃO   Teclas S | pos (180, -176) -> alvo (99.43753493378676, 43.71285892660043) | similaridade 1.00 (rastreio)
[16:38:11.447] BOLA      Shiny (Premier Ball): toque na tecla SPACE em (365, 208) | similaridade 0.88 | 0.855s depois da captura | ajuste +0,+0 px
[16:38:11.615] BOLA      Shiny (Premier Ball): toque na tecla SPACE em (365, 300) | similaridade 0.83 | 1.023s depois da captura | ajuste +0,+0 px
[16:38:12.577] BOLA      Shiny (Premier Ball): toque na tecla SPACE em (487, 416) | similaridade 0.86 | 0.883s depois da captura | ajuste +0,+0 px
[16:38:12.750] BOLA      Shiny (Premier Ball): toque na tecla SPACE em (487, 508) | similaridade 0.86 | 1.056s depois da captura | ajuste +0,+0 px
[16:38:12.765] DECISÃO   Teclas A+S | pos (220, -175) -> alvo (99.0, 45.0) | similaridade 1.00 (rastreio)
[16:38:13.002] DECISÃO   Teclas S | pos (180, -176) -> alvo (99.43753493378676, 43.71285892660043) | similaridade 1.00 (rastreio)
[16:38:13.648] BOLA      Shiny (Premier Ball): toque na tecla SPACE em (579, 354) | similaridade 0.90 | 0.808s depois da captura | ajuste +0,+0 px
[16:38:13.810] BOLA      Shiny (Premier Ball): toque na tecla SPACE em (579, 445) | similaridade 0.87 | 0.970s depois da captura | ajuste +0,+0 px
[16:38:14.302] DECISÃO   Teclas A+S | pos (220, -175) -> alvo (99.0, 45.0) | similaridade 1.00 (rastreio)
[16:38:14.470] DECISÃO   Teclas A | pos (97, 141) -> alvo (69.54178232038166, 136.78374233218838) | similaridade 1.00 (busca)
[16:38:14.739] BOLA      Shiny (Premier Ball): toque na tecla SPACE em (670, 240) | similaridade 0.87 | 0.848s depois da captura | ajuste +0,+0 px
[16:38:14.933] DECISÃO   Teclas A+W | pos (95, 141) -> alvo (67.3870583110669, 136.77280616565486) | similaridade 0.99 (rastreio)
[16:38:15.012] DECISÃO   Teclas W | pos (93, 141) -> alvo (65.23569877153112, 136.6968385096679) | similaridade 0.99 (rastreio)
[16:38:15.696] DECISÃO   Teclas A | pos (93, 137) -> alvo (65.23569877153112, 136.6968385096679) | similaridade 1.00 (rastreio)
[16:38:15.804] BOLA      Shiny (Premier Ball): toque na tecla SPACE em (761, 240) | similaridade 0.84 | 0.934s depois da captura | ajuste +0,+0 px
[16:38:16.679] DECISÃO   Teclas A+W | pos (87, 137) -> alvo (61.052118298404146, 136.17501673988687) | similaridade 1.00 (rastreio)
[16:38:16.919] BOLA      Shiny (Premier Ball): toque na tecla SPACE em (890, 331) | similaridade 0.94 | 1.022s depois da captura | ajuste +0,+0 px
[16:38:17.105] BOLA      Shiny (Premier Ball): toque na tecla SPACE em (890, 422) | similaridade 0.87 | 1.208s depois da captura | ajuste +0,+0 px
[16:38:17.126] DECISÃO   Teclas A | pos (83, 135) -> alvo (57.0, 134.0) | similaridade 1.00 (rastreio)
[16:38:18.254] BOLA      Shiny (Premier Ball): toque na tecla SPACE em (1249, 362) | similaridade 0.89 | 1.054s depois da captura | ajuste +0,+0 px
[16:38:18.408] BOLA      Shiny (Premier Ball): toque na tecla SPACE em (1249, 454) | similaridade 0.82 | 1.208s depois da captura | ajuste +0,+0 px
[16:38:19.364] DETECÇÃO  1 sprite(s) na tela (melhor similaridade 0.98; para com >= 4)
[16:38:19.459] BOLA      Shiny (Premier Ball): toque na tecla SPACE em (1586, 422) | similaridade 0.93 | 0.960s depois da captura | ajuste +0,+0 px
[16:38:19.480] INFO      Velocidade: rápido (1 sprite(s) na tela) | passo de 200 ms, previsão 50 ms
[16:38:19.666] BOLA      Shiny (Premier Ball): toque na tecla SPACE em (1586, 513) | similaridade 0.84 | 1.167s depois da captura | ajuste +0,+0 px
[16:38:20.407] DETECÇÃO  3 sprite(s) na tela (melhor similaridade 0.98; para com >= 4)
[16:38:21.534] DECISÃO   Teclas A+W | pos (61, 135) -> alvo (36.74377363097024, 124.57114771203106) | similaridade 1.00 (rastreio)
[16:38:23.222] DETECÇÃO  4 sprite(s) na tela (melhor similaridade 0.98; para com >= 4)
[16:38:23.266] PAROU     Parou: 4 sprites na tela (limite 4)
[16:38:24.006] TIRO      Tiro inicial: tecla P em (434, 230) na tela, na sprite mais distante (1018 px do pokémon, 4 sprite(s) na tela)
[16:38:24.007] INFO      Shooter ligado: atira com a tecla P na sprite além de 380 px do pokémon que ficar parada por 0.8s (oscilação até 20 px)
[16:38:24.026] DETECÇÃO  Shooter: 1 sprite(s) além de 380 px do pokémon (a mais distante: 1018 px) | vigiando
[16:38:25.594] TIRO      Vida 98% (≤ 99%): tecla G
[16:38:26.732] TIRO      Vida 98% (≤ 99%): tecla G
[16:38:27.333] DETECÇÃO  Shooter: 0 sprite(s) além de 380 px do pokémon | vigiando
[16:38:27.334] INFO      Shooter: todas as 4 sprite(s) dentro de 380 px; confirmo por 1.5s antes de dar o R
[16:38:27.848] TIRO      Vida 98% (≤ 99%): tecla G
[16:38:28.872] DETECÇÃO  5 sprite(s) na tela (melhor similaridade 0.98; para com >= 4)
[16:38:28.978] TIRO      Vida 98% (≤ 99%): tecla G
[16:38:29.588] DETECÇÃO  Shooter: 1 sprite(s) além de 380 px do pokémon (a mais distante: 428 px) | vigiando
[16:38:29.589] ALERTA    Shooter: apareceu/ficou sprite além de 380 px durante a confirmação; o R NÃO foi dado, espero todas entrarem de novo
[16:38:30.041] DETECÇÃO  Vida do pokémon: 90%
[16:38:30.093] TIRO      Vida 90% (≤ 99%): tecla G
[16:38:30.668] DETECÇÃO  Shooter: 0 sprite(s) além de 380 px do pokémon | vigiando
[16:38:30.669] INFO      Shooter: todas as 5 sprite(s) dentro de 380 px; confirmo por 1.5s antes de dar o R
[16:38:31.179] TIRO      Vida 90% (≤ 99%): tecla G
[16:38:31.591] DETECÇÃO  4 sprite(s) na tela (melhor similaridade 0.98; para com >= 4)
[16:38:31.638] DETECÇÃO  Vida do pokémon: 67%
[16:38:31.690] TIRO      Vida 67% (≤ 88%): tecla F
[16:38:32.210] DETECÇÃO  Vida do pokémon: 62%
[16:38:32.263] TIRO      Vida 62% (≤ 88%): tecla F
[16:38:32.282] TIRO      Todas as 4 sprite(s) dentro de 380 px: sequência R (repetido por 1.0s) e, 0.50s depois do R, revive (E)
[16:38:32.659] DETECÇÃO  5 sprite(s) na tela (melhor similaridade 0.98; para com >= 4)
[16:38:33.302] TIRO      Shooter: R apertado 7x em 1.02s
[16:38:33.712] DETECÇÃO  0 sprite(s) na tela (melhor similaridade 0.25; para com >= 4)
[16:38:33.855] TIRO      Vida 62% (≤ 88%): tecla F
[16:38:33.861] TIRO      Revive: toque rápido em E e verifico a foto por 2.5s — tentativa 1/3
[16:38:34.504] DETECÇÃO  Vida do pokémon: 74%
[16:38:34.589] TIRO      Vida 74% (≤ 88%): tecla F
[16:38:34.638] INFO      Revive confirmado: a foto mudou (11.0% dos pixels) após 0.8s e 1 toque(s) no E (E saiu 0.56s depois do R)
[16:38:34.639] INFO      Shooter: procedimento concluído (R repetido + E); o bot volta a andar
[16:38:35.480] BOLA      Shiny (Premier Ball): toque na tecla SPACE em (213, 240) | similaridade 0.80 | 0.697s depois da captura | ajuste +0,+0 px
[16:38:35.683] DETECÇÃO  Vida do pokémon: 100%
[16:38:35.684] RETOMOU   Voltou a andar: 0 sprites (limite 4), ficou parado 12.4s
[16:38:35.746] INFO      Velocidade: muito rápido (0 sprite(s) na tela) | tecla contínua, previsão 100 ms
[16:38:35.746] DECISÃO   Teclas A+W | pos (57, 131) -> alvo (34.620666664677536, 121.01879170692717) | similaridade 1.00 (rastreio)
[16:38:37.359] BOLA      Shiny (Premier Ball): toque na tecla SPACE em (499, 251) | similaridade 0.86 | 0.831s depois da captura | ajuste +0,+0 px
[16:38:37.542] BOLA      Shiny (Premier Ball): toque na tecla SPACE em (499, 160) | similaridade 0.86 | 1.014s depois da captura | ajuste +0,+0 px
[16:38:38.411] BOLA      Shiny (Premier Ball): toque na tecla SPACE em (659, 411) | similaridade 0.83 | 0.793s depois da captura | ajuste +0,+0 px
[16:38:38.565] BOLA      Shiny (Premier Ball): toque na tecla SPACE em (476, 320) | similaridade 0.83 | 0.946s depois da captura | ajuste +0,+0 px
[16:38:38.760] BOLA      Shiny (Premier Ball): toque na tecla SPACE em (476, 411) | similaridade 0.83 | 1.141s depois da captura | ajuste +0,+0 px
[16:38:38.943] BOLA      Shiny (Premier Ball): toque na tecla SPACE em (659, 320) | similaridade 0.81 | 1.324s depois da captura | ajuste +0,+0 px
[16:38:39.097] BOLA      Shiny (Premier Ball): toque na tecla SPACE em (567, 502) | similaridade 0.71 | 1.478s depois da captura | ajuste +0,+0 px
[16:38:40.032] DECISÃO   Teclas W | pos (43, 117) -> alvo (35.31221911391866, 97.64974443196841) | similaridade 1.00 (rastreio)
[16:38:40.145] BOLA      Shiny (Premier Ball): toque na tecla SPACE em (881, 633) | similaridade 0.85 | 0.944s depois da captura | ajuste +0,+0 px
[16:38:40.325] BOLA      Shiny (Premier Ball): toque na tecla SPACE em (699, 542) | similaridade 0.84 | 1.124s depois da captura | ajuste +0,+0 px
[16:38:40.479] BOLA      Shiny (Premier Ball): toque na tecla SPACE em (881, 725) | similaridade 0.82 | 1.277s depois da captura | ajuste +0,+0 px
[16:38:40.645] BOLA      Shiny (Premier Ball): toque na tecla SPACE em (699, 633) | similaridade 0.82 | 1.444s depois da captura | ajuste +0,+0 px
[16:38:40.829] BOLA      Shiny (Premier Ball): toque na tecla SPACE em (790, 725) | similaridade 0.78 | 1.627s depois da captura | ajuste +0,+0 px
[16:38:41.244] DETECÇÃO  1 sprite(s) na tela (melhor similaridade 0.98; para com >= 4)
[16:38:41.351] INFO      Velocidade: rápido (1 sprite(s) na tela) | passo de 200 ms, previsão 50 ms
[16:38:41.776] BOLA      Shiny (Premier Ball): toque na tecla SPACE em (853, 907) | similaridade 0.86 | 0.855s depois da captura | ajuste +0,+0 px
[16:38:41.965] BOLA      Shiny (Premier Ball): toque na tecla SPACE em (1035, 907) | similaridade 0.86 | 1.044s depois da captura | ajuste +0,+0 px
[16:38:42.119] BOLA      Shiny (Premier Ball): toque na tecla SPACE em (1035, 998) | similaridade 0.83 | 1.198s depois da captura | ajuste +0,+0 px
[16:38:42.139] DETECÇÃO  3 sprite(s) na tela (melhor similaridade 0.99; para com >= 4)
[16:38:42.238] TIRO      Vida 97% (≤ 99%): tecla G
[16:38:42.281] BOLA      Shiny (Premier Ball): toque na tecla SPACE em (853, 998) | similaridade 0.82 | 1.360s depois da captura | ajuste +0,+0 px
[16:38:42.876] TIRO      Vida 97% (≤ 99%): tecla G
[16:38:43.433] DETECÇÃO  4 sprite(s) na tela (melhor similaridade 0.98; para com >= 4)
[16:38:43.524] TIRO      Vida 97% (≤ 99%): tecla G
[16:38:43.525] PAROU     Parou: 4 sprites na tela (limite 4)
[16:38:44.282] TIRO      Tiro inicial: tecla P em (776, 287) na tela, na sprite mais distante (675 px do pokémon, 4 sprite(s) na tela)
[16:38:44.283] INFO      Shooter ligado: atira com a tecla P na sprite além de 380 px do pokémon que ficar parada por 0.8s (oscilação até 20 px)
[16:38:44.301] DETECÇÃO  Shooter: 1 sprite(s) além de 380 px do pokémon (a mais distante: 675 px) | vigiando
[16:38:44.795] TIRO      Vida 98% (≤ 99%): tecla G
[16:38:45.310] TIRO      Vida 95% (≤ 99%): tecla G
[16:38:45.332] DETECÇÃO  Shooter: 0 sprite(s) além de 380 px do pokémon | vigiando
[16:38:45.333] INFO      Shooter: todas as 4 sprite(s) dentro de 380 px; confirmo por 1.5s antes de dar o R
[16:38:45.707] DETECÇÃO  3 sprite(s) na tela (melhor similaridade 0.97; para com >= 4)
[16:38:45.756] DETECÇÃO  Vida do pokémon: 90%
[16:38:45.757] RETOMOU   Voltou a andar: 3 sprites (limite 4), ficou parado 2.2s
[16:38:45.820] DECISÃO   Teclas A+W | pos (43, 101) -> alvo (34.7880638250147, 82.4064922833533) | similaridade 1.00 (rastreio)
[16:38:46.110] TIRO      Vida 90% (≤ 99%): tecla G
[16:38:46.175] DECISÃO   Teclas W | pos (41, 99) -> alvo (34.368261120246785, 80.93077725134856) | similaridade 1.00 (rastreio)
[16:38:46.767] TIRO      Vida 90% (≤ 99%): tecla G
[16:38:47.324] DETECÇÃO  4 sprite(s) na tela (melhor similaridade 0.98; para com >= 4)
[16:38:47.429] TIRO      Vida 90% (≤ 99%): tecla G
[16:38:47.429] PAROU     Parou: 4 sprites na tela (limite 4)
[16:38:48.127] TIRO      Tiro inicial: tecla P em (1204, 484) na tela, na sprite mais distante (340 px do pokémon, 4 sprite(s) na tela)
[16:38:48.128] INFO      Shooter ligado: atira com a tecla P na sprite além de 380 px do pokémon que ficar parada por 0.8s (oscilação até 20 px)
[16:38:48.148] DETECÇÃO  Shooter: 0 sprite(s) além de 380 px do pokémon | vigiando
[16:38:48.149] INFO      Shooter: todas as 4 sprite(s) dentro de 380 px; confirmo por 1.5s antes de dar o R
[16:38:48.519] DETECÇÃO  5 sprite(s) na tela (melhor similaridade 0.98; para com >= 4)
[16:38:48.612] TIRO      Vida 87% (≤ 88%): tecla F
[16:38:49.574] DETECÇÃO  6 sprite(s) na tela (melhor similaridade 0.99; para com >= 4)
[16:38:49.614] DETECÇÃO  Vida do pokémon: 82%
[16:38:49.666] TIRO      Vida 82% (≤ 88%): tecla F
[16:38:50.222] DETECÇÃO  Shooter: 1 sprite(s) além de 380 px do pokémon (a mais distante: 413 px) | vigiando
[16:38:50.223] ALERTA    Shooter: apareceu/ficou sprite além de 380 px durante a confirmação; o R NÃO foi dado, espero todas entrarem de novo
[16:38:50.684] DETECÇÃO  Vida do pokémon: 75%
[16:38:50.738] TIRO      Vida 75% (≤ 88%): tecla F
[16:38:51.327] DETECÇÃO  Shooter: 0 sprite(s) além de 380 px do pokémon | vigiando
[16:38:51.328] INFO      Shooter: todas as 6 sprite(s) dentro de 380 px; confirmo por 1.5s antes de dar o R
[16:38:51.757] DETECÇÃO  Vida do pokémon: 66%
[16:38:51.808] TIRO      Vida 66% (≤ 88%): tecla F
[16:38:52.266] DETECÇÃO  Vida do pokémon: 59%
[16:38:52.318] TIRO      Vida 59% (≤ 88%): tecla F
[16:38:52.865] TIRO      Todas as 6 sprite(s) dentro de 380 px: sequência R (repetido por 1.0s) e, 0.50s depois do R, revive (E)
[16:38:53.349] DETECÇÃO  Vida do pokémon: 53%
[16:38:53.402] TIRO      Vida 53% (≤ 88%): tecla F
[16:38:53.874] TIRO      Shooter: R apertado 7x em 1.01s
[16:38:54.436] TIRO      Revive: toque rápido em E e verifico a foto por 2.5s — tentativa 1/3
[16:38:54.470] DETECÇÃO  0 sprite(s) na tela (melhor similaridade 0.22; para com >= 4)
[16:38:54.519] DETECÇÃO  Vida do pokémon: 100%
[16:38:55.153] INFO      Revive confirmado: a foto mudou (2.0% dos pixels) após 0.7s e 1 toque(s) no E (E saiu 0.56s depois do R)
[16:38:55.153] INFO      Shooter: procedimento concluído (R repetido + E); o bot volta a andar
[16:38:55.642] BOLA      Shiny (Premier Ball): toque na tecla SPACE em (1127, 331) | similaridade 0.71 | 0.756s depois da captura | ajuste +0,+0 px
[16:38:55.762] RETOMOU   Voltou a andar: 0 sprites (limite 4), ficou parado 8.3s
[16:38:55.821] INFO      Velocidade: muito rápido (0 sprite(s) na tela) | tecla contínua, previsão 100 ms
[16:38:55.822] DECISÃO   Teclas W | pos (41, 97) -> alvo (33.899726520576735, 79.2434097962794) | similaridade 1.00 (rastreio)
[16:38:56.031] DECISÃO   Teclas A+W | pos (41, 95) -> alvo (33.53978326555848, 78.05637611720303) | similaridade 1.00 (rastreio)
[16:38:56.454] DECISÃO   Teclas W | pos (39, 93) -> alvo (32.9123957663555, 75.12478105854052) | similaridade 1.00 (rastreio)
[16:38:56.564] BOLA      Shiny (Premier Ball): toque na tecla SPACE em (1218, 513) | similaridade 0.79 | 0.795s depois da captura | ajuste +0,+0 px
[16:38:57.553] BOLA      Shiny (Premier Ball): toque na tecla SPACE em (1286, 673) | similaridade 0.78 | 0.898s depois da captura | ajuste +0,+0 px
[16:38:57.749] BOLA      Shiny (Premier Ball): toque na tecla SPACE em (1286, 764) | similaridade 0.78 | 1.093s depois da captura | ajuste +0,+0 px
[16:38:57.844] DECISÃO   Teclas A+W | pos (39, 85) -> alvo (32.75307586334097, 70.79510143617965) | similaridade 1.00 (rastreio)
[16:38:57.996] BOLA      Shiny (Premier Ball): toque na tecla SPACE em (1195, 673) | similaridade 0.71 | 1.340s depois da captura | ajuste +0,+0 px
[16:38:58.474] DECISÃO   Teclas W | pos (37, 83) -> alvo (33.931054152851324, 66.8046587978182) | similaridade 1.00 (rastreio)
[16:38:59.050] DETECÇÃO  1 sprite(s) na tela (melhor similaridade 0.97; para com >= 4)
[16:38:59.190] INFO      Velocidade: rápido (1 sprite(s) na tela) | passo de 200 ms, previsão 50 ms
[16:38:59.990] DETECÇÃO  2 sprite(s) na tela (melhor similaridade 0.98; para com >= 4)
[16:39:00.935] DETECÇÃO  3 sprite(s) na tela (melhor similaridade 0.98; para com >= 4)
[16:39:01.073] DECISÃO   Teclas D+W | pos (37, 71) -> alvo (42.65784494785192, 59.50372281568208) | similaridade 1.00 (rastreio)
[16:39:01.376] TIRO      Vida 98% (≤ 99%): tecla G
[16:39:01.959] DETECÇÃO  5 sprite(s) na tela (melhor similaridade 0.98; para com >= 4)
[16:39:02.058] TIRO      Vida 98% (≤ 99%): tecla G
[16:39:02.059] PAROU     Parou: 5 sprites na tela (limite 4)
[16:39:02.728] TIRO      Tiro inicial: tecla P em (1442, 518) na tela, na sprite mais distante (639 px do pokémon, 5 sprite(s) na tela)
[16:39:02.729] INFO      Shooter ligado: atira com a tecla P na sprite além de 380 px do pokémon que ficar parada por 0.8s (oscilação até 20 px)
[16:39:02.747] DETECÇÃO  Shooter: 3 sprite(s) além de 380 px do pokémon (a mais distante: 639 px) | vigiando
[16:39:03.195] DETECÇÃO  Vida do pokémon: 90%
[16:39:03.247] TIRO      Vida 90% (≤ 99%): tecla G
[16:39:03.802] DETECÇÃO  Shooter: 1 sprite(s) além de 380 px do pokémon (a mais distante: 414 px) | vigiando
[16:39:04.278] TIRO      Vida 86% (≤ 88%): tecla F
[16:39:05.294] DETECÇÃO  Vida do pokémon: 82%
[16:39:05.345] TIRO      Vida 82% (≤ 88%): tecla F
[16:39:05.935] DETECÇÃO  Shooter: 2 sprite(s) além de 380 px do pokémon (a mais distante: 460 px) | vigiando
[16:39:06.415] TIRO      Vida 80% (≤ 88%): tecla F
[16:39:06.435] DETECÇÃO  Shooter: 0 sprite(s) além de 380 px do pokémon | vigiando
[16:39:06.435] INFO      Shooter: todas as 5 sprite(s) dentro de 380 px; confirmo por 1.5s antes de dar o R
[16:39:06.926] TIRO      Vida 80% (≤ 88%): tecla F
[16:39:07.881] TIRO      Vida 80% (≤ 88%): tecla F
[16:39:08.331] DETECÇÃO  Vida do pokémon: 77%
[16:39:08.351] DETECÇÃO  Shooter: 1 sprite(s) além de 380 px do pokémon (a mais distante: 452 px) | vigiando
[16:39:08.352] ALERTA    Shooter: apareceu/ficou sprite além de 380 px durante a confirmação; o R NÃO foi dado, espero todas entrarem de novo
[16:39:08.754] DETECÇÃO  6 sprite(s) na tela (melhor similaridade 0.98; para com >= 4)
[16:39:08.847] TIRO      Vida 75% (≤ 88%): tecla F
[16:39:09.817] DETECÇÃO  7 sprite(s) na tela (melhor similaridade 0.98; para com >= 4)
[16:39:09.915] TIRO      Vida 75% (≤ 88%): tecla F
[16:39:09.941] DETECÇÃO  Shooter: 0 sprite(s) além de 380 px do pokémon | vigiando
[16:39:09.942] INFO      Shooter: todas as 7 sprite(s) dentro de 380 px; confirmo por 1.5s antes de dar o R
[16:39:10.472] TIRO      Vida 73% (≤ 88%): tecla F
[16:39:11.486] DETECÇÃO  Vida do pokémon: 66%
[16:39:11.538] TIRO      Vida 66% (≤ 88%): tecla F
[16:39:12.153] TIRO      Todas as 7 sprite(s) dentro de 380 px: sequência R (repetido por 1.0s) e, 0.50s depois do R, revive (E)
[16:39:12.583] DETECÇÃO  Vida do pokémon: 60%
[16:39:12.634] TIRO      Vida 60% (≤ 88%): tecla F
[16:39:13.157] TIRO      Shooter: R apertado 7x em 1.00s
[16:39:13.400] BOLA      Shiny (Premier Ball): toque na tecla SPACE em (1492, 422) | similaridade 0.72 | 0.692s depois da captura | ajuste +0,+0 px
[16:39:13.598] DETECÇÃO  0 sprite(s) na tela (melhor similaridade 0.22; para com >= 4)
[16:39:13.713] TIRO      Vida 60% (≤ 88%): tecla F
[16:39:13.719] TIRO      Revive: toque rápido em E e verifico a foto por 2.5s — tentativa 1/3
[16:39:14.272] DETECÇÃO  Vida do pokémon: 70%
[16:39:14.315] BOLA      Shiny (Premier Ball): toque na tecla SPACE em (1309, 422) | similaridade 0.76 | 0.833s depois da captura | ajuste +0,+0 px
[16:39:14.362] TIRO      Vida 70% (≤ 88%): tecla F
[16:39:14.400] INFO      Revive confirmado: a foto mudou (1.1% dos pixels) após 0.7s e 1 toque(s) no E (E saiu 0.56s depois do R)
[16:39:14.401] INFO      Shooter: procedimento concluído (R repetido + E); o bot volta a andar
[16:39:14.467] BOLA      Shiny (Premier Ball): toque na tecla SPACE em (1309, 513) | similaridade 0.75 | 0.985s depois da captura | ajuste +0,+0 px
[16:39:14.643] BOLA      Shiny (Premier Ball): toque na tecla SPACE em (1492, 513) | similaridade 0.75 | 1.162s depois da captura | ajuste +0,+0 px
[16:39:15.385] DETECÇÃO  Vida do pokémon: 100%
[16:39:15.386] RETOMOU   Voltou a andar: 0 sprites (limite 4), ficou parado 13.3s
[16:39:15.429] BOLA      Shiny (Premier Ball): toque na tecla SPACE em (1492, 605) | similaridade 0.90 | 0.705s depois da captura | ajuste +0,+0 px
[16:39:15.430] INFO      Velocidade: muito rápido (0 sprite(s) na tela) | tecla contínua, previsão 100 ms
[16:39:15.431] DECISÃO   Teclas D+W | pos (41, 69) -> alvo (47.190558064576685, 57.5505002757757) | similaridade 1.00 (rastreio)
[16:39:15.613] BOLA      Shiny (Premier Ball): toque na tecla SPACE em (1309, 422) | similaridade 0.86 | 0.888s depois da captura | ajuste +0,+0 px
[16:39:15.795] BOLA      Shiny (Premier Ball): toque na tecla SPACE em (1309, 605) | similaridade 0.85 | 1.071s depois da captura | ajuste +0,+0 px
[16:39:15.953] BOLA      Shiny (Premier Ball): toque na tecla SPACE em (1401, 605) | similaridade 0.84 | 1.228s depois da captura | ajuste +0,+0 px
[16:39:16.197] BOLA      Shiny (Premier Ball): toque na tecla SPACE em (1309, 513) | similaridade 0.83 | 1.472s depois da captura | ajuste +0,+0 px
[16:39:17.136] BOLA      Shiny (Premier Ball): toque na tecla SPACE em (1281, 725) | similaridade 0.86 | 0.845s depois da captura | ajuste +0,+0 px
[16:39:17.403] DECISÃO   Teclas W | pos (49, 61) -> alvo (53.12207039397036, 49.56204885554972) | similaridade 1.00 (rastreio)
[16:39:17.974] BOLA      Shiny (Premier Ball): toque na tecla SPACE em (1035, 696) | similaridade 0.86 | 0.755s depois da captura | ajuste +0,+0 px
[16:39:18.010] DETECÇÃO  1 sprite(s) na tela (melhor similaridade 0.99; para com >= 4)
[16:39:18.119] INFO      Velocidade: rápido (1 sprite(s) na tela) | passo de 200 ms, previsão 50 ms
[16:39:18.119] DECISÃO   Teclas D+W | pos (49, 57) -> alvo (54.23730052644863, 46.86354969228239) | similaridade 1.00 (rastreio)
[16:39:18.153] BOLA      Shiny (Premier Ball): toque na tecla SPACE em (1127, 879) | similaridade 0.86 | 0.934s depois da captura | ajuste +0,+0 px
[16:39:18.878] BOLA      Shiny (Premier Ball): toque na tecla SPACE em (944, 944) | similaridade 0.88 | 0.651s depois da captura | ajuste +0,+0 px
[16:39:19.660] DECISÃO   Teclas W | pos (53, 53) -> alvo (60.545620993531976, 33.62685124522484) | similaridade 1.00 (rastreio)
[16:39:20.009] DECISÃO   Teclas D+W | pos (53, 51) -> alvo (63.84170489856807, 29.940524111835973) | similaridade 1.00 (rastreio)
[16:39:21.466] DETECÇÃO  2 sprite(s) na tela (melhor similaridade 0.99; para com >= 4)
[16:39:22.831] TIRO      Vida 95% (≤ 99%): tecla G
[16:39:23.405] DETECÇÃO  3 sprite(s) na tela (melhor similaridade 0.99; para com >= 4)
[16:39:23.503] TIRO      Vida 95% (≤ 99%): tecla G
[16:39:24.080] DETECÇÃO  5 sprite(s) na tela (melhor similaridade 0.99; para com >= 4)
[16:39:24.186] TIRO      Vida 95% (≤ 99%): tecla G
[16:39:24.187] PAROU     Parou: 5 sprites na tela (limite 4)
[16:39:24.861] TIRO      Tiro inicial: tecla P em (1716, 464) na tela, na sprite mais distante (1043 px do pokémon, 5 sprite(s) na tela)
[16:39:24.861] INFO      Shooter ligado: atira com a tecla P na sprite além de 380 px do pokémon que ficar parada por 0.8s (oscilação até 20 px)
[16:39:24.879] DETECÇÃO  Shooter: 3 sprite(s) além de 380 px do pokémon (a mais distante: 1043 px) | vigiando
[16:39:25.335] DETECÇÃO  Vida do pokémon: 94%
[16:39:25.387] TIRO      Vida 94% (≤ 99%): tecla G
[16:39:26.406] DETECÇÃO  6 sprite(s) na tela (melhor similaridade 0.98; para com >= 4)
[16:39:26.499] TIRO      Vida 94% (≤ 99%): tecla G
[16:39:27.108] DETECÇÃO  Shooter: 2 sprite(s) além de 380 px do pokémon (a mais distante: 562 px) | vigiando
[16:39:27.552] DETECÇÃO  Vida do pokémon: 85%
[16:39:27.608] TIRO      Vida 85% (≤ 88%): tecla F
[16:39:28.165] DETECÇÃO  Shooter: 3 sprite(s) além de 380 px do pokémon (a mais distante: 456 px) | vigiando
[16:39:28.637] DETECÇÃO  Vida do pokémon: 75%
[16:39:28.690] TIRO      Vida 75% (≤ 88%): tecla F
[16:39:29.323] DETECÇÃO  Shooter: 4 sprite(s) além de 380 px do pokémon (a mais distante: 644 px) | vigiando
[16:39:29.776] DETECÇÃO  Vida do pokémon: 66%
[16:39:29.829] TIRO      Vida 66% (≤ 88%): tecla F
[16:39:29.856] DETECÇÃO  Shooter: 2 sprite(s) além de 380 px do pokémon (a mais distante: 493 px) | vigiando
[16:39:30.339] TIRO      Vida 66% (≤ 88%): tecla F
[16:39:30.907] DETECÇÃO  Shooter: 1 sprite(s) além de 380 px do pokémon (a mais distante: 499 px) | vigiando
[16:39:31.408] TIRO      Vida 66% (≤ 88%): tecla F
[16:39:32.343] TIRO      Vida 62% (≤ 88%): tecla F
[16:39:33.377] DETECÇÃO  7 sprite(s) na tela (melhor similaridade 0.98; para com >= 4)
[16:39:33.430] DETECÇÃO  Vida do pokémon: 59%
[16:39:33.482] TIRO      Vida 59% (≤ 88%): tecla F
[16:39:33.505] DETECÇÃO  Shooter: 0 sprite(s) além de 380 px do pokémon | vigiando
[16:39:33.506] INFO      Shooter: todas as 7 sprite(s) dentro de 380 px; confirmo por 1.5s antes de dar o R
[16:39:33.904] DETECÇÃO  5 sprite(s) na tela (melhor similaridade 0.98; para com >= 4)
[16:39:33.941] DETECÇÃO  Vida do pokémon: 53%
[16:39:33.993] TIRO      Vida 53% (≤ 88%): tecla F
[16:39:34.495] TIRO      Vida 50% (≤ 88%): tecla F
[16:39:35.083] TIRO      Todas as 5 sprite(s) dentro de 380 px: sequência R (repetido por 1.0s) e, 0.50s depois do R, revive (E)
[16:39:35.556] TIRO      Vida 51% (≤ 88%): tecla F
[16:39:35.977] DETECÇÃO  0 sprite(s) na tela (melhor similaridade 0.23; para com >= 4)
[16:39:36.085] TIRO      Vida 50% (≤ 88%): tecla F
[16:39:36.095] TIRO      Shooter: R apertado 7x em 1.01s
[16:39:36.676] TIRO      Revive: toque rápido em E e verifico a foto por 2.5s — tentativa 1/3
[16:39:36.729] TIRO      Vida 50% (≤ 88%): tecla F
[16:39:37.378] INFO      Revive confirmado: a foto mudou (2.2% dos pixels) após 0.7s e 1 toque(s) no E (E saiu 0.58s depois do R)
[16:39:37.379] INFO      Shooter: procedimento concluído (R repetido + E); o bot volta a andar
[16:39:37.530] BOLA      Shiny (Premier Ball): toque na tecla SPACE em (1675, 331) | similaridade 0.80 | 0.986s depois da captura | ajuste +0,+0 px
[16:39:37.683] BOLA      Shiny (Premier Ball): toque na tecla SPACE em (1583, 513) | similaridade 0.76 | 1.139s depois da captura | ajuste +0,+0 px
[16:39:37.837] BOLA      Shiny (Premier Ball): toque na tecla SPACE em (1583, 331) | similaridade 0.74 | 1.293s depois da captura | ajuste +0,+0 px
[16:39:38.046] DETECÇÃO  Vida do pokémon: 100%
[16:39:38.047] RETOMOU   Voltou a andar: 0 sprites (limite 4), ficou parado 13.9s
[16:39:38.108] INFO      Velocidade: muito rápido (0 sprite(s) na tela) | tecla contínua, previsão 100 ms
[16:39:38.109] DECISÃO   Teclas D+W | pos (65, 39) -> alvo (83.26060128135896, 25.123367721133476) | similaridade 1.00 (rastreio)
[16:39:38.307] DECISÃO   Teclas D | pos (67, 37) -> alvo (87.14984528111933, 27.05690092777891) | similaridade 1.00 (rastreio)
[16:39:38.427] DECISÃO   Teclas D+W | pos (67, 37) -> alvo (87.14984528111933, 27.05690092777891) | similaridade 1.00 (rastreio)
[16:39:38.673] BOLA      Shiny (Premier Ball): toque na tecla SPACE em (1583, 331) | similaridade 0.87 | 0.758s depois da captura | ajuste +0,+0 px
[16:39:38.854] BOLA      Shiny (Premier Ball): toque na tecla SPACE em (1675, 513) | similaridade 0.79 | 0.940s depois da captura | ajuste +0,+0 px
[16:39:38.874] DECISÃO   Teclas D | pos (69, 35) -> alvo (88.8595149402036, 28.338318175244964) | similaridade 1.00 (rastreio)
[16:39:39.055] BOLA      Shiny (Premier Ball): toque na tecla SPACE em (1583, 422) | similaridade 0.77 | 1.140s depois da captura | ajuste +0,+0 px
[16:39:40.053] BOLA      Shiny (Premier Ball): toque na tecla SPACE em (1620, 659) | similaridade 0.88 | 0.912s depois da captura | ajuste +0,+0 px
[16:39:40.173] DETECÇÃO  1 sprite(s) na tela (melhor similaridade 0.99; para com >= 4)
[16:39:40.256] BOLA      Shiny (Premier Ball): toque na tecla SPACE em (1620, 476) | similaridade 0.86 | 1.116s depois da captura | ajuste +0,+0 px
[16:39:40.275] INFO      Velocidade: rápido (1 sprite(s) na tela) | passo de 200 ms, previsão 50 ms
[16:39:40.427] BOLA      Shiny (Premier Ball): toque na tecla SPACE em (1529, 659) | similaridade 0.85 | 1.286s depois da captura | ajuste +0,+0 px
[16:39:40.659] BOLA      Shiny (Premier Ball): toque na tecla SPACE em (1438, 476) | similaridade 0.85 | 1.518s depois da captura | ajuste +0,+0 px
[16:39:40.829] BOLA      Shiny (Premier Ball): toque na tecla SPACE em (1438, 568) | similaridade 0.84 | 1.688s depois da captura | ajuste +0,+0 px
[16:39:41.060] DETECÇÃO  2 sprite(s) na tela (melhor similaridade 0.98; para com >= 4)
[16:39:41.161] DECISÃO   Teclas D+S | pos (81, 35) -> alvo (99.43753493378676, 43.71285892660043) | similaridade 1.00 (rastreio)
[16:39:41.619] BOLA      Shiny (Premier Ball): toque na tecla SPACE em (1064, 696) | similaridade 0.93 | 0.705s depois da captura | ajuste +0,+0 px
[16:39:41.775] BOLA      Shiny (Premier Ball): toque na tecla SPACE em (1064, 513) | similaridade 0.86 | 0.861s depois da captura | ajuste +0,+0 px
[16:39:41.932] BOLA      Shiny (Premier Ball): toque na tecla SPACE em (881, 605) | similaridade 0.85 | 1.018s depois da captura | ajuste +0,+0 px
[16:39:41.950] DETECÇÃO  1 sprite(s) na tela (melhor similaridade 0.98; para com >= 4)
[16:39:42.092] BOLA      Shiny (Premier Ball): toque na tecla SPACE em (973, 696) | similaridade 0.82 | 1.178s depois da captura | ajuste +0,+0 px
[16:39:42.296] DECISÃO   Teclas D | pos (85, 41) -> alvo (110.66349417282152, 51.22789759784065) | similaridade 1.00 (rastreio)
[16:39:42.788] DETECÇÃO  3 sprite(s) na tela (melhor similaridade 0.98; para com >= 4)
[16:39:42.874] BOLA      Shiny (Premier Ball): toque na tecla SPACE em (941, 328) | similaridade 0.93 | 0.706s depois da captura | ajuste +0,+0 px
[16:39:43.027] BOLA      Shiny (Premier Ball): toque na tecla SPACE em (758, 328) | similaridade 0.85 | 0.859s depois da captura | ajuste +0,+0 px
[16:39:43.178] DECISÃO   Teclas D+S | pos (87, 41) -> alvo (110.66349417282152, 51.22789759784065) | similaridade 1.00 (rastreio)
[16:39:43.181] BOLA      Shiny (Premier Ball): toque na tecla SPACE em (758, 419) | similaridade 0.82 | 1.012s depois da captura | ajuste +0,+0 px
[16:39:43.764] DECISÃO   Teclas D | pos (89, 43) -> alvo (110.66349417282152, 51.22789759784065) | similaridade 1.00 (rastreio)
[16:39:43.939] BOLA      Shiny (Premier Ball): toque na tecla SPACE em (761, 240) | similaridade 0.86 | 0.677s depois da captura | ajuste +0,+0 px
[16:39:44.079] DECISÃO   Teclas D+S | pos (91, 43) -> alvo (110.66349417282152, 51.22789759784065) | similaridade 1.00 (rastreio)
[16:39:44.161] BOLA      Shiny (Premier Ball): toque na tecla SPACE em (579, 331) | similaridade 0.85 | 0.900s depois da captura | ajuste +0,+0 px
[16:39:44.326] BOLA      Shiny (Premier Ball): toque na tecla SPACE em (579, 240) | similaridade 0.85 | 1.064s depois da captura | ajuste +0,+0 px
[16:39:44.701] TIRO      Vida 95% (≤ 99%): tecla G
[16:39:44.770] DECISÃO   Teclas D | pos (93, 45) -> alvo (114.05795472259011, 53.109285742921955) | similaridade 1.00 (rastreio)
[16:39:45.300] DETECÇÃO  Vida do pokémon: 90%
[16:39:45.354] TIRO      Vida 90% (≤ 99%): tecla G
[16:39:45.419] DECISÃO   Teclas D+S | pos (95, 45) -> alvo (119.24163687066725, 56.56582074632516) | similaridade 1.00 (rastreio)
[16:39:46.022] TIRO      Vida 90% (≤ 99%): tecla G
[16:39:46.597] DETECÇÃO  4 sprite(s) na tela (melhor similaridade 0.99; para com >= 4)
[16:39:46.689] TIRO      Vida 85% (≤ 88%): tecla F
[16:39:46.690] PAROU     Parou: 4 sprites na tela (limite 4)
[16:39:47.319] TIRO      Tiro inicial: tecla P em (1324, 783) na tela, na sprite mais distante (677 px do pokémon, 4 sprite(s) na tela)
[16:39:47.320] INFO      Shooter ligado: atira com a tecla P na sprite além de 380 px do pokémon que ficar parada por 0.8s (oscilação até 20 px)
[16:39:47.338] DETECÇÃO  Shooter: 1 sprite(s) além de 380 px do pokémon (a mais distante: 677 px) | vigiando
[16:39:47.736] DETECÇÃO  5 sprite(s) na tela (melhor similaridade 0.98; para com >= 4)
[16:39:47.837] TIRO      Vida 85% (≤ 88%): tecla F
[16:39:47.858] DETECÇÃO  Shooter: 2 sprite(s) além de 380 px do pokémon (a mais distante: 996 px) | vigiando
[16:39:48.234] DETECÇÃO  6 sprite(s) na tela (melhor similaridade 0.99; para com >= 4)
[16:39:49.323] TIRO      Vida 86% (≤ 88%): tecla F
[16:39:50.299] DETECÇÃO  7 sprite(s) na tela (melhor similaridade 0.99; para com >= 4)
[16:39:50.341] DETECÇÃO  Vida do pokémon: 83%
[16:39:50.393] TIRO      Vida 83% (≤ 88%): tecla F
[16:39:50.948] DETECÇÃO  Shooter: 5 sprite(s) além de 380 px do pokémon (a mais distante: 899 px) | vigiando
[16:39:51.430] TIRO      Vida 83% (≤ 88%): tecla F
[16:39:51.447] DETECÇÃO  Shooter: 4 sprite(s) além de 380 px do pokémon (a mais distante: 787 px) | vigiando
[16:39:51.830] DETECÇÃO  8 sprite(s) na tela (melhor similaridade 0.99; para com >= 4)
[16:39:51.895] DETECÇÃO  Shooter: 3 sprite(s) além de 380 px do pokémon (a mais distante: 709 px) | vigiando
[16:39:52.377] TIRO      Vida 79% (≤ 88%): tecla F
[16:39:52.395] DETECÇÃO  Shooter: 2 sprite(s) além de 380 px do pokémon (a mais distante: 636 px) | vigiando
[16:39:52.865] DETECÇÃO  Vida do pokémon: 73%
[16:39:52.918] TIRO      Vida 73% (≤ 88%): tecla F
[16:39:53.509] DETECÇÃO  Shooter: 1 sprite(s) além de 380 px do pokémon (a mais distante: 562 px) | vigiando
[16:39:53.947] DETECÇÃO  Vida do pokémon: 59%
[16:39:54.000] TIRO      Vida 59% (≤ 88%): tecla F
[16:39:54.547] DETECÇÃO  Shooter: 0 sprite(s) além de 380 px do pokémon | vigiando
[16:39:54.548] INFO      Shooter: todas as 8 sprite(s) dentro de 380 px; confirmo por 1.5s antes de dar o R
[16:39:55.046] TIRO      Vida 54% (≤ 88%): tecla F
[16:39:56.077] DETECÇÃO  Vida do pokémon: 50%
[16:39:56.130] TIRO      Vida 50% (≤ 88%): tecla F
[16:39:56.154] TIRO      Todas as 8 sprite(s) dentro de 380 px: sequência R (repetido por 1.0s) e, 0.50s depois do R, revive (E)
[16:39:56.538] DETECÇÃO  7 sprite(s) na tela (melhor similaridade 0.98; para com >= 4)
[16:39:56.634] TIRO      Vida 51% (≤ 88%): tecla F
[16:39:57.170] TIRO      Shooter: R apertado 7x em 1.02s
[16:39:57.625] DETECÇÃO  0 sprite(s) na tela (melhor similaridade 0.22; para com >= 4)
[16:39:57.724] TIRO      Vida 51% (≤ 88%): tecla F
[16:39:57.729] TIRO      Revive: toque rápido em E e verifico a foto por 2.5s — tentativa 1/3
[16:39:58.364] INFO      Revive confirmado: a foto mudou (2.5% dos pixels) após 0.6s e 1 toque(s) no E (E saiu 0.56s depois do R)
[16:39:58.365] INFO      Shooter: procedimento concluído (R repetido + E); o bot volta a andar
[16:39:58.777] BOLA      Shiny (Premier Ball): toque na tecla SPACE em (1218, 696) | similaridade 0.93 | 0.876s depois da captura | ajuste +0,+0 px
[16:39:58.931] BOLA      Shiny (Premier Ball): toque na tecla SPACE em (1309, 696) | similaridade 0.87 | 1.030s depois da captura | ajuste +0,+0 px
[16:39:58.997] DETECÇÃO  Vida do pokémon: 100%
[16:39:58.998] RETOMOU   Voltou a andar: 0 sprites (limite 4), ficou parado 12.3s
[16:39:59.061] INFO      Velocidade: muito rápido (0 sprite(s) na tela) | tecla contínua, previsão 100 ms
[16:39:59.062] DECISÃO   Teclas D | pos (99, 49) -> alvo (120.90165986482825, 57.93963241770944) | similaridade 1.00 (rastreio)
[16:39:59.108] BOLA      Shiny (Premier Ball): toque na tecla SPACE em (1492, 787) | similaridade 0.85 | 1.207s depois da captura | ajuste +0,+0 px
[16:39:59.262] DECISÃO   Teclas D+S | pos (101, 49) -> alvo (120.90165986482825, 57.93963241770944) | similaridade 1.00 (rastreio)
[16:39:59.308] BOLA      Shiny (Premier Ball): toque na tecla SPACE em (1218, 879) | similaridade 0.85 | 1.406s depois da captura | ajuste +0,+0 px
[16:39:59.476] BOLA      Shiny (Premier Ball): toque na tecla SPACE em (1401, 879) | similaridade 0.79 | 1.575s depois da captura | ajuste +0,+0 px
[16:40:00.330] BOLA      Shiny (Premier Ball): toque na tecla SPACE em (1292, 679) | similaridade 0.92 | 0.776s depois da captura | ajuste +0,+0 px
[16:40:00.483] BOLA      Shiny (Premier Ball): toque na tecla SPACE em (1201, 679) | similaridade 0.88 | 0.929s depois da captura | ajuste +0,+0 px
[16:40:00.676] BOLA      Shiny (Premier Ball): toque na tecla SPACE em (1292, 861) | similaridade 0.87 | 1.122s depois da captura | ajuste +0,+0 px
[16:40:00.860] BOLA      Shiny (Premier Ball): toque na tecla SPACE em (1201, 861) | similaridade 0.82 | 1.306s depois da captura | ajuste +0,+0 px
[16:40:01.766] BOLA      Shiny (Premier Ball): toque na tecla SPACE em (1092, 479) | similaridade 0.88 | 0.827s depois da captura | ajuste +0,+0 px
[16:40:01.918] BOLA      Shiny (Premier Ball): toque na tecla SPACE em (1001, 479) | similaridade 0.87 | 0.980s depois da captura | ajuste +0,+0 px
[16:40:02.110] BOLA      Shiny (Premier Ball): toque na tecla SPACE em (1092, 662) | similaridade 0.87 | 1.172s depois da captura | ajuste +0,+0 px
[16:40:02.279] BOLA      Shiny (Premier Ball): toque na tecla SPACE em (1001, 662) | similaridade 0.85 | 1.340s depois da captura | ajuste +0,+0 px
[16:40:03.181] BOLA      Shiny (Premier Ball): toque na tecla SPACE em (887, 274) | similaridade 0.93 | 0.823s depois da captura | ajuste +0,+0 px
[16:40:03.251] DETECÇÃO  1 sprite(s) na tela (melhor similaridade 0.98; para com >= 4)
[16:40:03.350] BOLA      Shiny (Premier Ball): toque na tecla SPACE em (887, 456) | similaridade 0.88 | 0.992s depois da captura | ajuste +0,+0 px
[16:40:03.366] INFO      Velocidade: rápido (1 sprite(s) na tela) | passo de 200 ms, previsão 50 ms
[16:40:03.503] BOLA      Shiny (Premier Ball): toque na tecla SPACE em (796, 274) | similaridade 0.81 | 1.145s depois da captura | ajuste +0,+0 px
[16:40:03.697] BOLA      Shiny (Premier Ball): toque na tecla SPACE em (796, 456) | similaridade 0.80 | 1.339s depois da captura | ajuste +0,+0 px
[16:40:04.144] DETECÇÃO  2 sprite(s) na tela (melhor similaridade 0.97; para com >= 4)
[16:40:04.443] BOLA      Shiny (Premier Ball): toque na tecla SPACE em (681, 251) | similaridade 0.89 | 0.671s depois da captura | ajuste +0,+0 px
[16:40:04.598] BOLA      Shiny (Premier Ball): toque na tecla SPACE em (590, 251) | similaridade 0.86 | 0.826s depois da captura | ajuste +0,+0 px
[16:40:04.750] BOLA      Shiny (Premier Ball): toque na tecla SPACE em (499, 160) | similaridade 0.85 | 0.978s depois da captura | ajuste +0,+0 px
[16:40:05.618] BOLA      Shiny (Premier Ball): toque na tecla SPACE em (579, 148) | similaridade 0.86 | 0.779s depois da captura | ajuste +0,+0 px
[16:40:06.429] DECISÃO   Teclas S | pos (121, 69) -> alvo (126.88745213160183, 88.77380171960996) | similaridade 1.00 (rastreio)
[16:40:06.935] DETECÇÃO  3 sprite(s) na tela (melhor similaridade 0.98; para com >= 4)
[16:40:07.875] DETECÇÃO  4 sprite(s) na tela (melhor similaridade 0.98; para com >= 4)
[16:40:07.974] TIRO      Vida 95% (≤ 99%): tecla G
[16:40:07.976] PAROU     Parou: 4 sprites na tela (limite 4)
[16:40:08.687] TIRO      Tiro inicial: tecla P em (1602, 398) na tela, na sprite mais distante (828 px do pokémon, 4 sprite(s) na tela)
[16:40:08.688] INFO      Shooter ligado: atira com a tecla P na sprite além de 380 px do pokémon que ficar parada por 0.8s (oscilação até 20 px)
[16:40:08.706] DETECÇÃO  Shooter: 1 sprite(s) além de 380 px do pokémon (a mais distante: 828 px) | vigiando
[16:40:09.091] DETECÇÃO  5 sprite(s) na tela (melhor similaridade 0.98; para com >= 4)
[16:40:09.141] DETECÇÃO  Vida do pokémon: 85%
[16:40:09.193] TIRO      Vida 85% (≤ 88%): tecla F
[16:40:09.215] DETECÇÃO  Shooter: 2 sprite(s) além de 380 px do pokémon (a mais distante: 689 px) | vigiando
[16:40:09.694] TIRO      Vida 86% (≤ 88%): tecla F
[16:40:10.245] DETECÇÃO  Shooter: 1 sprite(s) além de 380 px do pokémon (a mais distante: 477 px) | vigiando
[16:40:10.751] TIRO      Vida 86% (≤ 88%): tecla F
[16:40:11.343] DETECÇÃO  Shooter: 2 sprite(s) além de 380 px do pokémon (a mais distante: 535 px) | vigiando
[16:40:11.848] TIRO      Vida 82% (≤ 88%): tecla F
[16:40:12.863] DETECÇÃO  Vida do pokémon: 79%
[16:40:12.915] TIRO      Vida 79% (≤ 88%): tecla F
[16:40:13.500] DETECÇÃO  Shooter: 0 sprite(s) além de 380 px do pokémon | vigiando
[16:40:13.502] INFO      Shooter: todas as 5 sprite(s) dentro de 380 px; confirmo por 1.5s antes de dar o R
[16:40:14.014] TIRO      Vida 79% (≤ 88%): tecla F
[16:40:14.517] TIRO      Vida 79% (≤ 88%): tecla F
[16:40:15.017] TIRO      Vida 77% (≤ 88%): tecla F
[16:40:15.575] TIRO      Todas as 5 sprite(s) dentro de 380 px: sequência R (repetido por 1.0s) e, 0.50s depois do R, revive (E)
[16:40:16.035] DETECÇÃO  Vida do pokémon: 63%
[16:40:16.088] TIRO      Vida 63% (≤ 88%): tecla F
[16:40:16.480] DETECÇÃO  0 sprite(s) na tela (melhor similaridade 0.22; para com >= 4)
[16:40:16.586] TIRO      Shooter: R apertado 7x em 1.01s
[16:40:17.170] TIRO      Revive: toque rápido em E e verifico a foto por 2.5s — tentativa 1/3
[16:40:17.667] DETECÇÃO  Vida do pokémon: 84%
[16:40:17.746] TIRO      Vida 84% (≤ 88%): tecla F
[16:40:17.903] INFO      Revive confirmado: a foto mudou (0.7% dos pixels) após 0.7s e 1 toque(s) no E (E saiu 0.55s depois do R)
[16:40:17.904] INFO      Shooter: procedimento concluído (R repetido + E); o bot volta a andar
[16:40:18.373] BOLA      Shiny (Premier Ball): toque na tecla SPACE em (1492, 422) | similaridade 0.84 | 0.850s depois da captura | ajuste +0,+0 px
[16:40:18.564] BOLA      Shiny (Premier Ball): toque na tecla SPACE em (1583, 331) | similaridade 0.80 | 1.042s depois da captura | ajuste +0,+0 px
[16:40:18.777] BOLA      Shiny (Premier Ball): toque na tecla SPACE em (1583, 513) | similaridade 0.75 | 1.255s depois da captura | ajuste +0,+0 px
[16:40:18.784] DETECÇÃO  Vida do pokémon: 100%
[16:40:18.785] RETOMOU   Voltou a andar: 0 sprites (limite 4), ficou parado 10.8s
[16:40:18.880] INFO      Velocidade: muito rápido (0 sprite(s) na tela) | tecla contínua, previsão 100 ms
[16:40:18.881] DECISÃO   Teclas S | pos (121, 73) -> alvo (123.0, 92.0) | similaridade 1.00 (rastreio)
[16:40:19.660] BOLA      Shiny (Premier Ball): toque na tecla SPACE em (1583, 331) | similaridade 0.85 | 0.804s depois da captura | ajuste +0,+0 px
[16:40:20.124] DETECÇÃO  1 sprite(s) na tela (melhor similaridade 0.97; para com >= 4)
[16:40:20.235] INFO      Velocidade: rápido (1 sprite(s) na tela) | passo de 200 ms, previsão 50 ms
[16:40:21.006] DETECÇÃO  3 sprite(s) na tela (melhor similaridade 0.98; para com >= 4)
[16:40:22.707] DETECÇÃO  4 sprite(s) na tela (melhor similaridade 0.98; para com >= 4)
[16:40:22.759] PAROU     Parou: 4 sprites na tela (limite 4)
[16:40:23.551] TIRO      Tiro inicial: tecla P em (686, 851) na tela, na sprite mais distante (432 px do pokémon, 4 sprite(s) na tela)
[16:40:23.551] INFO      Shooter ligado: atira com a tecla P na sprite além de 380 px do pokémon que ficar parada por 0.8s (oscilação até 20 px)
[16:40:23.570] DETECÇÃO  Shooter: 1 sprite(s) além de 380 px do pokémon (a mais distante: 432 px) | vigiando
[16:40:24.551] DETECÇÃO  Shooter: 0 sprite(s) além de 380 px do pokémon | vigiando
[16:40:24.552] INFO      Shooter: todas as 4 sprite(s) dentro de 380 px; confirmo por 1.5s antes de dar o R
[16:40:24.927] DETECÇÃO  5 sprite(s) na tela (melhor similaridade 0.98; para com >= 4)
[16:40:25.569] DETECÇÃO  Shooter: 2 sprite(s) além de 380 px do pokémon (a mais distante: 541 px) | vigiando
[16:40:25.570] ALERTA    Shooter: apareceu/ficou sprite além de 380 px durante a confirmação; o R NÃO foi dado, espero todas entrarem de novo
[16:40:26.075] TIRO      Vida 98% (≤ 99%): tecla G
[16:40:27.130] TIRO      Vida 95% (≤ 99%): tecla G
[16:40:27.708] DETECÇÃO  Shooter: 1 sprite(s) além de 380 px do pokémon (a mais distante: 431 px) | vigiando
[16:40:28.083] DETECÇÃO  6 sprite(s) na tela (melhor similaridade 0.98; para com >= 4)
[16:40:28.130] DETECÇÃO  Vida do pokémon: 92%
[16:40:28.183] TIRO      Vida 92% (≤ 99%): tecla G
[16:40:28.202] DETECÇÃO  Shooter: 0 sprite(s) além de 380 px do pokémon | vigiando
[16:40:28.203] INFO      Shooter: todas as 6 sprite(s) dentro de 380 px; confirmo por 1.5s antes de dar o R
[16:40:28.713] TIRO      Vida 87% (≤ 88%): tecla F
[16:40:29.714] DETECÇÃO  Vida do pokémon: 83%
[16:40:29.765] TIRO      Vida 83% (≤ 88%): tecla F
[16:40:30.350] TIRO      Todas as 6 sprite(s) dentro de 380 px: sequência R (repetido por 1.0s) e, 0.50s depois do R, revive (E)
[16:40:30.835] TIRO      Vida 80% (≤ 88%): tecla F
[16:40:31.363] TIRO      Shooter: R apertado 7x em 1.01s
[16:40:31.791] DETECÇÃO  0 sprite(s) na tela (melhor similaridade 0.22; para com >= 4)
[16:40:31.909] TIRO      Vida 80% (≤ 88%): tecla F
[16:40:31.915] TIRO      Revive: toque rápido em E e verifico a foto por 2.5s — tentativa 1/3
[16:40:32.595] TIRO      Vida 78% (≤ 88%): tecla F
[16:40:32.648] INFO      Revive confirmado: a foto mudou (2.0% dos pixels) após 0.7s e 1 toque(s) no E (E saiu 0.55s depois do R)
[16:40:32.649] INFO      Shooter: procedimento concluído (R repetido + E); o bot volta a andar
[16:40:32.907] BOLA      Shiny (Premier Ball): toque na tecla SPACE em (579, 787) | similaridade 0.83 | 0.836s depois da captura | ajuste +0,+0 px
[16:40:33.060] BOLA      Shiny (Premier Ball): toque na tecla SPACE em (579, 879) | similaridade 0.79 | 0.989s depois da captura | ajuste +0,+0 px
[16:40:33.777] DETECÇÃO  Vida do pokémon: 100%
[16:40:33.777] RETOMOU   Voltou a andar: 0 sprites (limite 4), ficou parado 11.0s
[16:40:33.835] INFO      Velocidade: muito rápido (0 sprite(s) na tela) | tecla contínua, previsão 100 ms
[16:40:33.836] DECISÃO   Teclas A+S | pos (121, 93) -> alvo (117.93130588320889, 121.7452762420274) | similaridade 1.00 (rastreio)
[16:40:33.963] DECISÃO   Teclas S | pos (119, 95) -> alvo (118.0, 124.0) | similaridade 1.00 (rastreio)
[16:40:34.077] BOLA      Shiny (Premier Ball): toque na tecla SPACE em (579, 970) | similaridade 0.85 | 0.927s depois da captura | ajuste +0,+0 px
[16:40:34.262] BOLA      Shiny (Premier Ball): toque na tecla SPACE em (579, 879) | similaridade 0.79 | 1.112s depois da captura | ajuste +0,+0 px
[16:40:34.528] BOLA      Shiny (Premier Ball): toque na tecla SPACE em (761, 879) | similaridade 0.79 | 1.378s depois da captura | ajuste +0,+0 px
[16:40:34.711] BOLA      Shiny (Premier Ball): toque na tecla SPACE em (761, 787) | similaridade 0.77 | 1.561s depois da captura | ajuste +0,+0 px
[16:40:35.222] DECISÃO   Teclas A+S | pos (119, 101) -> alvo (114.51774931717435, 127.78672102980916) | similaridade 1.00 (rastreio)
[16:40:35.536] DECISÃO   Teclas S | pos (117, 103) -> alvo (112.94651796569991, 129.479925399653) | similaridade 1.00 (rastreio)
[16:40:35.692] BOLA      Shiny (Premier Ball): toque na tecla SPACE em (853, 605) | similaridade 0.86 | 0.888s depois da captura | ajuste +0,+0 px
[16:40:35.852] BOLA      Shiny (Premier Ball): toque na tecla SPACE em (761, 605) | similaridade 0.85 | 1.047s depois da captura | ajuste +0,+0 px
[16:40:36.029] BOLA      Shiny (Premier Ball): toque na tecla SPACE em (853, 696) | similaridade 0.83 | 1.224s depois da captura | ajuste +0,+0 px
[16:40:37.166] DETECÇÃO  2 sprite(s) na tela (melhor similaridade 0.98; para com >= 4)
[16:40:37.275] INFO      Velocidade: rápido (2 sprite(s) na tela) | passo de 200 ms, previsão 50 ms
[16:40:37.276] DECISÃO   Teclas A+S | pos (117, 111) -> alvo (107.02136547125968, 133.25484783300413) | similaridade 1.00 (rastreio)
[16:40:39.007] DETECÇÃO  3 sprite(s) na tela (melhor similaridade 0.98; para com >= 4)
[16:40:39.687] DETECÇÃO  6 sprite(s) na tela (melhor similaridade 0.99; para com >= 4)
[16:40:39.726] PAROU     Parou: 6 sprites na tela (limite 4)
[16:40:40.435] TIRO      Tiro inicial: tecla P em (22, 963) na tela, na sprite mais distante (1254 px do pokémon, 6 sprite(s) na tela)
[16:40:40.435] INFO      Shooter ligado: atira com a tecla P na sprite além de 380 px do pokémon que ficar parada por 0.8s (oscilação até 20 px)
[16:40:40.454] DETECÇÃO  Shooter: 3 sprite(s) além de 380 px do pokémon (a mais distante: 1254 px) | vigiando
[16:40:40.934] TIRO      Vida 98% (≤ 99%): tecla G
[16:40:41.447] TIRO      Vida 98% (≤ 99%): tecla G
[16:40:42.526] TIRO      Vida 95% (≤ 99%): tecla G
[16:40:43.120] DETECÇÃO  Shooter: 2 sprite(s) além de 380 px do pokémon (a mais distante: 533 px) | vigiando
[16:40:43.612] TIRO      Vida 95% (≤ 99%): tecla G
[16:40:44.173] DETECÇÃO  Shooter: 3 sprite(s) além de 380 px do pokémon (a mais distante: 628 px) | vigiando
[16:40:44.548] DETECÇÃO  7 sprite(s) na tela (melhor similaridade 0.99; para com >= 4)
[16:40:44.596] DETECÇÃO  Vida do pokémon: 90%
[16:40:44.649] TIRO      Vida 90% (≤ 99%): tecla G
[16:40:45.228] DETECÇÃO  Shooter: 5 sprite(s) além de 380 px do pokémon (a mais distante: 668 px) | vigiando
[16:40:45.665] DETECÇÃO  Vida do pokémon: 82%
[16:40:45.718] TIRO      Vida 82% (≤ 88%): tecla F
[16:40:46.356] DETECÇÃO  Shooter: 2 sprite(s) além de 380 px do pokémon (a mais distante: 446 px) | vigiando
[16:40:46.740] DETECÇÃO  8 sprite(s) na tela (melhor similaridade 0.99; para com >= 4)
[16:40:46.830] TIRO      Vida 80% (≤ 88%): tecla F
[16:40:47.424] DETECÇÃO  Shooter: 4 sprite(s) além de 380 px do pokémon (a mais distante: 531 px) | vigiando
[16:40:47.846] DETECÇÃO  Vida do pokémon: 73%
[16:40:47.897] TIRO      Vida 73% (≤ 88%): tecla F
[16:40:48.499] DETECÇÃO  Shooter: 1 sprite(s) além de 380 px do pokémon (a mais distante: 473 px) | vigiando
[16:40:48.900] DETECÇÃO  5 sprite(s) na tela (melhor similaridade 0.98; para com >= 4)
[16:40:48.952] DETECÇÃO  Vida do pokémon: 56%
[16:40:49.005] TIRO      Vida 56% (≤ 88%): tecla F
[16:40:49.582] DETECÇÃO  Shooter: 0 sprite(s) além de 380 px do pokémon | vigiando
[16:40:49.583] INFO      Shooter: todas as 5 sprite(s) dentro de 380 px; confirmo por 1.5s antes de dar o R
[16:40:49.979] DETECÇÃO  6 sprite(s) na tela (melhor similaridade 0.98; para com >= 4)
[16:40:50.018] DETECÇÃO  Vida do pokémon: 50%
[16:40:50.070] TIRO      Vida 50% (≤ 88%): tecla F
[16:40:50.628] ALERTA    Shooter: nome do pokémon não encontrado na área de busca; sem ele não dá para medir as distâncias (confira a similaridade mínima).
[16:40:51.108] TIRO      Vida 50% (≤ 88%): tecla F
[16:40:51.118] TIRO      Todas as 6 sprite(s) dentro de 380 px: sequência R (repetido por 1.0s) e, 0.50s depois do R, revive (E)
[16:40:51.536] DETECÇÃO  Vida do pokémon: 39%
[16:40:51.597] TIRO      Vida 39% (≤ 45%): tecla C
[16:40:52.120] TIRO      Shooter: R apertado 7x em 1.00s
[16:40:52.584] DETECÇÃO  0 sprite(s) na tela (melhor similaridade 0.22; para com >= 4)
[16:40:52.669] TIRO      Revive: toque rápido em E e verifico a foto por 2.5s — tentativa 1/3
[16:40:52.673] TIRO      Vida 38% (≤ 45%): tecla C
[16:40:53.242] DETECÇÃO  Vida do pokémon: 82%
[16:40:53.312] TIRO      Vida 82% (≤ 88%): tecla F
[16:40:53.350] INFO      Revive confirmado: a foto mudou (2.0% dos pixels) após 0.7s e 1 toque(s) no E (E saiu 0.55s depois do R)
[16:40:53.351] INFO      Shooter: procedimento concluído (R repetido + E); o bot volta a andar
[16:40:53.364] BOLA      Shiny (Premier Ball): toque na tecla SPACE em (213, 1061) | similaridade 0.82 | 0.860s depois da captura | ajuste +0,+0 px
[16:40:53.518] BOLA      Shiny (Premier Ball): toque na tecla SPACE em (122, 879) | similaridade 0.79 | 1.014s depois da captura | ajuste +0,+0 px
[16:40:54.347] BOLA      Shiny (Premier Ball): toque na tecla SPACE em (122, 879) | similaridade 0.87 | 0.744s depois da captura | ajuste +0,+0 px
[16:40:54.353] DETECÇÃO  Vida do pokémon: 100%
[16:40:54.354] RETOMOU   Voltou a andar: 0 sprites (limite 4), ficou parado 14.6s
[16:40:54.401] INFO      Velocidade: muito rápido (0 sprite(s) na tela) | tecla contínua, previsão 100 ms
[16:40:54.402] DECISÃO   Teclas A+S | pos (111, 121) -> alvo (95.01758107902009, 136.0477195991736) | similaridade 1.00 (rastreio)
[16:40:54.513] BOLA      Shiny (Premier Ball): toque na tecla SPACE em (122, 970) | similaridade 0.85 | 0.910s depois da captura | ajuste +0,+0 px
[16:40:54.697] BOLA      Shiny (Premier Ball): toque na tecla SPACE em (213, 1061) | similaridade 0.82 | 1.095s depois da captura | ajuste +0,+0 px
[16:40:55.320] DECISÃO   Teclas A | pos (107, 125) -> alvo (84.0, 136.0) | similaridade 1.00 (rastreio)
[16:40:55.440] DECISÃO   Teclas A+S | pos (107, 125) -> alvo (84.0, 136.0) | similaridade 1.00 (rastreio)
[16:40:55.605] BOLA      Shiny (Premier Ball): toque na tecla SPACE em (79, 830) | similaridade 0.91 | 0.817s depois da captura | ajuste +0,+0 px
[16:40:55.799] BOLA      Shiny (Premier Ball): toque na tecla SPACE em (262, 1013) | similaridade 0.87 | 1.010s depois da captura | ajuste +0,+0 px
[16:40:55.800] DECISÃO   Teclas A | pos (105, 127) -> alvo (78.25511593658129, 136.33426461500326) | similaridade 1.00 (rastreio)
[16:40:55.981] BOLA      Shiny (Premier Ball): toque na tecla SPACE em (171, 1013) | similaridade 0.84 | 1.192s depois da captura | ajuste +0,+0 px
[16:40:56.149] BOLA      Shiny (Premier Ball): toque na tecla SPACE em (79, 1013) | similaridade 0.83 | 1.361s depois da captura | ajuste +0,+0 px
[16:40:57.059] BOLA      Shiny (Premier Ball): toque na tecla SPACE em (296, 796) | similaridade 0.93 | 0.821s depois da captura | ajuste +0,+0 px
[16:40:57.251] BOLA      Shiny (Premier Ball): toque na tecla SPACE em (479, 796) | similaridade 0.90 | 1.013s depois da captura | ajuste +0,+0 px
[16:40:57.501] BOLA      Shiny (Premier Ball): toque na tecla SPACE em (296, 613) | similaridade 0.89 | 1.264s depois da captura | ajuste +0,+0 px
[16:40:57.668] BOLA      Shiny (Premier Ball): toque na tecla SPACE em (387, 978) | similaridade 0.83 | 1.431s depois da captura | ajuste +0,+0 px
[16:40:57.855] BOLA      Shiny (Premier Ball): toque na tecla SPACE em (387, 887) | similaridade 0.79 | 1.618s depois da captura | ajuste +0,+0 px
[16:40:58.801] BOLA      Shiny (Premier Ball): toque na tecla SPACE em (827, 787) | similaridade 0.92 | 0.862s depois da captura | ajuste +0,+0 px
[16:40:58.969] BOLA      Shiny (Premier Ball): toque na tecla SPACE em (827, 605) | similaridade 0.89 | 1.030s depois da captura | ajuste +0,+0 px
[16:40:59.143] BOLA      Shiny (Premier Ball): toque na tecla SPACE em (736, 605) | similaridade 0.88 | 1.204s depois da captura | ajuste +0,+0 px
[16:40:59.416] BOLA      Shiny (Premier Ball): toque na tecla SPACE em (918, 970) | similaridade 0.86 | 1.477s depois da captura | ajuste +0,+0 px
[16:40:59.603] BOLA      Shiny (Premier Ball): toque na tecla SPACE em (1010, 787) | similaridade 0.77 | 1.664s depois da captura | ajuste +0,+0 px
[16:40:59.756] BOLA      Shiny (Premier Ball): toque na tecla SPACE em (918, 879) | similaridade 0.77 | 1.817s depois da captura | ajuste +0,+0 px
[16:40:59.927] DETECÇÃO  1 sprite(s) na tela (melhor similaridade 0.99; para com >= 4)
[16:41:00.042] INFO      Velocidade: rápido (1 sprite(s) na tela) | passo de 200 ms, previsão 50 ms
[16:41:00.346] DECISÃO   Teclas A+S | pos (77, 127) -> alvo (54.0, 134.0) | similaridade 1.00 (rastreio)
[16:41:00.542] BOLA      Shiny (Premier Ball): toque na tecla SPACE em (1512, 787) | similaridade 0.90 | 0.702s depois da captura | ajuste +0,+0 px
[16:41:00.696] BOLA      Shiny (Premier Ball): toque na tecla SPACE em (1512, 970) | similaridade 0.89 | 0.856s depois da captura | ajuste +0,+0 px
[16:41:00.809] DETECÇÃO  3 sprite(s) na tela (melhor similaridade 0.99; para com >= 4)
[16:41:00.887] BOLA      Shiny (Premier Ball): toque na tecla SPACE em (1329, 605) | similaridade 0.88 | 1.046s depois da captura | ajuste +0,+0 px
[16:41:00.907] DECISÃO   Teclas A | pos (75, 129) -> alvo (49.764225432117144, 133.30849357243423) | similaridade 1.00 (rastreio)
[16:41:01.054] BOLA      Shiny (Premier Ball): toque na tecla SPACE em (1421, 787) | similaridade 0.88 | 1.214s depois da captura | ajuste +0,+0 px
[16:41:01.212] BOLA      Shiny (Premier Ball): toque na tecla SPACE em (1603, 787) | similaridade 0.87 | 1.372s depois da captura | ajuste +0,+0 px
[16:41:01.366] BOLA      Shiny (Premier Ball): toque na tecla SPACE em (1421, 605) | similaridade 0.87 | 1.526s depois da captura | ajuste +0,+0 px
[16:41:01.535] BOLA      Shiny (Premier Ball): toque na tecla SPACE em (1512, 879) | similaridade 0.79 | 1.695s depois da captura | ajuste +0,+0 px
[16:41:01.826] DECISÃO   Teclas A+S | pos (71, 129) -> alvo (45.24110366978457, 131.4953228034778) | similaridade 1.00 (rastreio)
[16:41:02.144] DECISÃO   Teclas A | pos (69, 131) -> alvo (43.227509751612175, 130.35524602588765) | similaridade 1.00 (rastreio)
[16:41:02.289] BOLA      Shiny (Premier Ball): toque na tecla SPACE em (1857, 696) | similaridade 0.91 | 0.675s depois da captura | ajuste +0,+0 px
[16:41:02.658] DETECÇÃO  4 sprite(s) na tela (melhor similaridade 0.99; para com >= 4)
[16:41:02.705] PAROU     Parou: 4 sprites na tela (limite 4)
[16:41:03.246] ALERTA    Shooter: nome do pokémon não encontrado na área de busca; sem ele não dá para medir as distâncias (confira a similaridade mínima).
[16:41:03.247] INFO      Shooter ligado: atira com a tecla P na sprite além de 380 px do pokémon que ficar parada por 0.8s (oscilação até 20 px)
[16:41:04.268] DETECÇÃO  Vida do pokémon: 94%
[16:41:04.320] TIRO      Vida 94% (≤ 99%): tecla G
[16:41:04.971] TIRO      Tiro inicial: tecla P em (336, 438) na tela, na sprite mais distante (803 px do pokémon, 4 sprite(s) na tela)
[16:41:04.990] DETECÇÃO  Shooter: 1 sprite(s) além de 380 px do pokémon (a mais distante: 803 px) | vigiando
[16:41:05.472] TIRO      Vida 92% (≤ 99%): tecla G
[16:41:05.860] DETECÇÃO  5 sprite(s) na tela (melhor similaridade 0.99; para com >= 4)
[16:41:06.404] DETECÇÃO  Vida do pokémon: 80%
[16:41:06.456] TIRO      Vida 80% (≤ 88%): tecla F
[16:41:07.489] TIRO      Vida 80% (≤ 88%): tecla F
[16:41:08.075] DETECÇÃO  Shooter: 3 sprite(s) além de 380 px do pokémon (a mais distante: 572 px) | vigiando
[16:41:08.586] TIRO      Vida 79% (≤ 88%): tecla F
[16:41:09.577] DETECÇÃO  6 sprite(s) na tela (melhor similaridade 0.98; para com >= 4)
[16:41:09.676] TIRO      Vida 77% (≤ 88%): tecla F
[16:41:09.694] DETECÇÃO  Shooter: 0 sprite(s) além de 380 px do pokémon | vigiando
[16:41:09.695] INFO      Shooter: todas as 6 sprite(s) dentro de 380 px; confirmo por 1.5s antes de dar o R
[16:41:10.137] DETECÇÃO  Vida do pokémon: 63%
[16:41:10.189] TIRO      Vida 63% (≤ 88%): tecla F
[16:41:10.596] DETECÇÃO  5 sprite(s) na tela (melhor similaridade 0.98; para com >= 4)
[16:41:10.691] TIRO      Vida 62% (≤ 88%): tecla F
[16:41:11.139] DETECÇÃO  Vida do pokémon: 50%
[16:41:11.191] TIRO      Vida 50% (≤ 88%): tecla F
[16:41:11.790] TIRO      Todas as 5 sprite(s) dentro de 380 px: sequência R (repetido por 1.0s) e, 0.50s depois do R, revive (E)
[16:41:12.280] TIRO      Vida 50% (≤ 88%): tecla F
[16:41:12.805] TIRO      Shooter: R apertado 7x em 1.01s
[16:41:13.251] DETECÇÃO  0 sprite(s) na tela (melhor similaridade 0.22; para com >= 4)
[16:41:13.291] DETECÇÃO  Vida do pokémon: 43%
[16:41:13.352] TIRO      Vida 43% (≤ 45%): tecla C
[16:41:13.358] TIRO      Revive: toque rápido em E e verifico a foto por 2.5s — tentativa 1/3
[16:41:13.863] DETECÇÃO  1 sprite(s) na tela (melhor similaridade 0.96; para com >= 4)
[16:41:13.982] DETECÇÃO  Vida do pokémon: 87%
[16:41:13.987] INFO      Revive confirmado: a foto mudou (1.0% dos pixels) após 0.6s e 1 toque(s) no E (E saiu 0.55s depois do R)
[16:41:13.988] INFO      Shooter: procedimento concluído (R repetido + E); o bot volta a andar
[16:41:14.035] TIRO      Vida 87% (≤ 88%): tecla F
[16:41:14.089] BOLA      Shiny (Premier Ball): toque na tecla SPACE em (213, 513) | similaridade 0.76 | 0.934s depois da captura | ajuste +0,+0 px
[16:41:14.243] BOLA      Shiny (Premier Ball): toque na tecla SPACE em (213, 331) | similaridade 0.72 | 1.087s depois da captura | ajuste +0,+0 px
[16:41:15.042] DETECÇÃO  Vida do pokémon: 100%
[16:41:15.043] RETOMOU   Voltou a andar: 1 sprites (limite 4), ficou parado 12.3s
[16:41:15.086] BOLA      Shiny (Premier Ball): toque na tecla SPACE em (213, 513) | similaridade 0.86 | 0.759s depois da captura | ajuste +0,+0 px
[16:41:15.105] DECISÃO   Teclas A | pos (69, 131) -> alvo (43.227509751612175, 130.35524602588765) | similaridade 1.00 (rastreio)
[16:41:15.241] BOLA      Shiny (Premier Ball): toque na tecla SPACE em (213, 331) | similaridade 0.85 | 0.913s depois da captura | ajuste +0,+0 px
[16:41:15.416] BOLA      Shiny (Premier Ball): toque na tecla SPACE em (396, 513) | similaridade 0.85 | 1.088s depois da captura | ajuste +0,+0 px
[16:41:15.570] BOLA      Shiny (Premier Ball): toque na tecla SPACE em (305, 331) | similaridade 0.81 | 1.242s depois da captura | ajuste +0,+0 px
[16:41:16.471] BOLA      Shiny (Premier Ball): toque na tecla SPACE em (365, 331) | similaridade 0.85 | 0.806s depois da captura | ajuste +0,+0 px
[16:41:16.642] BOLA      Shiny (Premier Ball): toque na tecla SPACE em (547, 513) | similaridade 0.84 | 0.977s depois da captura | ajuste +0,+0 px
[16:41:16.837] BOLA      Shiny (Premier Ball): toque na tecla SPACE em (456, 331) | similaridade 0.82 | 1.173s depois da captura | ajuste +0,+0 px
[16:41:17.569] BOLA      Shiny (Premier Ball): toque na tecla SPACE em (579, 331) | similaridade 0.85 | 0.656s depois da captura | ajuste +0,+0 px
[16:41:17.691] DECISÃO   Teclas A+W | pos (57, 131) -> alvo (34.620666664677536, 121.01879170692717) | similaridade 1.00 (rastreio)
[16:41:17.739] BOLA      Shiny (Premier Ball): toque na tecla SPACE em (670, 331) | similaridade 0.82 | 0.826s depois da captura | ajuste +0,+0 px
[16:41:18.486] BOLA      Shiny (Premier Ball): toque na tecla SPACE em (767, 337) | similaridade 0.85 | 0.672s depois da captura | ajuste +0,+0 px
[16:41:19.204] BOLA      Shiny (Premier Ball): toque na tecla SPACE em (1035, 605) | similaridade 0.85 | 0.641s depois da captura | ajuste +0,+0 px
[16:41:19.380] BOLA      Shiny (Premier Ball): toque na tecla SPACE em (853, 422) | similaridade 0.84 | 0.817s depois da captura | ajuste +0,+0 px
[16:41:19.560] BOLA      Shiny (Premier Ball): toque na tecla SPACE em (944, 422) | similaridade 0.82 | 0.998s depois da captura | ajuste +0,+0 px
[16:41:19.673] TIRO      Vida 97% (≤ 99%): tecla G
[16:41:20.231] DETECÇÃO  3 sprite(s) na tela (melhor similaridade 0.98; para com >= 4)
[16:41:20.330] TIRO      Vida 98% (≤ 99%): tecla G
[16:41:20.422] BOLA      Shiny (Premier Ball): toque na tecla SPACE em (1167, 736) | similaridade 0.87 | 0.740s depois da captura | ajuste +0,+0 px
[16:41:20.576] BOLA      Shiny (Premier Ball): toque na tecla SPACE em (1167, 645) | similaridade 0.83 | 0.893s depois da captura | ajuste +0,+0 px
[16:41:21.003] TIRO      Vida 98% (≤ 99%): tecla G
[16:41:21.360] BOLA      Shiny (Premier Ball): toque na tecla SPACE em (1247, 816) | similaridade 0.87 | 0.693s depois da captura | ajuste +0,+0 px
[16:41:21.513] BOLA      Shiny (Premier Ball): toque na tecla SPACE em (1247, 907) | similaridade 0.85 | 0.846s depois da captura | ajuste +0,+0 px
[16:41:21.668] TIRO      Vida 98% (≤ 99%): tecla G
[16:41:22.210] DETECÇÃO  4 sprite(s) na tela (melhor similaridade 0.99; para com >= 4)
[16:41:22.295] BOLA      Shiny (Premier Ball): toque na tecla SPACE em (1381, 950) | similaridade 0.90 | 0.691s depois da captura | ajuste +0,+0 px
[16:41:22.302] TIRO      Vida 95% (≤ 99%): tecla G
[16:41:22.303] PAROU     Parou: 4 sprites na tela (limite 4)
[16:41:22.448] BOLA      Shiny (Premier Ball): toque na tecla SPACE em (1381, 1041) | similaridade 0.87 | 0.844s depois da captura | ajuste +0,+0 px
[16:41:22.991] TIRO      Tiro inicial: tecla P em (616, 118) na tela, na sprite mais distante (914 px do pokémon, 4 sprite(s) na tela)
[16:41:22.992] INFO      Shooter ligado: atira com a tecla P na sprite além de 380 px do pokémon que ficar parada por 0.8s (oscilação até 20 px)
[16:41:23.012] DETECÇÃO  Shooter: 1 sprite(s) além de 380 px do pokémon (a mais distante: 914 px) | vigiando
[16:41:23.193] BOLA      Shiny (Premier Ball): toque na tecla SPACE em (1492, 1061) | similaridade 0.89 | 0.660s depois da captura | ajuste +0,+0 px
[16:41:23.488] TIRO      Vida 95% (≤ 99%): tecla G
[16:41:23.933] BOLA      Shiny (Premier Ball): toque na tecla SPACE em (1492, 1061) | similaridade 0.89 | 0.661s depois da captura | ajuste +0,+0 px
[16:41:24.094] BOLA      Shiny (Premier Ball): toque na tecla SPACE em (1309, 970) | similaridade 0.85 | 0.822s depois da captura | ajuste +0,+0 px
[16:41:24.402] DETECÇÃO  Vida do pokémon: 94%
[16:41:24.454] TIRO      Vida 94% (≤ 99%): tecla G
[16:41:24.476] DETECÇÃO  Shooter: 0 sprite(s) além de 380 px do pokémon | vigiando
[16:41:24.477] INFO      Shooter: todas as 4 sprite(s) dentro de 380 px; confirmo por 1.5s antes de dar o R
[16:41:24.847] BOLA      Shiny (Premier Ball): toque na tecla SPACE em (1492, 1061) | similaridade 0.89 | 0.675s depois da captura | ajuste +0,+0 px
[16:41:25.001] BOLA      Shiny (Premier Ball): toque na tecla SPACE em (1309, 970) | similaridade 0.85 | 0.829s depois da captura | ajuste +0,+0 px
[16:41:25.440] TIRO      Vida 94% (≤ 99%): tecla G
[16:41:25.779] BOLA      Shiny (Premier Ball): toque na tecla SPACE em (1492, 1061) | similaridade 0.89 | 0.684s depois da captura | ajuste +0,+0 px
[16:41:26.410] TIRO      Vida 92% (≤ 99%): tecla G
[16:41:26.433] DETECÇÃO  Shooter: 1 sprite(s) além de 380 px do pokémon (a mais distante: 380 px) | vigiando
[16:41:26.436] ALERTA    Shooter: apareceu/ficou sprite além de 380 px durante a confirmação; o R NÃO foi dado, espero todas entrarem de novo
[16:41:26.583] BOLA      Shiny (Premier Ball): toque na tecla SPACE em (1492, 1061) | similaridade 0.89 | 0.690s depois da captura | ajuste +0,+0 px
[16:41:26.941] TIRO      Vida 92% (≤ 99%): tecla G
[16:41:27.315] BOLA      Shiny (Premier Ball): toque na tecla SPACE em (1492, 1061) | similaridade 0.89 | 0.655s depois da captura | ajuste +0,+0 px
[16:41:27.506] DETECÇÃO  Shooter: 0 sprite(s) além de 380 px do pokémon | vigiando
[16:41:27.507] INFO      Shooter: todas as 4 sprite(s) dentro de 380 px; confirmo por 1.5s antes de dar o R
[16:41:28.008] TIRO      Vida 90% (≤ 99%): tecla G
[16:41:28.118] BOLA      Shiny (Premier Ball): toque na tecla SPACE em (1492, 1061) | similaridade 0.89 | 0.725s depois da captura | ajuste +0,+0 px
[16:41:28.940] BOLA      Shiny (Premier Ball): toque na tecla SPACE em (1492, 1061) | similaridade 0.89 | 0.721s depois da captura | ajuste +0,+0 px
[16:41:29.078] DETECÇÃO  3 sprite(s) na tela (melhor similaridade 0.97; para com >= 4)
[16:41:29.123] DETECÇÃO  Vida do pokémon: 85%
[16:41:29.175] TIRO      Vida 85% (≤ 88%): tecla F
[16:41:29.175] RETOMOU   Voltou a andar: 3 sprites (limite 4), ficou parado 6.9s
[16:41:29.238] DECISÃO   Teclas A+W | pos (45, 117) -> alvo (35.31221911391866, 97.64974443196841) | similaridade 1.00 (rastreio)
[16:41:29.717] BOLA      Shiny (Premier Ball): toque na tecla SPACE em (1492, 1061) | similaridade 0.89 | 0.692s depois da captura | ajuste +0,+0 px
[16:41:29.853] TIRO      Vida 83% (≤ 88%): tecla F
[16:41:29.904] DECISÃO   Teclas W | pos (43, 115) -> alvo (36.45916463682247, 94.37239807128196) | similaridade 1.00 (rastreio)
[16:41:30.382] DETECÇÃO  6 sprite(s) na tela (melhor similaridade 0.98; para com >= 4)
[16:41:30.428] DETECÇÃO  Vida do pokémon: 79%
[16:41:30.479] TIRO      Vida 79% (≤ 88%): tecla F
[16:41:30.480] PAROU     Parou: 6 sprites na tela (limite 4)
[16:41:31.189] TIRO      Tiro inicial: tecla P em (690, 133) na tela, na sprite mais distante (391 px do pokémon, 6 sprite(s) na tela)
[16:41:31.190] INFO      Shooter ligado: atira com a tecla P na sprite além de 380 px do pokémon que ficar parada por 0.8s (oscilação até 20 px)
[16:41:31.211] DETECÇÃO  Shooter: 1 sprite(s) além de 380 px do pokémon (a mais distante: 391 px) | vigiando
[16:41:31.590] DETECÇÃO  7 sprite(s) na tela (melhor similaridade 0.98; para com >= 4)
[16:41:31.630] DETECÇÃO  Vida do pokémon: 67%
[16:41:31.682] TIRO      Vida 67% (≤ 88%): tecla F
[16:41:31.702] DETECÇÃO  Shooter: 0 sprite(s) além de 380 px do pokémon | vigiando
[16:41:31.703] INFO      Shooter: todas as 7 sprite(s) dentro de 380 px; confirmo por 1.5s antes de dar o R
[16:41:32.091] DETECÇÃO  6 sprite(s) na tela (melhor similaridade 0.98; para com >= 4)
[16:41:32.179] TIRO      Vida 67% (≤ 88%): tecla F
[16:41:33.161] DETECÇÃO  7 sprite(s) na tela (melhor similaridade 0.98; para com >= 4)
[16:41:33.287] TIRO      Vida 63% (≤ 88%): tecla F
[16:41:33.883] TIRO      Todas as 7 sprite(s) dentro de 380 px: sequência R (repetido por 1.0s) e, 0.50s depois do R, revive (E)
[16:41:34.268] DETECÇÃO  5 sprite(s) na tela (melhor similaridade 0.98; para com >= 4)
[16:41:34.314] DETECÇÃO  Vida do pokémon: 60%
[16:41:34.366] TIRO      Vida 60% (≤ 88%): tecla F
[16:41:34.774] DETECÇÃO  3 sprite(s) na tela (melhor similaridade 0.97; para com >= 4)
[16:41:34.862] TIRO      Vida 59% (≤ 88%): tecla F
[16:41:34.893] TIRO      Shooter: R apertado 7x em 1.01s
[16:41:35.452] TIRO      Revive: toque rápido em E e verifico a foto por 2.5s — tentativa 1/3
[16:41:35.816] BOLA      Shiny (Premier Ball): toque na tecla SPACE em (761, 148) | similaridade 0.82 | 0.800s depois da captura | ajuste +0,+0 px
[16:41:35.924] DETECÇÃO  1 sprite(s) na tela (melhor similaridade 0.97; para com >= 4)
[16:41:35.965] DETECÇÃO  Vida do pokémon: 72%
[16:41:36.010] BOLA      Shiny (Premier Ball): toque na tecla SPACE em (579, 148) | similaridade 0.71 | 0.994s depois da captura | ajuste +0,+0 px
[16:41:36.016] TIRO      Vida 72% (≤ 88%): tecla F
[16:41:36.198] INFO      Revive confirmado: a foto mudou (10.4% dos pixels) após 0.7s e 1 toque(s) no E (E saiu 0.56s depois do R)
[16:41:36.199] INFO      Shooter: procedimento concluído (R repetido + E); o bot volta a andar
[16:41:36.908] BOLA      Shiny (Premier Ball): toque na tecla SPACE em (670, 240) | similaridade 0.88 | 0.761s depois da captura | ajuste +0,+0 px
[16:41:37.073] BOLA      Shiny (Premier Ball): toque na tecla SPACE em (853, 148) | similaridade 0.82 | 0.927s depois da captura | ajuste +0,+0 px
[16:41:37.080] DETECÇÃO  Vida do pokémon: 100%
[16:41:37.080] RETOMOU   Voltou a andar: 1 sprites (limite 4), ficou parado 6.6s
[16:41:37.143] DECISÃO   Teclas W | pos (43, 113) -> alvo (38.0, 91.0) | similaridade 1.00 (rastreio)
[16:41:37.226] BOLA      Shiny (Premier Ball): toque na tecla SPACE em (761, 240) | similaridade 0.81 | 1.080s depois da captura | ajuste +0,+0 px
[16:41:38.185] BOLA      Shiny (Premier Ball): toque na tecla SPACE em (853, 185) | similaridade 0.81 | 0.874s depois da captura | ajuste +0,+0 px
[16:41:39.100] BOLA      Shiny (Premier Ball): toque na tecla SPACE em (761, 294) | similaridade 0.88 | 0.772s depois da captura | ajuste +0,+0 px
[16:41:39.278] BOLA      Shiny (Premier Ball): toque na tecla SPACE em (853, 385) | similaridade 0.85 | 0.950s depois da captura | ajuste +0,+0 px
[16:41:39.881] DECISÃO   Teclas A+W | pos (43, 101) -> alvo (34.7880638250147, 82.4064922833533) | similaridade 1.00 (rastreio)
[16:41:40.050] BOLA      Shiny (Premier Ball): toque na tecla SPACE em (761, 513) | similaridade 0.85 | 0.696s depois da captura | ajuste +0,+0 px
[16:41:40.229] BOLA      Shiny (Premier Ball): toque na tecla SPACE em (853, 605) | similaridade 0.84 | 0.876s depois da captura | ajuste +0,+0 px
[16:41:40.232] DECISÃO   Teclas W | pos (41, 99) -> alvo (34.368261120246785, 80.93077725134856) | similaridade 1.00 (rastreio)
[16:41:41.117] DECISÃO   Teclas A+W | pos (41, 95) -> alvo (33.53978326555848, 78.05637611720303) | similaridade 1.00 (rastreio)
[16:41:41.724] DECISÃO   Teclas W | pos (39, 93) -> alvo (32.9123957663555, 75.12478105854052) | similaridade 1.00 (rastreio)
[16:41:41.850] BOLA      Shiny (Premier Ball): toque na tecla SPACE em (944, 958) | similaridade 0.83 | 0.699s depois da captura | ajuste +0,+0 px
[16:41:42.549] DETECÇÃO  3 sprite(s) na tela (melhor similaridade 0.98; para com >= 4)
[16:41:43.626] DECISÃO   Teclas A+W | pos (39, 85) -> alvo (32.75307586334097, 70.79510143617965) | similaridade 1.00 (rastreio)
[16:41:43.955] DECISÃO   Teclas W | pos (37, 83) -> alvo (33.931054152851324, 66.8046587978182) | similaridade 1.00 (rastreio)
[16:41:44.457] DETECÇÃO  4 sprite(s) na tela (melhor similaridade 0.98; para com >= 4)
[16:41:44.511] PAROU     Parou: 4 sprites na tela (limite 4)
[16:41:45.190] TIRO      Tiro inicial: tecla P em (1392, 247) na tela, na sprite mais distante (678 px do pokémon, 4 sprite(s) na tela)
[16:41:45.191] INFO      Shooter ligado: atira com a tecla P na sprite além de 380 px do pokémon que ficar parada por 0.8s (oscilação até 20 px)
[16:41:45.213] DETECÇÃO  Shooter: 1 sprite(s) além de 380 px do pokémon (a mais distante: 678 px) | vigiando
[16:41:46.128] TIRO      Vida 97% (≤ 99%): tecla G
[16:41:46.148] DETECÇÃO  Shooter: 0 sprite(s) além de 380 px do pokémon | vigiando
[16:41:46.149] INFO      Shooter: todas as 4 sprite(s) dentro de 380 px; confirmo por 1.5s antes de dar o R
[16:41:46.519] DETECÇÃO  5 sprite(s) na tela (melhor similaridade 0.98; para com >= 4)
[16:41:46.574] DETECÇÃO  Shooter: 1 sprite(s) além de 380 px do pokémon (a mais distante: 451 px) | vigiando
[16:41:46.574] ALERTA    Shooter: apareceu/ficou sprite além de 380 px durante a confirmação; o R NÃO foi dado, espero todas entrarem de novo
[16:41:47.065] TIRO      Vida 97% (≤ 99%): tecla G
[16:41:47.085] DETECÇÃO  Shooter: 0 sprite(s) além de 380 px do pokémon | vigiando
[16:41:47.086] INFO      Shooter: todas as 5 sprite(s) dentro de 380 px; confirmo por 1.5s antes de dar o R
[16:41:47.999] TIRO      Vida 95% (≤ 99%): tecla G
[16:41:48.389] DETECÇÃO  6 sprite(s) na tela (melhor similaridade 0.98; para com >= 4)
[16:41:48.427] DETECÇÃO  Vida do pokémon: 82%
[16:41:48.478] TIRO      Vida 82% (≤ 88%): tecla F
[16:41:49.497] TIRO      Todas as 6 sprite(s) dentro de 380 px: sequência R (repetido por 1.0s) e, 0.50s depois do R, revive (E)
[16:41:49.931] DETECÇÃO  Vida do pokémon: 76%
[16:41:49.984] TIRO      Vida 76% (≤ 88%): tecla F
[16:41:50.380] DETECÇÃO  1 sprite(s) na tela (melhor similaridade 0.95; para com >= 4)
[16:41:50.503] TIRO      Shooter: R apertado 7x em 1.00s
[16:41:50.948] TIRO      Vida 76% (≤ 88%): tecla F
[16:41:51.058] TIRO      Revive: toque rápido em E e verifico a foto por 2.5s — tentativa 1/3
[16:41:51.483] DETECÇÃO  Vida do pokémon: 82%
[16:41:51.574] TIRO      Vida 82% (≤ 88%): tecla F
[16:41:51.765] INFO      Revive confirmado: a foto mudou (11.0% dos pixels) após 0.7s e 1 toque(s) no E (E saiu 0.56s depois do R)
[16:41:51.766] INFO      Shooter: procedimento concluído (R repetido + E); o bot volta a andar
[16:41:51.992] BOLA      Shiny (Premier Ball): toque na tecla SPACE em (1309, 148) | similaridade 0.87 | 0.762s depois da captura | ajuste +0,+0 px
[16:41:52.045] DETECÇÃO  Vida do pokémon: 100%
[16:41:52.046] RETOMOU   Voltou a andar: 1 sprites (limite 4), ficou parado 7.5s
[16:41:52.091] DECISÃO   Teclas W | pos (37, 83) -> alvo (33.931054152851324, 66.8046587978182) | similaridade 1.00 (rastreio)
[16:41:52.145] BOLA      Shiny (Premier Ball): toque na tecla SPACE em (1401, 331) | similaridade 0.72 | 0.915s depois da captura | ajuste +0,+0 px
[16:41:52.643] BOLA      Normal (Ultra Ball): toque na tecla T em (1298, 248) | similaridade 0.70 | 0.416s depois da captura | ajuste +0,+0 px
[16:41:53.389] BOLA      Normal (Ultra Ball): toque na tecla T em (1298, 405) | similaridade 0.82 | 0.392s depois da captura | ajuste +0,+0 px
[16:41:53.921] BOLA      Shiny (Premier Ball): toque na tecla SPACE em (1583, 240) | similaridade 0.86 | 0.924s depois da captura | ajuste +0,+0 px
[16:41:54.709] BOLA      Shiny (Premier Ball): toque na tecla SPACE em (1583, 454) | similaridade 0.84 | 0.710s depois da captura | ajuste +0,+0 px
[16:41:54.712] DECISÃO   Teclas D+W | pos (37, 71) -> alvo (42.65784494785192, 59.50372281568208) | similaridade 1.00 (rastreio)
[16:41:55.429] DETECÇÃO  2 sprite(s) na tela (melhor similaridade 0.98; para com >= 4)
[16:41:55.459] BOLA      Shiny (Premier Ball): toque na tecla SPACE em (1581, 608) | similaridade 0.83 | 0.670s depois da captura | ajuste +0,+0 px
[16:41:55.613] BOLA      Shiny (Premier Ball): toque na tecla SPACE em (1398, 881) | similaridade 0.82 | 0.824s depois da captura | ajuste +0,+0 px
[16:41:55.864] BOLA      Shiny (Premier Ball): toque na tecla SPACE em (1306, 881) | similaridade 0.77 | 1.075s depois da captura | ajuste +0,+0 px
[16:41:56.382] BOLA      Normal (Ultra Ball): toque na tecla T em (1152, 915) | similaridade 0.89 | 0.435s depois da captura | ajuste +0,+0 px
[16:41:56.807] BOLA      Shiny (Premier Ball): toque na tecla SPACE em (1438, 750) | similaridade 0.89 | 0.859s depois da captura | ajuste +0,+0 px
[16:41:56.978] BOLA      Shiny (Premier Ball): toque na tecla SPACE em (1255, 1024) | similaridade 0.88 | 1.031s depois da captura | ajuste +0,+0 px
[16:41:57.132] BOLA      Shiny (Premier Ball): toque na tecla SPACE em (1164, 1024) | similaridade 0.86 | 1.185s depois da captura | ajuste +0,+0 px
[16:41:58.083] DETECÇÃO  3 sprite(s) na tela (melhor similaridade 0.99; para com >= 4)
[16:41:59.951] DETECÇÃO  5 sprite(s) na tela (melhor similaridade 0.99; para com >= 4)
[16:41:59.989] PAROU     Parou: 5 sprites na tela (limite 4)
[16:42:00.686] TIRO      Tiro inicial: tecla P em (1422, 144) na tela, na sprite mais distante (1043 px do pokémon, 5 sprite(s) na tela)
[16:42:00.687] INFO      Shooter ligado: atira com a tecla P na sprite além de 380 px do pokémon que ficar parada por 0.8s (oscilação até 20 px)
[16:42:00.704] DETECÇÃO  Shooter: 2 sprite(s) além de 380 px do pokémon (a mais distante: 1043 px) | vigiando
[16:42:01.159] DETECÇÃO  Shooter: 1 sprite(s) além de 380 px do pokémon (a mais distante: 741 px) | vigiando
[16:42:01.590] DETECÇÃO  Vida do pokémon: 94%
[16:42:01.642] TIRO      Vida 94% (≤ 99%): tecla G
[16:42:02.054] DETECÇÃO  6 sprite(s) na tela (melhor similaridade 0.98; para com >= 4)
[16:42:02.097] DETECÇÃO  Vida do pokémon: 87%
[16:42:02.150] TIRO      Vida 87% (≤ 88%): tecla F
[16:42:02.171] DETECÇÃO  Shooter: 2 sprite(s) além de 380 px do pokémon (a mais distante: 710 px) | vigiando
[16:42:02.590] DETECÇÃO  Shooter: 1 sprite(s) além de 380 px do pokémon (a mais distante: 504 px) | vigiando
[16:42:03.080] TIRO      Vida 85% (≤ 88%): tecla F
[16:42:03.692] DETECÇÃO  Shooter: 0 sprite(s) além de 380 px do pokémon | vigiando
[16:42:03.693] INFO      Shooter: todas as 6 sprite(s) dentro de 380 px; confirmo por 1.5s antes de dar o R
[16:42:04.194] TIRO      Vida 85% (≤ 88%): tecla F
[16:42:04.780] DETECÇÃO  Shooter: 2 sprite(s) além de 380 px do pokémon (a mais distante: 582 px) | vigiando
[16:42:04.781] ALERTA    Shooter: apareceu/ficou sprite além de 380 px durante a confirmação; o R NÃO foi dado, espero todas entrarem de novo
[16:42:05.263] TIRO      Vida 85% (≤ 88%): tecla F
[16:42:06.263] DETECÇÃO  5 sprite(s) na tela (melhor similaridade 0.98; para com >= 4)
[16:42:06.314] DETECÇÃO  Vida do pokémon: 79%
[16:42:06.366] TIRO      Vida 79% (≤ 88%): tecla F
[16:42:06.935] DETECÇÃO  Shooter: 1 sprite(s) além de 380 px do pokémon (a mais distante: 458 px) | vigiando
[16:42:07.362] DETECÇÃO  Vida do pokémon: 60%
[16:42:07.414] TIRO      Vida 60% (≤ 88%): tecla F
[16:42:07.964] DETECÇÃO  Shooter: 0 sprite(s) além de 380 px do pokémon | vigiando
[16:42:07.965] INFO      Shooter: todas as 5 sprite(s) dentro de 380 px; confirmo por 1.5s antes de dar o R
[16:42:08.454] TIRO      Vida 59% (≤ 88%): tecla F
[16:42:08.882] DETECÇÃO  Vida do pokémon: 53%
[16:42:09.387] TIRO      Vida 54% (≤ 88%): tecla F
[16:42:09.908] TIRO      Vida 50% (≤ 88%): tecla F
[16:42:09.924] TIRO      Todas as 5 sprite(s) dentro de 380 px: sequência R (repetido por 1.0s) e, 0.50s depois do R, revive (E)
[16:42:10.402] TIRO      Vida 51% (≤ 88%): tecla F
[16:42:10.937] TIRO      Shooter: R apertado 7x em 1.01s
[16:42:11.377] DETECÇÃO  1 sprite(s) na tela (melhor similaridade 0.93; para com >= 4)
[16:42:11.493] TIRO      Vida 51% (≤ 88%): tecla F
[16:42:11.498] TIRO      Revive: toque rápido em E e verifico a foto por 2.5s — tentativa 1/3
[16:42:12.162] DETECÇÃO  Vida do pokémon: 72%
[16:42:12.165] INFO      Revive confirmado: a foto mudou (8.5% dos pixels) após 0.7s e 1 toque(s) no E (E saiu 0.56s depois do R)
[16:42:12.165] INFO      Shooter: procedimento concluído (R repetido + E); o bot volta a andar
[16:42:12.215] TIRO      Vida 72% (≤ 88%): tecla F
[16:42:12.551] BOLA      Shiny (Premier Ball): toque na tecla SPACE em (1309, 240) | similaridade 0.84 | 0.916s depois da captura | ajuste +0,+0 px
[16:42:12.705] BOLA      Shiny (Premier Ball): toque na tecla SPACE em (1492, 148) | similaridade 0.81 | 1.069s depois da captura | ajuste +0,+0 px
[16:42:12.897] BOLA      Shiny (Premier Ball): toque na tecla SPACE em (1309, 148) | similaridade 0.74 | 1.261s depois da captura | ajuste +0,+0 px
[16:42:13.219] DETECÇÃO  Vida do pokémon: 100%
[16:42:13.220] RETOMOU   Voltou a andar: 1 sprites (limite 4), ficou parado 13.2s
[16:42:13.284] DECISÃO   Teclas D+W | pos (49, 53) -> alvo (58.092931783127085, 37.67851755559819) | similaridade 1.00 (rastreio)
[16:42:13.729] BOLA      Shiny (Premier Ball): toque na tecla SPACE em (1492, 148) | similaridade 0.82 | 0.745s depois da captura | ajuste +0,+0 px
[16:42:13.897] BOLA      Shiny (Premier Ball): toque na tecla SPACE em (1401, 240) | similaridade 0.75 | 0.913s depois da captura | ajuste +0,+0 px
[16:42:14.647] BOLA      Shiny (Premier Ball): toque na tecla SPACE em (1309, 151) | similaridade 0.88 | 0.674s depois da captura | ajuste +0,+0 px
[16:42:14.815] BOLA      Shiny (Premier Ball): toque na tecla SPACE em (1309, 334) | similaridade 0.77 | 0.842s depois da captura | ajuste +0,+0 px
[16:42:15.569] BOLA      Shiny (Premier Ball): toque na tecla SPACE em (1215, 331) | similaridade 0.91 | 0.675s depois da captura | ajuste +0,+0 px
[16:42:15.732] BOLA      Shiny (Premier Ball): toque na tecla SPACE em (1124, 331) | similaridade 0.91 | 0.839s depois da captura | ajuste +0,+0 px
[16:42:15.887] BOLA      Shiny (Premier Ball): toque na tecla SPACE em (1215, 513) | similaridade 0.77 | 0.993s depois da captura | ajuste +0,+0 px
[16:42:16.755] BOLA      Shiny (Premier Ball): toque na tecla SPACE em (944, 476) | similaridade 0.87 | 0.767s depois da captura | ajuste +0,+0 px
[16:42:16.917] BOLA      Shiny (Premier Ball): toque na tecla SPACE em (1035, 476) | similaridade 0.86 | 0.928s depois da captura | ajuste +0,+0 px
[16:42:17.070] BOLA      Shiny (Premier Ball): toque na tecla SPACE em (1035, 659) | similaridade 0.70 | 1.081s depois da captura | ajuste +0,+0 px
[16:42:17.989] BOLA      Shiny (Premier Ball): toque na tecla SPACE em (833, 625) | similaridade 0.87 | 0.800s depois da captura | ajuste +0,+0 px
[16:42:18.688] DETECÇÃO  2 sprite(s) na tela (melhor similaridade 0.98; para com >= 4)
[16:42:18.903] BOLA      Shiny (Premier Ball): toque na tecla SPACE em (744, 896) | similaridade 0.89 | 0.794s depois da captura | ajuste +0,+0 px
[16:42:19.114] DECISÃO   Teclas D | pos (67, 35) -> alvo (87.14984528111933, 27.05690092777891) | similaridade 1.00 (rastreio)
[16:42:19.825] BOLA      Shiny (Premier Ball): toque na tecla SPACE em (656, 984) | similaridade 0.91 | 0.825s depois da captura | ajuste +0,+0 px
[16:42:20.541] DETECÇÃO  3 sprite(s) na tela (melhor similaridade 0.98; para com >= 4)
[16:42:20.794] BOLA      Shiny (Premier Ball): toque na tecla SPACE em (453, 879) | similaridade 0.81 | 0.844s depois da captura | ajuste +0,+0 px
[16:42:21.498] DETECÇÃO  6 sprite(s) na tela (melhor similaridade 0.99; para com >= 4)
[16:42:21.547] PAROU     Parou: 6 sprites na tela (limite 4)
[16:42:21.702] BOLA      Shiny (Premier Ball): toque na tecla SPACE em (350, 1061) | similaridade 0.87 | 0.791s depois da captura | ajuste +0,+0 px
[16:42:21.855] BOLA      Shiny (Premier Ball): toque na tecla SPACE em (259, 879) | similaridade 0.86 | 0.943s depois da captura | ajuste +0,+0 px
[16:42:22.010] BOLA      Shiny (Premier Ball): toque na tecla SPACE em (350, 879) | similaridade 0.84 | 1.098s depois da captura | ajuste +0,+0 px
[16:42:22.222] TIRO      Tiro inicial: tecla P em (1678, 986) na tela, na sprite mais distante (980 px do pokémon, 6 sprite(s) na tela)
[16:42:22.223] INFO      Shooter ligado: atira com a tecla P na sprite além de 380 px do pokémon que ficar parada por 0.8s (oscilação até 20 px)
[16:42:22.242] DETECÇÃO  Shooter: 4 sprite(s) além de 380 px do pokémon (a mais distante: 980 px) | vigiando
[16:42:22.919] BOLA      Shiny (Premier Ball): toque na tecla SPACE em (213, 1061) | similaridade 0.87 | 0.824s depois da captura | ajuste +0,+0 px
[16:42:23.073] BOLA      Shiny (Premier Ball): toque na tecla SPACE em (122, 879) | similaridade 0.86 | 0.977s depois da captura | ajuste +0,+0 px
[16:42:23.226] BOLA      Shiny (Premier Ball): toque na tecla SPACE em (213, 879) | similaridade 0.84 | 1.131s depois da captura | ajuste +0,+0 px
[16:42:23.821] DETECÇÃO  Shooter: 3 sprite(s) além de 380 px do pokémon (a mais distante: 637 px) | vigiando
[16:42:24.123] BOLA      Shiny (Premier Ball): toque na tecla SPACE em (213, 1061) | similaridade 0.87 | 0.810s depois da captura | ajuste +0,+0 px
[16:42:24.290] BOLA      Shiny (Premier Ball): toque na tecla SPACE em (122, 879) | similaridade 0.87 | 0.978s depois da captura | ajuste +0,+0 px
[16:42:24.855] DETECÇÃO  Shooter: 4 sprite(s) além de 380 px do pokémon (a mais distante: 816 px) | vigiando
[16:42:25.127] BOLA      Shiny (Premier Ball): toque na tecla SPACE em (213, 1061) | similaridade 0.87 | 0.750s depois da captura | ajuste +0,+0 px
[16:42:25.298] DETECÇÃO  7 sprite(s) na tela (melhor similaridade 0.99; para com >= 4)
[16:42:25.349] DETECÇÃO  Vida do pokémon: 90%
[16:42:25.402] TIRO      Vida 90% (≤ 99%): tecla G
[16:42:25.895] BOLA      Shiny (Premier Ball): toque na tecla SPACE em (213, 1061) | similaridade 0.87 | 0.685s depois da captura | ajuste +0,+0 px
[16:42:25.998] DETECÇÃO  Shooter: 5 sprite(s) além de 380 px do pokémon (a mais distante: 856 px) | vigiando
[16:42:26.487] TIRO      Vida 90% (≤ 99%): tecla G
[16:42:26.671] BOLA      Shiny (Premier Ball): toque na tecla SPACE em (213, 1061) | similaridade 0.87 | 0.688s depois da captura | ajuste +0,+0 px
[16:42:27.088] DETECÇÃO  Shooter: 2 sprite(s) além de 380 px do pokémon (a mais distante: 639 px) | vigiando
[16:42:27.446] BOLA      Shiny (Premier Ball): toque na tecla SPACE em (213, 1061) | similaridade 0.87 | 0.694s depois da captura | ajuste +0,+0 px
[16:42:27.463] DETECÇÃO  8 sprite(s) na tela (melhor similaridade 0.99; para com >= 4)
[16:42:27.547] DETECÇÃO  Vida do pokémon: 80%
[16:42:27.599] TIRO      Vida 80% (≤ 88%): tecla F
[16:42:28.048] DETECÇÃO  Vida do pokémon: 66%
[16:42:28.101] TIRO      Vida 66% (≤ 88%): tecla F
[16:42:28.206] BOLA      Shiny (Premier Ball): toque na tecla SPACE em (213, 1061) | similaridade 0.87 | 0.675s depois da captura | ajuste +0,+0 px
[16:42:28.694] DETECÇÃO  Shooter: 1 sprite(s) além de 380 px do pokémon (a mais distante: 503 px) | vigiando
[16:42:28.990] BOLA      Shiny (Premier Ball): toque na tecla SPACE em (213, 1061) | similaridade 0.87 | 0.699s depois da captura | ajuste +0,+0 px
[16:42:29.204] TIRO      Vida 62% (≤ 88%): tecla F
[16:42:29.223] DETECÇÃO  Shooter: 0 sprite(s) além de 380 px do pokémon | vigiando
[16:42:29.224] INFO      Shooter: todas as 8 sprite(s) dentro de 380 px; confirmo por 1.5s antes de dar o R
[16:42:29.621] DETECÇÃO  7 sprite(s) na tela (melhor similaridade 0.98; para com >= 4)
[16:42:29.670] DETECÇÃO  Vida do pokémon: 53%
[16:42:29.722] TIRO      Vida 53% (≤ 88%): tecla F
[16:42:29.830] BOLA      Shiny (Premier Ball): toque na tecla SPACE em (213, 1061) | similaridade 0.87 | 0.754s depois da captura | ajuste +0,+0 px
[16:42:30.258] TIRO      Vida 54% (≤ 88%): tecla F
[16:42:30.610] BOLA      Shiny (Premier Ball): toque na tecla SPACE em (213, 1061) | similaridade 0.87 | 0.689s depois da captura | ajuste +0,+0 px
[16:42:30.820] TIRO      Todas as 7 sprite(s) dentro de 380 px: sequência R (repetido por 1.0s) e, 0.50s depois do R, revive (E)
[16:42:31.326] TIRO      Vida 50% (≤ 88%): tecla F
[16:42:31.829] TIRO      Shooter: R apertado 7x em 1.01s
[16:42:32.303] DETECÇÃO  0 sprite(s) na tela (melhor similaridade 0.22; para com >= 4)
[16:42:32.371] TIRO      Revive: toque rápido em E e verifico a foto por 2.5s — tentativa 1/3
[16:42:32.422] TIRO      Vida 51% (≤ 88%): tecla F
[16:42:33.051] INFO      Revive confirmado: a foto mudou (1.1% dos pixels) após 0.7s e 1 toque(s) no E (E saiu 0.54s depois do R)
[16:42:33.052] INFO      Shooter: procedimento concluído (R repetido + E); o bot volta a andar
[16:42:33.067] BOLA      Normal (Ultra Ball): toque na tecla T em (1572, 1043) | similaridade 0.82 | 0.574s depois da captura | ajuste +0,+0 px
[16:42:33.547] BOLA      Shiny (Premier Ball): toque na tecla SPACE em (1675, 879) | similaridade 0.85 | 1.054s depois da captura | ajuste +0,+0 px
[16:42:33.621] DETECÇÃO  Vida do pokémon: 100%
[16:42:33.622] RETOMOU   Voltou a andar: 0 sprites (limite 4), ficou parado 12.1s
[16:42:33.669] INFO      Velocidade: muito rápido (0 sprite(s) na tela) | tecla contínua, previsão 100 ms
[16:42:33.670] DECISÃO   Teclas D | pos (75, 35) -> alvo (94.07461809622802, 34.696228685607245) | similaridade 1.00 (rastreio)
[16:42:33.720] BOLA      Shiny (Premier Ball): toque na tecla SPACE em (1766, 970) | similaridade 0.84 | 1.227s depois da captura | ajuste +0,+0 px
[16:42:33.916] BOLA      Shiny (Premier Ball): toque na tecla SPACE em (1857, 970) | similaridade 0.84 | 1.423s depois da captura | ajuste +0,+0 px
[16:42:34.099] BOLA      Shiny (Premier Ball): toque na tecla SPACE em (1583, 879) | similaridade 0.84 | 1.607s depois da captura | ajuste +0,+0 px
[16:42:34.262] BOLA      Shiny (Premier Ball): toque na tecla SPACE em (1583, 970) | similaridade 0.83 | 1.769s depois da captura | ajuste +0,+0 px
[16:42:34.404] DECISÃO   Teclas D+S | pos (81, 35) -> alvo (99.43753493378676, 43.71285892660043) | similaridade 1.00 (rastreio)
[16:42:34.449] BOLA      Shiny (Premier Ball): toque na tecla SPACE em (1766, 1061) | similaridade 0.79 | 1.957s depois da captura | ajuste +0,+0 px
[16:42:35.335] BOLA      Shiny (Premier Ball): toque na tecla SPACE em (1315, 970) | similaridade 0.89 | 0.790s depois da captura | ajuste +0,+0 px
[16:42:35.503] BOLA      Shiny (Premier Ball): toque na tecla SPACE em (1589, 970) | similaridade 0.87 | 0.959s depois da captura | ajuste +0,+0 px
[16:42:35.657] BOLA      Shiny (Premier Ball): toque na tecla SPACE em (1315, 879) | similaridade 0.86 | 1.112s depois da captura | ajuste +0,+0 px
[16:42:35.818] BOLA      Shiny (Premier Ball): toque na tecla SPACE em (1406, 1061) | similaridade 0.73 | 1.274s depois da captura | ajuste +0,+0 px
[16:42:36.379] BOLA      Normal (Ultra Ball): toque na tecla T em (1103, 849) | similaridade 0.78 | 0.482s depois da captura | ajuste +0,+0 px
[16:42:36.579] DECISÃO   Teclas D | pos (89, 43) -> alvo (110.66349417282152, 51.22789759784065) | similaridade 1.00 (rastreio)
[16:42:36.893] BOLA      Shiny (Premier Ball): toque na tecla SPACE em (1298, 685) | similaridade 0.87 | 0.995s depois da captura | ajuste +0,+0 px
[16:42:37.095] BOLA      Shiny (Premier Ball): toque na tecla SPACE em (1389, 776) | similaridade 0.85 | 1.197s depois da captura | ajuste +0,+0 px
[16:42:37.255] BOLA      Shiny (Premier Ball): toque na tecla SPACE em (1115, 685) | similaridade 0.72 | 1.357s depois da captura | ajuste +0,+0 px
[16:42:37.273] DECISÃO   Teclas D+S | pos (91, 43) -> alvo (110.66349417282152, 51.22789759784065) | similaridade 1.00 (rastreio)
[16:42:37.441] DECISÃO   Teclas D | pos (93, 45) -> alvo (114.05795472259011, 53.109285742921955) | similaridade 1.00 (rastreio)
[16:42:37.508] DECISÃO   Teclas D+S | pos (93, 45) -> alvo (114.05795472259011, 53.109285742921955) | similaridade 1.00 (rastreio)
[16:42:37.911] DECISÃO   Teclas D | pos (93, 45) -> alvo (114.05795472259011, 53.109285742921955) | similaridade 1.00 (rastreio)
[16:42:38.107] DECISÃO   Teclas D+S | pos (95, 45) -> alvo (119.24163687066725, 56.56582074632516) | similaridade 1.00 (rastreio)
[16:42:38.154] BOLA      Shiny (Premier Ball): toque na tecla SPACE em (1041, 513) | similaridade 0.86 | 0.807s depois da captura | ajuste +0,+0 px
[16:42:38.322] BOLA      Shiny (Premier Ball): toque na tecla SPACE em (858, 513) | similaridade 0.74 | 0.975s depois da captura | ajuste +0,+0 px
[16:42:39.158] BOLA      Shiny (Premier Ball): toque na tecla SPACE em (844, 414) | similaridade 0.87 | 0.758s depois da captura | ajuste +0,+0 px
[16:42:39.307] DECISÃO   Teclas D | pos (99, 49) -> alvo (120.90165986482825, 57.93963241770944) | similaridade 1.00 (rastreio)
[16:42:39.355] BOLA      Shiny (Premier Ball): toque na tecla SPACE em (661, 505) | similaridade 0.86 | 0.955s depois da captura | ajuste +0,+0 px
[16:42:39.660] DECISÃO   Teclas D+S | pos (101, 49) -> alvo (120.90165986482825, 57.93963241770944) | similaridade 1.00 (rastreio)
[16:42:39.961] DETECÇÃO  1 sprite(s) na tela (melhor similaridade 0.98; para com >= 4)
[16:42:40.080] INFO      Velocidade: rápido (1 sprite(s) na tela) | passo de 200 ms, previsão 50 ms
[16:42:40.205] BOLA      Shiny (Premier Ball): toque na tecla SPACE em (502, 254) | similaridade 0.88 | 0.755s depois da captura | ajuste +0,+0 px
[16:42:40.373] BOLA      Shiny (Premier Ball): toque na tecla SPACE em (502, 345) | similaridade 0.85 | 0.923s depois da captura | ajuste +0,+0 px
[16:42:41.114] BOLA      Shiny (Premier Ball): toque na tecla SPACE em (487, 148) | similaridade 0.86 | 0.666s depois da captura | ajuste +0,+0 px
[16:42:41.290] BOLA      Shiny (Premier Ball): toque na tecla SPACE em (305, 240) | similaridade 0.85 | 0.842s depois da captura | ajuste +0,+0 px
[16:42:41.723] DETECÇÃO  3 sprite(s) na tela (melhor similaridade 0.98; para com >= 4)
[16:42:43.507] DETECÇÃO  4 sprite(s) na tela (melhor similaridade 0.98; para com >= 4)
[16:42:43.552] PAROU     Parou: 4 sprites na tela (limite 4)
[16:42:44.202] TIRO      Tiro inicial: tecla P em (1164, 800) na tela, na sprite mais distante (583 px do pokémon, 4 sprite(s) na tela)
[16:42:44.203] INFO      Shooter ligado: atira com a tecla P na sprite além de 380 px do pokémon que ficar parada por 0.8s (oscilação até 20 px)
[16:42:44.223] DETECÇÃO  Shooter: 2 sprite(s) além de 380 px do pokémon (a mais distante: 583 px) | vigiando
[16:42:44.614] DETECÇÃO  5 sprite(s) na tela (melhor similaridade 0.99; para com >= 4)
[16:42:44.664] DETECÇÃO  Shooter: 1 sprite(s) além de 380 px do pokémon (a mais distante: 820 px) | vigiando
[16:42:45.551] DETECÇÃO  Vida do pokémon: 92%
[16:42:45.603] TIRO      Vida 92% (≤ 99%): tecla G
[16:42:45.620] DETECÇÃO  Shooter: 2 sprite(s) além de 380 px do pokémon (a mais distante: 509 px) | vigiando
[16:42:46.038] DETECÇÃO  Vida do pokémon: 85%
[16:42:46.091] TIRO      Vida 85% (≤ 88%): tecla F
[16:42:46.111] DETECÇÃO  Shooter: 1 sprite(s) além de 380 px do pokémon (a mais distante: 398 px) | vigiando
[16:42:47.639] TIRO      Vida 82% (≤ 88%): tecla F
[16:42:48.205] DETECÇÃO  Shooter: 3 sprite(s) além de 380 px do pokémon (a mais distante: 541 px) | vigiando
[16:42:48.729] TIRO      Vida 82% (≤ 88%): tecla F
[16:42:48.749] DETECÇÃO  Shooter: 0 sprite(s) além de 380 px do pokémon | vigiando
[16:42:48.750] INFO      Shooter: todas as 5 sprite(s) dentro de 380 px; confirmo por 1.5s antes de dar o R
[16:42:49.662] TIRO      Vida 80% (≤ 88%): tecla F
[16:42:50.487] DETECÇÃO  6 sprite(s) na tela (melhor similaridade 0.98; para com >= 4)
[16:42:50.596] TIRO      Vida 80% (≤ 88%): tecla F
[16:42:51.204] TIRO      Todas as 6 sprite(s) dentro de 380 px: sequência R (repetido por 1.0s) e, 0.50s depois do R, revive (E)
[16:42:51.628] DETECÇÃO  Vida do pokémon: 79%
[16:42:51.680] TIRO      Vida 79% (≤ 88%): tecla F
[16:42:52.089] DETECÇÃO  3 sprite(s) na tela (melhor similaridade 0.98; para com >= 4)
[16:42:52.178] TIRO      Vida 79% (≤ 88%): tecla F
[16:42:52.208] TIRO      Shooter: R apertado 7x em 1.00s
[16:42:52.590] DETECÇÃO  0 sprite(s) na tela (melhor similaridade 0.22; para com >= 4)
[16:42:52.697] TIRO      Vida 79% (≤ 88%): tecla F
[16:42:52.759] TIRO      Revive: toque rápido em E e verifico a foto por 2.5s — tentativa 1/3
[16:42:53.434] INFO      Revive confirmado: a foto mudou (2.2% dos pixels) após 0.7s e 1 toque(s) no E (E saiu 0.55s depois do R)
[16:42:53.435] INFO      Shooter: procedimento concluído (R repetido + E); o bot volta a andar
[16:42:53.820] BOLA      Shiny (Premier Ball): toque na tecla SPACE em (1035, 696) | similaridade 0.89 | 0.855s depois da captura | ajuste +0,+0 px
[16:42:53.928] DETECÇÃO  Vida do pokémon: 100%
[16:42:53.928] RETOMOU   Voltou a andar: 0 sprites (limite 4), ficou parado 10.4s
[16:42:53.978] BOLA      Shiny (Premier Ball): toque na tecla SPACE em (1127, 696) | similaridade 0.89 | 1.013s depois da captura | ajuste +0,+0 px
[16:42:53.990] INFO      Velocidade: muito rápido (0 sprite(s) na tela) | tecla contínua, previsão 100 ms
[16:42:53.990] DECISÃO   Teclas D+S | pos (111, 59) -> alvo (129.9197731375684, 72.9468712084031) | similaridade 1.00 (rastreio)
[16:42:54.169] BOLA      Shiny (Premier Ball): toque na tecla SPACE em (1218, 879) | similaridade 0.82 | 1.204s depois da captura | ajuste +0,+0 px
[16:42:54.339] BOLA      Shiny (Premier Ball): toque na tecla SPACE em (1035, 879) | similaridade 0.82 | 1.374s depois da captura | ajuste +0,+0 px
[16:42:54.492] BOLA      Shiny (Premier Ball): toque na tecla SPACE em (1035, 787) | similaridade 0.82 | 1.528s depois da captura | ajuste +0,+0 px
[16:42:55.425] BOLA      Shiny (Premier Ball): toque na tecla SPACE em (1135, 613) | similaridade 0.89 | 0.828s depois da captura | ajuste +0,+0 px
[16:42:55.623] BOLA      Shiny (Premier Ball): toque na tecla SPACE em (1044, 613) | similaridade 0.89 | 1.026s depois da captura | ajuste +0,+0 px
[16:42:56.545] DECISÃO   Teclas S | pos (121, 69) -> alvo (126.88745213160183, 88.77380171960996) | similaridade 1.00 (rastreio)
[16:42:56.638] BOLA      Shiny (Premier Ball): toque na tecla SPACE em (881, 451) | similaridade 0.88 | 0.900s depois da captura | ajuste +0,+0 px
[16:42:56.792] BOLA      Shiny (Premier Ball): toque na tecla SPACE em (973, 451) | similaridade 0.86 | 1.054s depois da captura | ajuste +0,+0 px
[16:42:57.570] DETECÇÃO  1 sprite(s) na tela (melhor similaridade 0.97; para com >= 4)
[16:42:57.718] INFO      Velocidade: rápido (1 sprite(s) na tela) | passo de 200 ms, previsão 50 ms
[16:42:57.754] BOLA      Shiny (Premier Ball): toque na tecla SPACE em (776, 254) | similaridade 0.89 | 0.854s depois da captura | ajuste +0,+0 px
[16:42:58.526] DETECÇÃO  3 sprite(s) na tela (melhor similaridade 0.99; para com >= 4)
[16:43:00.319] DETECÇÃO  4 sprite(s) na tela (melhor similaridade 0.98; para com >= 4)
[16:43:00.365] PAROU     Parou: 4 sprites na tela (limite 4)
[16:43:01.031] TIRO      Tiro inicial: tecla P em (686, 113) na tela, na sprite mais distante (342 px do pokémon, 4 sprite(s) na tela)
[16:43:01.032] INFO      Shooter ligado: atira com a tecla P na sprite além de 380 px do pokémon que ficar parada por 0.8s (oscilação até 20 px)
[16:43:01.050] DETECÇÃO  Shooter: 0 sprite(s) além de 380 px do pokémon | vigiando
[16:43:01.051] INFO      Shooter: todas as 4 sprite(s) dentro de 380 px; confirmo por 1.5s antes de dar o R
[16:43:03.053] TIRO      Todas as 4 sprite(s) dentro de 380 px: sequência R (repetido por 1.0s) e, 0.50s depois do R, revive (E)
[16:43:03.542] TIRO      Vida 95% (≤ 99%): tecla G
[16:43:04.057] TIRO      Shooter: R apertado 7x em 1.00s
[16:43:04.476] DETECÇÃO  0 sprite(s) na tela (melhor similaridade 0.25; para com >= 4)
[16:43:04.596] TIRO      Vida 95% (≤ 99%): tecla G
[16:43:04.602] TIRO      Revive: toque rápido em E e verifico a foto por 2.5s — tentativa 1/3
[16:43:04.648] BOLA      Shiny (Premier Ball): toque na tecla SPACE em (579, 240) | similaridade 0.78 | 0.746s depois da captura | ajuste +0,+0 px
[16:43:05.245] DETECÇÃO  Vida do pokémon: 70%
[16:43:05.250] INFO      Revive confirmado: a foto mudou (2.5% dos pixels) após 0.6s e 1 toque(s) no E (E saiu 0.54s depois do R)
[16:43:05.251] INFO      Shooter: procedimento concluído (R repetido + E); o bot volta a andar
[16:43:05.298] TIRO      Vida 70% (≤ 88%): tecla F
[16:43:06.324] DETECÇÃO  Vida do pokémon: 100%
[16:43:06.325] RETOMOU   Voltou a andar: 0 sprites (limite 4), ficou parado 6.0s
[16:43:06.395] INFO      Velocidade: muito rápido (0 sprite(s) na tela) | tecla contínua, previsão 100 ms
[16:43:06.396] DECISÃO   Teclas S | pos (121, 85) -> alvo (119.44780136341357, 112.7671862737661) | similaridade 1.00 (rastreio)
[16:43:07.341] DECISÃO   Teclas A+S | pos (121, 91) -> alvo (118.64424896437372, 119.5586289004689) | similaridade 1.00 (rastreio)
[16:43:07.462] DECISÃO   Teclas S | pos (121, 91) -> alvo (118.64424896437372, 119.5586289004689) | similaridade 1.00 (rastreio)
[16:43:07.758] DETECÇÃO  1 sprite(s) na tela (melhor similaridade 0.98; para com >= 4)
[16:43:07.874] INFO      Velocidade: rápido (1 sprite(s) na tela) | passo de 200 ms, previsão 50 ms
[16:43:08.671] DETECÇÃO  2 sprite(s) na tela (melhor similaridade 0.98; para com >= 4)
[16:43:09.726] DECISÃO   Teclas A+S | pos (119, 101) -> alvo (114.51774931717435, 127.78672102980916) | similaridade 1.00 (rastreio)
[16:43:10.049] DECISÃO   Teclas S | pos (117, 103) -> alvo (112.94651796569991, 129.479925399653) | similaridade 1.00 (rastreio)
[16:43:10.521] DETECÇÃO  3 sprite(s) na tela (melhor similaridade 0.98; para com >= 4)
[16:43:11.458] DETECÇÃO  4 sprite(s) na tela (melhor similaridade 0.98; para com >= 4)
[16:43:11.495] PAROU     Parou: 4 sprites na tela (limite 4)
[16:43:12.206] TIRO      Tiro inicial: tecla P em (1050, 814) na tela, na sprite mais distante (371 px do pokémon, 4 sprite(s) na tela)
[16:43:12.207] INFO      Shooter ligado: atira com a tecla P na sprite além de 380 px do pokémon que ficar parada por 0.8s (oscilação até 20 px)
[16:43:12.225] DETECÇÃO  Shooter: 0 sprite(s) além de 380 px do pokémon | vigiando
[16:43:12.226] INFO      Shooter: todas as 4 sprite(s) dentro de 380 px; confirmo por 1.5s antes de dar o R
[16:43:12.659] DETECÇÃO  5 sprite(s) na tela (melhor similaridade 0.98; para com >= 4)
[16:43:12.699] DETECÇÃO  Vida do pokémon: 90%
[16:43:12.752] TIRO      Vida 90% (≤ 99%): tecla G
[16:43:13.346] DETECÇÃO  Shooter: 1 sprite(s) além de 380 px do pokémon (a mais distante: 708 px) | vigiando
[16:43:13.347] ALERTA    Shooter: apareceu/ficou sprite além de 380 px durante a confirmação; o R NÃO foi dado, espero todas entrarem de novo
[16:43:13.837] TIRO      Vida 90% (≤ 99%): tecla G
[16:43:14.483] DETECÇÃO  Shooter: 2 sprite(s) além de 380 px do pokémon (a mais distante: 546 px) | vigiando
[16:43:14.967] TIRO      Vida 87% (≤ 88%): tecla F
[16:43:16.001] DETECÇÃO  Shooter: 1 sprite(s) além de 380 px do pokémon (a mais distante: 446 px) | vigiando
[16:43:16.391] DETECÇÃO  6 sprite(s) na tela (melhor similaridade 0.98; para com >= 4)
[16:43:16.437] DETECÇÃO  Vida do pokémon: 80%
[16:43:16.489] TIRO      Vida 80% (≤ 88%): tecla F
[16:43:16.508] DETECÇÃO  Shooter: 0 sprite(s) além de 380 px do pokémon | vigiando
[16:43:16.508] INFO      Shooter: todas as 6 sprite(s) dentro de 380 px; confirmo por 1.5s antes de dar o R
[16:43:17.004] TIRO      Vida 79% (≤ 88%): tecla F
[16:43:18.054] TIRO      Vida 77% (≤ 88%): tecla F
[16:43:18.076] TIRO      Todas as 6 sprite(s) dentro de 380 px: sequência R (repetido por 1.0s) e, 0.50s depois do R, revive (E)
[16:43:19.084] TIRO      Shooter: R apertado 7x em 1.01s
[16:43:19.483] DETECÇÃO  1 sprite(s) na tela (melhor similaridade 0.97; para com >= 4)
[16:43:19.574] TIRO      Vida 75% (≤ 88%): tecla F
[16:43:19.635] TIRO      Revive: toque rápido em E e verifico a foto por 2.5s — tentativa 1/3
[16:43:20.177] DETECÇÃO  Vida do pokémon: 70%
[16:43:20.263] TIRO      Vida 70% (≤ 88%): tecla F
[16:43:20.299] INFO      Revive confirmado: a foto mudou (0.7% dos pixels) após 0.7s e 1 toque(s) no E (E saiu 0.55s depois do R)
[16:43:20.300] INFO      Shooter: procedimento concluído (R repetido + E); o bot volta a andar
[16:43:20.318] BOLA      Shiny (Premier Ball): toque na tecla SPACE em (1035, 696) | similaridade 0.80 | 0.847s depois da captura | ajuste +0,+0 px
[16:43:20.473] BOLA      Shiny (Premier Ball): toque na tecla SPACE em (944, 879) | similaridade 0.75 | 1.002s depois da captura | ajuste +0,+0 px
[16:43:21.281] BOLA      Shiny (Premier Ball): toque na tecla SPACE em (1035, 696) | similaridade 0.89 | 0.728s depois da captura | ajuste +0,+0 px
[16:43:21.288] DETECÇÃO  Vida do pokémon: 100%
[16:43:21.288] RETOMOU   Voltou a andar: 1 sprites (limite 4), ficou parado 9.8s
[16:43:21.352] DECISÃO   Teclas S | pos (117, 107) -> alvo (111.0793817640816, 130.9829342587371) | similaridade 1.00 (rastreio)
[16:43:21.434] BOLA      Shiny (Premier Ball): toque na tecla SPACE em (944, 879) | similaridade 0.84 | 0.881s depois da captura | ajuste +0,+0 px
[16:43:21.586] BOLA      Shiny (Premier Ball): toque na tecla SPACE em (1035, 879) | similaridade 0.81 | 1.033s depois da captura | ajuste +0,+0 px
[16:43:21.794] BOLA      Shiny (Premier Ball): toque na tecla SPACE em (1127, 696) | similaridade 0.70 | 1.241s depois da captura | ajuste +0,+0 px
[16:43:22.668] BOLA      Shiny (Premier Ball): toque na tecla SPACE em (1035, 787) | similaridade 0.83 | 0.774s depois da captura | ajuste +0,+0 px
[16:43:24.399] TRAVADO   Seta sem sair do lugar há 2500 ms; tentativa alternativa nº 1
[16:43:24.400] DECISÃO   Teclas A+S | pos (117, 109) -> alvo (109.15134992636138, 132.15631006521184) | similaridade 1.00 (rastreio)
[16:43:25.010] INFO      Seta voltou a se mover (destravou)
[16:43:25.013] DECISÃO   Teclas S | pos (115, 111) -> alvo (107.02136547125968, 133.25484783300413) | similaridade 1.00 (rastreio)
[16:43:25.330] DECISÃO   Teclas A+S | pos (115, 113) -> alvo (104.76093537527412, 134.14380343235504) | similaridade 1.00 (rastreio)
[16:43:26.392] BOLA      Shiny (Premier Ball): toque na tecla SPACE em (1067, 482) | similaridade 0.90 | 0.769s depois da captura | ajuste +0,+0 px
[16:43:27.308] BOLA      Shiny (Premier Ball): toque na tecla SPACE em (1192, 357) | similaridade 0.85 | 0.813s depois da captura | ajuste +0,+0 px
[16:43:27.487] BOLA      Shiny (Premier Ball): toque na tecla SPACE em (1375, 265) | similaridade 0.70 | 0.993s depois da captura | ajuste +0,+0 px
[16:43:27.683] DETECÇÃO  3 sprite(s) na tela (melhor similaridade 0.98; para com >= 4)
[16:43:28.242] BOLA      Shiny (Premier Ball): toque na tecla SPACE em (1309, 240) | similaridade 0.86 | 0.668s depois da captura | ajuste +0,+0 px
[16:43:28.632] DETECÇÃO  4 sprite(s) na tela (melhor similaridade 0.98; para com >= 4)
[16:43:28.684] PAROU     Parou: 4 sprites na tela (limite 4)
[16:43:29.233] ALERTA    Shooter: nome do pokémon não encontrado na área de busca; sem ele não dá para medir as distâncias (confira a similaridade mínima).
[16:43:29.234] INFO      Shooter ligado: atira com a tecla P na sprite além de 380 px do pokémon que ficar parada por 0.8s (oscilação até 20 px)
[16:43:30.225] DETECÇÃO  7 sprite(s) na tela (melhor similaridade 0.99; para com >= 4)
[16:43:30.318] TIRO      Vida 95% (≤ 99%): tecla G
[16:43:30.983] TIRO      Tiro inicial: tecla P em (140, 894) na tela, na sprite mais distante (1088 px do pokémon, 7 sprite(s) na tela)
[16:43:31.026] DETECÇÃO  Shooter: 3 sprite(s) além de 380 px do pokémon (a mais distante: 1088 px) | vigiando
[16:43:31.505] TIRO      Vida 95% (≤ 99%): tecla G
[16:43:31.524] DETECÇÃO  Shooter: 2 sprite(s) além de 380 px do pokémon (a mais distante: 844 px) | vigiando
[16:43:31.986] DETECÇÃO  Vida do pokémon: 92%
[16:43:32.038] TIRO      Vida 92% (≤ 99%): tecla G
[16:43:33.067] DETECÇÃO  Vida do pokémon: 51%
[16:43:33.119] TIRO      Vida 51% (≤ 88%): tecla F
[16:43:33.707] DETECÇÃO  Shooter: 3 sprite(s) além de 380 px do pokémon (a mais distante: 558 px) | vigiando
[16:43:34.190] TIRO      Vida 46% (≤ 88%): tecla F
[16:43:34.742] DETECÇÃO  Shooter: 4 sprite(s) além de 380 px do pokémon (a mais distante: 628 px) | vigiando
[16:43:35.127] DETECÇÃO  8 sprite(s) na tela (melhor similaridade 0.98; para com >= 4)
[16:43:35.224] TIRO      Vida 46% (≤ 88%): tecla F
[16:43:35.807] DETECÇÃO  Shooter: 5 sprite(s) além de 380 px do pokémon (a mais distante: 701 px) | vigiando
[16:43:36.237] DETECÇÃO  Vida do pokémon: 44%
[16:43:36.288] TIRO      Vida 44% (≤ 45%): tecla C
[16:43:36.879] DETECÇÃO  Shooter: 3 sprite(s) além de 380 px do pokémon (a mais distante: 518 px) | vigiando
[16:43:37.372] DETECÇÃO  Vida do pokémon: 100%
[16:43:37.393] DETECÇÃO  Shooter: 2 sprite(s) além de 380 px do pokémon (a mais distante: 449 px) | vigiando
[16:43:37.866] DETECÇÃO  Shooter: 1 sprite(s) além de 380 px do pokémon (a mais distante: 393 px) | vigiando
[16:43:38.856] DETECÇÃO  Shooter: 0 sprite(s) além de 380 px do pokémon | vigiando
[16:43:38.857] INFO      Shooter: todas as 8 sprite(s) dentro de 380 px; confirmo por 1.5s antes de dar o R
[16:43:39.360] TIRO      Vida 98% (≤ 99%): tecla G
[16:43:39.752] DETECÇÃO  7 sprite(s) na tela (melhor similaridade 0.99; para com >= 4)
[16:43:39.793] DETECÇÃO  Vida do pokémon: 94%
[16:43:40.198] DETECÇÃO  8 sprite(s) na tela (melhor similaridade 0.98; para com >= 4)
[16:43:40.296] TIRO      Vida 90% (≤ 99%): tecla G
[16:43:40.684] DETECÇÃO  9 sprite(s) na tela (melhor similaridade 0.98; para com >= 4)
[16:43:41.318] TIRO      Todas as 9 sprite(s) dentro de 380 px: sequência R (repetido por 1.0s) e, 0.50s depois do R, revive (E)
[16:43:41.783] DETECÇÃO  Vida do pokémon: 79%
[16:43:41.835] TIRO      Vida 79% (≤ 88%): tecla F
[16:43:42.248] DETECÇÃO  1 sprite(s) na tela (melhor similaridade 0.96; para com >= 4)
[16:43:42.324] TIRO      Shooter: R apertado 7x em 1.01s
[16:43:42.350] TIRO      Vida 75% (≤ 88%): tecla F
[16:43:42.875] TIRO      Revive: toque rápido em E e verifico a foto por 2.5s — tentativa 1/3
[16:43:43.430] DETECÇÃO  Vida do pokémon: 68%
[16:43:43.476] BOLA      Shiny (Premier Ball): toque na tecla SPACE em (305, 1061) | similaridade 0.80 | 0.861s depois da captura | ajuste +0,+0 px
[16:43:43.519] TIRO      Vida 68% (≤ 88%): tecla F
[16:43:43.557] INFO      Revive confirmado: a foto mudou (2.0% dos pixels) após 0.7s e 1 toque(s) no E (E saiu 0.55s depois do R)
[16:43:43.557] INFO      Shooter: procedimento concluído (R repetido + E); o bot volta a andar
[16:43:43.654] BOLA      Shiny (Premier Ball): toque na tecla SPACE em (122, 787) | similaridade 0.76 | 1.039s depois da captura | ajuste +0,+0 px
[16:43:44.028] DETECÇÃO  Vida do pokémon: 100%
[16:43:44.029] RETOMOU   Voltou a andar: 1 sprites (limite 4), ficou parado 15.3s
[16:43:44.095] DECISÃO   Teclas A+S | pos (107, 125) -> alvo (84.0, 136.0) | similaridade 1.00 (rastreio)
[16:43:44.415] DECISÃO   Teclas A | pos (105, 127) -> alvo (78.25511593658129, 136.33426461500326) | similaridade 1.00 (rastreio)
[16:43:44.533] BOLA      Shiny (Premier Ball): toque na tecla SPACE em (213, 970) | similaridade 0.86 | 0.796s depois da captura | ajuste +0,+0 px
[16:43:44.712] BOLA      Shiny (Premier Ball): toque na tecla SPACE em (213, 879) | similaridade 0.83 | 0.975s depois da captura | ajuste +0,+0 px
[16:43:44.868] BOLA      Shiny (Premier Ball): toque na tecla SPACE em (305, 1061) | similaridade 0.80 | 1.130s depois da captura | ajuste +0,+0 px
[16:43:45.790] BOLA      Shiny (Premier Ball): toque na tecla SPACE em (122, 696) | similaridade 0.94 | 0.819s depois da captura | ajuste +0,+0 px
[16:43:45.977] BOLA      Shiny (Premier Ball): toque na tecla SPACE em (305, 696) | similaridade 0.89 | 1.005s depois da captura | ajuste +0,+0 px
[16:43:46.154] BOLA      Shiny (Premier Ball): toque na tecla SPACE em (305, 787) | similaridade 0.84 | 1.182s depois da captura | ajuste +0,+0 px
[16:43:46.307] BOLA      Shiny (Premier Ball): toque na tecla SPACE em (396, 970) | similaridade 0.84 | 1.336s depois da captura | ajuste +0,+0 px
[16:43:46.509] BOLA      Shiny (Premier Ball): toque na tecla SPACE em (305, 879) | similaridade 0.83 | 1.537s depois da captura | ajuste +0,+0 px
[16:43:47.283] BOLA      Shiny (Premier Ball): toque na tecla SPACE em (670, 696) | similaridade 0.93 | 0.698s depois da captura | ajuste +0,+0 px
[16:43:47.465] BOLA      Shiny (Premier Ball): toque na tecla SPACE em (670, 787) | similaridade 0.88 | 0.881s depois da captura | ajuste +0,+0 px
[16:43:47.657] BOLA      Shiny (Premier Ball): toque na tecla SPACE em (670, 879) | similaridade 0.85 | 1.072s depois da captura | ajuste +0,+0 px
[16:43:47.810] BOLA      Shiny (Premier Ball): toque na tecla SPACE em (761, 970) | similaridade 0.81 | 1.226s depois da captura | ajuste +0,+0 px
[16:43:48.590] BOLA      Shiny (Premier Ball): toque na tecla SPACE em (884, 696) | similaridade 0.93 | 0.704s depois da captura | ajuste +0,+0 px
[16:43:48.743] BOLA      Shiny (Premier Ball): toque na tecla SPACE em (884, 787) | similaridade 0.88 | 0.857s depois da captura | ajuste +0,+0 px
[16:43:48.925] BOLA      Shiny (Premier Ball): toque na tecla SPACE em (884, 879) | similaridade 0.85 | 1.039s depois da captura | ajuste +0,+0 px
[16:43:49.127] BOLA      Shiny (Premier Ball): toque na tecla SPACE em (975, 970) | similaridade 0.81 | 1.240s depois da captura | ajuste +0,+0 px
[16:43:49.892] BOLA      Shiny (Premier Ball): toque na tecla SPACE em (1201, 696) | similaridade 0.92 | 0.686s depois da captura | ajuste +0,+0 px
[16:43:50.091] BOLA      Shiny (Premier Ball): toque na tecla SPACE em (1201, 787) | similaridade 0.88 | 0.885s depois da captura | ajuste +0,+0 px
[16:43:50.261] BOLA      Shiny (Premier Ball): toque na tecla SPACE em (1018, 879) | similaridade 0.86 | 1.055s depois da captura | ajuste +0,+0 px
[16:43:50.415] BOLA      Shiny (Premier Ball): toque na tecla SPACE em (1201, 879) | similaridade 0.85 | 1.209s depois da captura | ajuste +0,+0 px
[16:43:50.593] BOLA      Shiny (Premier Ball): toque na tecla SPACE em (1292, 970) | similaridade 0.83 | 1.388s depois da captura | ajuste +0,+0 px
[16:43:51.086] DECISÃO   Teclas A+S | pos (77, 127) -> alvo (54.0, 134.0) | similaridade 1.00 (rastreio)
[16:43:51.353] DECISÃO   Teclas A | pos (75, 129) -> alvo (49.764225432117144, 133.30849357243423) | similaridade 1.00 (rastreio)
[16:43:51.469] BOLA      Shiny (Premier Ball): toque na tecla SPACE em (1506, 696) | similaridade 0.91 | 0.798s depois da captura | ajuste +0,+0 px
[16:43:51.646] BOLA      Shiny (Premier Ball): toque na tecla SPACE em (1506, 787) | similaridade 0.87 | 0.974s depois da captura | ajuste +0,+0 px
[16:43:51.801] BOLA      Shiny (Premier Ball): toque na tecla SPACE em (1324, 879) | similaridade 0.84 | 1.129s depois da captura | ajuste +0,+0 px
[16:43:51.826] DETECÇÃO  3 sprite(s) na tela (melhor similaridade 0.99; para com >= 4)
[16:43:52.011] BOLA      Shiny (Premier Ball): toque na tecla SPACE em (1506, 879) | similaridade 0.83 | 1.340s depois da captura | ajuste +0,+0 px
[16:43:52.213] BOLA      Shiny (Premier Ball): toque na tecla SPACE em (1598, 970) | similaridade 0.82 | 1.542s depois da captura | ajuste +0,+0 px
[16:43:52.219] TIRO      Vida 97% (≤ 99%): tecla G
[16:43:52.924] TIRO      Vida 97% (≤ 99%): tecla G
[16:43:52.987] DECISÃO   Teclas A+S | pos (71, 129) -> alvo (45.24110366978457, 131.4953228034778) | similaridade 1.00 (rastreio)
[16:43:53.023] BOLA      Shiny (Premier Ball): toque na tecla SPACE em (1766, 696) | similaridade 0.91 | 0.719s depois da captura | ajuste +0,+0 px
[16:43:53.176] BOLA      Shiny (Premier Ball): toque na tecla SPACE em (1766, 605) | similaridade 0.90 | 0.872s depois da captura | ajuste +0,+0 px
[16:43:53.339] BOLA      Shiny (Premier Ball): toque na tecla SPACE em (1766, 787) | similaridade 0.88 | 1.036s depois da captura | ajuste +0,+0 px
[16:43:53.466] DETECÇÃO  4 sprite(s) na tela (melhor similaridade 0.98; para com >= 4)
[16:43:53.503] BOLA      Shiny (Premier Ball): toque na tecla SPACE em (1857, 879) | similaridade 0.79 | 1.199s depois da captura | ajuste +0,+0 px
[16:43:53.552] TIRO      Vida 97% (≤ 99%): tecla G
[16:43:53.553] PAROU     Parou: 4 sprites na tela (limite 4)
[16:43:54.302] TIRO      Tiro inicial: tecla P em (134, 503) na tela, na sprite mais distante (1033 px do pokémon, 4 sprite(s) na tela)
[16:43:54.303] INFO      Shooter ligado: atira com a tecla P na sprite além de 380 px do pokémon que ficar parada por 0.8s (oscilação até 20 px)
[16:43:54.321] DETECÇÃO  Shooter: 2 sprite(s) além de 380 px do pokémon (a mais distante: 1033 px) | vigiando
[16:43:54.823] TIRO      Vida 97% (≤ 99%): tecla G
[16:43:54.844] DETECÇÃO  Shooter: 1 sprite(s) além de 380 px do pokémon (a mais distante: 663 px) | vigiando
[16:43:55.837] DETECÇÃO  Shooter: 0 sprite(s) além de 380 px do pokémon | vigiando
[16:43:55.838] INFO      Shooter: todas as 4 sprite(s) dentro de 380 px; confirmo por 1.5s antes de dar o R
[16:43:56.218] DETECÇÃO  5 sprite(s) na tela (melhor similaridade 0.99; para com >= 4)
[16:43:56.316] TIRO      Vida 95% (≤ 99%): tecla G
[16:43:56.881] DETECÇÃO  Shooter: 2 sprite(s) além de 380 px do pokémon (a mais distante: 515 px) | vigiando
[16:43:56.882] ALERTA    Shooter: apareceu/ficou sprite além de 380 px durante a confirmação; o R NÃO foi dado, espero todas entrarem de novo
[16:43:57.308] DETECÇÃO  Vida do pokémon: 90%
[16:43:57.360] TIRO      Vida 90% (≤ 99%): tecla G
[16:43:57.902] DETECÇÃO  Shooter: 3 sprite(s) além de 380 px do pokémon (a mais distante: 717 px) | vigiando
[16:43:58.448] TIRO      Vida 90% (≤ 99%): tecla G
[16:43:59.412] DETECÇÃO  Vida do pokémon: 82%
[16:43:59.464] TIRO      Vida 82% (≤ 88%): tecla F
[16:43:59.485] DETECÇÃO  Shooter: 1 sprite(s) além de 380 px do pokémon (a mais distante: 437 px) | vigiando
[16:44:00.467] DETECÇÃO  Shooter: 0 sprite(s) além de 380 px do pokémon | vigiando
[16:44:00.468] INFO      Shooter: todas as 5 sprite(s) dentro de 380 px; confirmo por 1.5s antes de dar o R
[16:44:00.927] DETECÇÃO  Vida do pokémon: 66%
[16:44:00.980] TIRO      Vida 66% (≤ 88%): tecla F
[16:44:01.413] DETECÇÃO  Vida do pokémon: 59%
[16:44:01.990] TIRO      Todas as 5 sprite(s) dentro de 380 px: sequência R (repetido por 1.0s) e, 0.50s depois do R, revive (E)
[16:44:02.502] TIRO      Vida 56% (≤ 88%): tecla F
[16:44:02.917] DETECÇÃO  0 sprite(s) na tela (melhor similaridade 0.25; para com >= 4)
[16:44:03.001] TIRO      Shooter: R apertado 7x em 1.01s
[16:44:03.015] TIRO      Vida 56% (≤ 88%): tecla F
[16:44:03.567] TIRO      Revive: toque rápido em E e verifico a foto por 2.5s — tentativa 1/3
[16:44:04.095] BOLA      Shiny (Premier Ball): toque na tecla SPACE em (213, 422) | similaridade 0.74 | 0.792s depois da captura | ajuste +0,+0 px
[16:44:04.249] BOLA      Shiny (Premier Ball): toque na tecla SPACE em (122, 422) | similaridade 0.73 | 0.946s depois da captura | ajuste +0,+0 px
[16:44:04.253] INFO      Revive confirmado: a foto mudou (2.0% dos pixels) após 0.7s e 1 toque(s) no E (E saiu 0.57s depois do R)
[16:44:04.255] INFO      Shooter: procedimento concluído (R repetido + E); o bot volta a andar
[16:44:04.738] DETECÇÃO  Vida do pokémon: 100%
[16:44:04.739] RETOMOU   Voltou a andar: 0 sprites (limite 4), ficou parado 11.2s
[16:44:04.801] INFO      Velocidade: muito rápido (0 sprite(s) na tela) | tecla contínua, previsão 100 ms
[16:44:04.802] DECISÃO   Teclas A | pos (69, 131) -> alvo (43.227509751612175, 130.35524602588765) | similaridade 1.00 (rastreio)
[16:44:05.097] BOLA      Shiny (Premier Ball): toque na tecla SPACE em (213, 605) | similaridade 0.85 | 0.765s depois da captura | ajuste +0,+0 px
[16:44:05.250] BOLA      Shiny (Premier Ball): toque na tecla SPACE em (213, 513) | similaridade 0.81 | 0.918s depois da captura | ajuste +0,+0 px
[16:44:05.368] DETECÇÃO  1 sprite(s) na tela (melhor similaridade 0.97; para com >= 4)
[16:44:05.410] BOLA      Shiny (Premier Ball): toque na tecla SPACE em (122, 422) | similaridade 0.81 | 1.079s depois da captura | ajuste +0,+0 px
[16:44:05.533] INFO      Velocidade: rápido (1 sprite(s) na tela) | passo de 200 ms, previsão 50 ms
[16:44:06.316] BOLA      Shiny (Premier Ball): toque na tecla SPACE em (396, 605) | similaridade 0.88 | 0.818s depois da captura | ajuste +0,+0 px
[16:44:06.504] BOLA      Shiny (Premier Ball): toque na tecla SPACE em (305, 422) | similaridade 0.84 | 1.006s depois da captura | ajuste +0,+0 px
[16:44:07.298] BOLA      Shiny (Premier Ball): toque na tecla SPACE em (587, 605) | similaridade 0.86 | 0.712s depois da captura | ajuste +0,+0 px
[16:44:07.369] DECISÃO   Teclas A+W | pos (57, 131) -> alvo (34.620666664677536, 121.01879170692717) | similaridade 1.00 (rastreio)
[16:44:07.452] BOLA      Shiny (Premier Ball): toque na tecla SPACE em (405, 422) | similaridade 0.84 | 0.866s depois da captura | ajuste +0,+0 px
[16:44:07.614] BOLA      Shiny (Premier Ball): toque na tecla SPACE em (496, 422) | similaridade 0.83 | 1.028s depois da captura | ajuste +0,+0 px
[16:44:08.393] BOLA      Shiny (Premier Ball): toque na tecla SPACE em (710, 462) | similaridade 0.87 | 0.703s depois da captura | ajuste +0,+0 px
[16:44:08.588] BOLA      Shiny (Premier Ball): toque na tecla SPACE em (619, 462) | similaridade 0.85 | 0.897s depois da captura | ajuste +0,+0 px
[16:44:08.780] BOLA      Shiny (Premier Ball): toque na tecla SPACE em (801, 645) | similaridade 0.84 | 1.089s depois da captura | ajuste +0,+0 px
[16:44:08.953] BOLA      Shiny (Premier Ball): toque na tecla SPACE em (801, 553) | similaridade 0.82 | 1.262s depois da captura | ajuste +0,+0 px
[16:44:09.860] BOLA      Shiny (Premier Ball): toque na tecla SPACE em (970, 813) | similaridade 0.87 | 0.785s depois da captura | ajuste +0,+0 px
[16:44:10.036] BOLA      Shiny (Premier Ball): toque na tecla SPACE em (787, 630) | similaridade 0.85 | 0.961s depois da captura | ajuste +0,+0 px
[16:44:10.188] BOLA      Shiny (Premier Ball): toque na tecla SPACE em (970, 722) | similaridade 0.84 | 1.113s depois da captura | ajuste +0,+0 px
[16:44:10.342] BOLA      Shiny (Premier Ball): toque na tecla SPACE em (878, 630) | similaridade 0.83 | 1.266s depois da captura | ajuste +0,+0 px
[16:44:11.106] BOLA      Shiny (Premier Ball): toque na tecla SPACE em (1127, 970) | similaridade 0.86 | 0.681s depois da captura | ajuste +0,+0 px
[16:44:11.266] BOLA      Shiny (Premier Ball): toque na tecla SPACE em (944, 787) | similaridade 0.86 | 0.841s depois da captura | ajuste +0,+0 px
[16:44:11.420] BOLA      Shiny (Premier Ball): toque na tecla SPACE em (1035, 787) | similaridade 0.84 | 0.995s depois da captura | ajuste +0,+0 px
[16:44:11.473] DETECÇÃO  Vida do pokémon: 77%
[16:44:11.525] TIRO      Vida 77% (≤ 88%): tecla F
[16:44:11.574] BOLA      Shiny (Premier Ball): toque na tecla SPACE em (1127, 879) | similaridade 0.83 | 1.149s depois da captura | ajuste +0,+0 px
[16:44:12.316] BOLA      Shiny (Premier Ball): toque na tecla SPACE em (1035, 970) | similaridade 0.85 | 0.660s depois da captura | ajuste +0,+0 px
[16:44:12.364] DETECÇÃO  2 sprite(s) na tela (melhor similaridade 0.97; para com >= 4)
[16:44:12.457] TIRO      Vida 73% (≤ 88%): tecla F
[16:44:12.502] BOLA      Shiny (Premier Ball): toque na tecla SPACE em (1127, 970) | similaridade 0.85 | 0.846s depois da captura | ajuste +0,+0 px
[16:44:13.043] DETECÇÃO  Vida do pokémon: 70%
[16:44:13.095] TIRO      Vida 70% (≤ 88%): tecla F
[16:44:13.160] DECISÃO   Teclas W | pos (43, 115) -> alvo (36.45916463682247, 94.37239807128196) | similaridade 1.00 (rastreio)
[16:44:13.764] TIRO      Vida 70% (≤ 88%): tecla F
[16:44:14.419] TIRO      Vida 67% (≤ 88%): tecla F
[16:44:14.977] DETECÇÃO  3 sprite(s) na tela (melhor similaridade 0.98; para com >= 4)
[16:44:15.081] TIRO      Vida 67% (≤ 88%): tecla F
[16:44:15.662] DETECÇÃO  4 sprite(s) na tela (melhor similaridade 0.98; para com >= 4)
[16:44:15.764] TIRO      Vida 66% (≤ 88%): tecla F
[16:44:15.764] PAROU     Parou: 4 sprites na tela (limite 4)
[16:44:16.445] TIRO      Tiro inicial: tecla P em (960, 230) na tela, na sprite mais distante (652 px do pokémon, 4 sprite(s) na tela)
[16:44:16.445] INFO      Shooter ligado: atira com a tecla P na sprite além de 380 px do pokémon que ficar parada por 0.8s (oscilação até 20 px)
[16:44:16.465] DETECÇÃO  Shooter: 2 sprite(s) além de 380 px do pokémon (a mais distante: 652 px) | vigiando
[16:44:16.964] TIRO      Vida 66% (≤ 88%): tecla F
[16:44:16.983] DETECÇÃO  Shooter: 0 sprite(s) além de 380 px do pokémon | vigiando
[16:44:16.984] INFO      Shooter: todas as 4 sprite(s) dentro de 380 px; confirmo por 1.5s antes de dar o R
[16:44:18.467] TIRO      Vida 66% (≤ 88%): tecla F
[16:44:19.041] TIRO      Todas as 4 sprite(s) dentro de 380 px: sequência R (repetido por 1.0s) e, 0.50s depois do R, revive (E)
[16:44:19.467] DETECÇÃO  Vida do pokémon: 63%
[16:44:19.520] TIRO      Vida 63% (≤ 88%): tecla F
[16:44:20.037] TIRO      Vida 62% (≤ 88%): tecla F
[16:44:20.058] TIRO      Shooter: R apertado 7x em 1.01s
[16:44:20.453] DETECÇÃO  1 sprite(s) na tela (melhor similaridade 0.99; para com >= 4)
[16:44:20.555] TIRO      Vida 62% (≤ 88%): tecla F
[16:44:20.610] TIRO      Revive: toque rápido em E e verifico a foto por 2.5s — tentativa 1/3
[16:44:21.087] DETECÇÃO  Vida do pokémon: 72%
[16:44:21.159] TIRO      Vida 72% (≤ 88%): tecla F
[16:44:21.335] INFO      Revive confirmado: a foto mudou (1.0% dos pixels) após 0.7s e 1 toque(s) no E (E saiu 0.55s depois do R)
[16:44:21.336] INFO      Shooter: procedimento concluído (R repetido + E); o bot volta a andar
[16:44:21.713] BOLA      Shiny (Premier Ball): toque na tecla SPACE em (853, 331) | similaridade 0.85 | 0.846s depois da captura | ajuste +0,+0 px
[16:44:22.320] DETECÇÃO  Vida do pokémon: 100%
[16:44:22.321] RETOMOU   Voltou a andar: 1 sprites (limite 4), ficou parado 6.6s
[16:44:22.386] DECISÃO   Teclas W | pos (43, 109) -> alvo (36.664330167853095, 87.49883624231241) | similaridade 1.00 (rastreio)
[16:44:22.511] BOLA      Shiny (Premier Ball): toque na tecla SPACE em (944, 331) | similaridade 0.85 | 0.712s depois da captura | ajuste +0,+0 px
[16:44:24.289] DECISÃO   Teclas A+W | pos (43, 101) -> alvo (34.7880638250147, 82.4064922833533) | similaridade 1.00 (rastreio)
[16:44:24.621] DECISÃO   Teclas W | pos (41, 99) -> alvo (34.368261120246785, 80.93077725134856) | similaridade 1.00 (rastreio)
[16:44:25.588] DECISÃO   Teclas A+W | pos (41, 95) -> alvo (33.53978326555848, 78.05637611720303) | similaridade 1.00 (rastreio)
[16:44:26.095] DETECÇÃO  2 sprite(s) na tela (melhor similaridade 0.99; para com >= 4)
[16:44:26.212] DECISÃO   Teclas W | pos (39, 93) -> alvo (32.9123957663555, 75.12478105854052) | similaridade 1.00 (rastreio)
[16:44:26.454] DETECÇÃO  Vida do pokémon: 79%
[16:44:26.515] TIRO      Vida 79% (≤ 88%): tecla F
[16:44:27.071] DETECÇÃO  3 sprite(s) na tela (melhor similaridade 0.99; para com >= 4)
[16:44:27.160] TIRO      Vida 76% (≤ 88%): tecla F
[16:44:27.250] BOLA      Shiny (Premier Ball): toque na tecla SPACE em (1035, 953) | similaridade 0.77 | 0.729s depois da captura | ajuste +0,+0 px
[16:44:27.989] DETECÇÃO  4 sprite(s) na tela (melhor similaridade 0.97; para com >= 4)
[16:44:28.093] TIRO      Vida 76% (≤ 88%): tecla F
[16:44:28.094] PAROU     Parou: 4 sprites na tela (limite 4)
[16:44:28.559] BOLA      Normal (Ultra Ball): toque na tecla T em (1206, 131) | similaridade 0.81 | 0.418s depois da captura | ajuste +0,+0 px
[16:44:28.773] TIRO      Tiro inicial: tecla P em (1416, 118) na tela, na sprite mais distante (869 px do pokémon, 4 sprite(s) na tela)
[16:44:28.774] INFO      Shooter ligado: atira com a tecla P na sprite além de 380 px do pokémon que ficar parada por 0.8s (oscilação até 20 px)
[16:44:28.794] DETECÇÃO  Shooter: 1 sprite(s) além de 380 px do pokémon (a mais distante: 869 px) | vigiando
[16:44:29.228] DETECÇÃO  Vida do pokémon: 74%
[16:44:29.280] TIRO      Vida 74% (≤ 88%): tecla F
[16:44:30.763] DETECÇÃO  Vida do pokémon: 54%
[16:44:30.815] TIRO      Vida 54% (≤ 88%): tecla F
[16:44:31.882] TIRO      Vida 51% (≤ 88%): tecla F
[16:44:32.480] DETECÇÃO  Shooter: 0 sprite(s) além de 380 px do pokémon | vigiando
[16:44:32.481] INFO      Shooter: todas as 4 sprite(s) dentro de 380 px; confirmo por 1.5s antes de dar o R
[16:44:32.965] TIRO      Vida 50% (≤ 88%): tecla F
[16:44:34.147] DETECÇÃO  3 sprite(s) na tela (melhor similaridade 0.97; para com >= 4)
[16:44:34.308] TIRO      Vida 51% (≤ 88%): tecla F
[16:44:34.309] RETOMOU   Voltou a andar: 3 sprites (limite 4), ficou parado 6.2s
[16:44:34.366] DECISÃO   Teclas A+W | pos (39, 85) -> alvo (32.75307586334097, 70.79510143617965) | similaridade 1.00 (rastreio)
[16:44:34.969] TIRO      Vida 51% (≤ 88%): tecla F
[16:44:35.028] DECISÃO   Teclas W | pos (37, 83) -> alvo (33.931054152851324, 66.8046587978182) | similaridade 1.00 (rastreio)
[16:44:35.529] DETECÇÃO  6 sprite(s) na tela (melhor similaridade 0.99; para com >= 4)
[16:44:35.569] DETECÇÃO  Vida do pokémon: 41%
[16:44:35.622] TIRO      Vida 41% (≤ 45%): tecla C
[16:44:35.623] PAROU     Parou: 6 sprites na tela (limite 4)
[16:44:36.194] ALERTA    Shooter: nome do pokémon não encontrado na área de busca; sem ele não dá para medir as distâncias (confira a similaridade mínima).
[16:44:36.195] INFO      Shooter ligado: atira com a tecla P na sprite além de 380 px do pokémon que ficar parada por 0.8s (oscilação até 20 px)
[16:44:37.157] DETECÇÃO  7 sprite(s) na tela (melhor similaridade 0.99; para com >= 4)
[16:44:37.202] DETECÇÃO  Vida do pokémon: 90%
[16:44:37.257] TIRO      Vida 90% (≤ 99%): tecla G
[16:44:38.905] DETECÇÃO  8 sprite(s) na tela (melhor similaridade 0.98; para com >= 4)
[16:44:38.951] DETECÇÃO  Vida do pokémon: 79%
[16:44:39.013] TIRO      Vida 79% (≤ 88%): tecla F
[16:44:39.702] TIRO      Tiro inicial: tecla P em (1332, 164) na tela, na sprite mais distante (436 px do pokémon, 8 sprite(s) na tela)
[16:44:39.721] DETECÇÃO  Shooter: 1 sprite(s) além de 380 px do pokémon (a mais distante: 436 px) | vigiando
[16:44:40.150] DETECÇÃO  9 sprite(s) na tela (melhor similaridade 0.99; para com >= 4)
[16:44:40.188] DETECÇÃO  Vida do pokémon: 51%
[16:44:40.240] TIRO      Vida 51% (≤ 88%): tecla F
[16:44:41.377] TIRO      Vida 51% (≤ 88%): tecla F
[16:44:41.967] DETECÇÃO  Shooter: 0 sprite(s) além de 380 px do pokémon | vigiando
[16:44:41.967] INFO      Shooter: todas as 9 sprite(s) dentro de 380 px; confirmo por 1.5s antes de dar o R
[16:44:42.364] DETECÇÃO  7 sprite(s) na tela (melhor similaridade 0.98; para com >= 4)
[16:44:42.404] DETECÇÃO  Vida do pokémon: 37%
[16:44:42.456] TIRO      Vida 37% (≤ 45%): tecla C
[16:44:42.974] DETECÇÃO  Vida do pokémon: 14%
[16:44:43.377] DETECÇÃO  6 sprite(s) na tela (melhor similaridade 0.98; para com >= 4)
[16:44:43.422] DETECÇÃO  Vida do pokémon: 100%
[16:44:44.085] TIRO      Todas as 6 sprite(s) dentro de 380 px: sequência R (repetido por 1.0s) e, 0.50s depois do R, revive (E)
[16:44:45.106] TIRO      Shooter: R apertado 7x em 1.02s
[16:44:45.504] DETECÇÃO  7 sprite(s) na tela (melhor similaridade 0.99; para com >= 4)
[16:44:45.662] TIRO      Revive: toque rápido em E e verifico a foto por 2.5s — tentativa 1/3
[16:44:46.223] INFO      Revive confirmado: a foto mudou (10.2% dos pixels) após 0.6s e 1 toque(s) no E (E saiu 0.56s depois do R)
[16:44:46.224] INFO      Shooter: procedimento concluído (R repetido + E); o bot volta a andar
[16:44:46.761] RETOMOU   Voltou a andar: 7 sprites (limite 4), ficou parado 11.1s
[16:44:46.833] INFO      Velocidade: devagar (7 sprite(s) na tela) | passo de 120 ms, previsão 0 ms
[16:44:46.833] DECISÃO   Teclas W | pos (37, 81) -> alvo (33.931054152851324, 66.8046587978182) | similaridade 1.00 (rastreio)
[16:44:47.446] DETECÇÃO  9 sprite(s) na tela (melhor similaridade 0.98; para com >= 4)
[16:44:48.180] DETECÇÃO  Vida do pokémon: 82%
[16:44:48.232] TIRO      Vida 82% (≤ 88%): tecla F
[16:44:49.061] TIRO      Vida 79% (≤ 88%): tecla F
[16:44:49.763] DETECÇÃO  Vida do pokémon: 77%
[16:44:49.815] TIRO      Vida 77% (≤ 88%): tecla F
[16:44:50.488] DETECÇÃO  8 sprite(s) na tela (melhor similaridade 0.98; para com >= 4)
[16:44:50.586] TIRO      Vida 74% (≤ 88%): tecla F
[16:44:50.651] DECISÃO   Teclas D+W | pos (37, 71) -> alvo (42.65784494785192, 59.50372281568208) | similaridade 1.00 (rastreio)
[16:44:51.244] DETECÇÃO  7 sprite(s) na tela (melhor similaridade 0.98; para com >= 4)
[16:44:51.337] TIRO      Vida 74% (≤ 88%): tecla F
[16:44:52.084] TIRO      Vida 74% (≤ 88%): tecla F
[16:44:52.780] DETECÇÃO  Vida do pokémon: 70%
[16:44:52.832] TIRO      Vida 70% (≤ 88%): tecla F
[16:44:53.599] TIRO      Vida 66% (≤ 88%): tecla F
[16:44:54.256] DETECÇÃO  8 sprite(s) na tela (melhor similaridade 0.99; para com >= 4)
[16:44:54.355] TIRO      Vida 66% (≤ 88%): tecla F
[16:44:55.067] DETECÇÃO  Vida do pokémon: 60%
[16:44:55.119] TIRO      Vida 60% (≤ 88%): tecla F
[16:44:55.872] TIRO      Vida 60% (≤ 88%): tecla F
[16:44:56.120] DECISÃO   Teclas W | pos (53, 53) -> alvo (60.545620993531976, 33.62685124522484) | similaridade 1.00 (rastreio)
[16:44:56.624] TIRO      Vida 59% (≤ 88%): tecla F
[16:44:56.869] DECISÃO   Teclas D+W | pos (53, 51) -> alvo (63.84170489856807, 29.940524111835973) | similaridade 1.00 (rastreio)
[16:44:57.305] DETECÇÃO  7 sprite(s) na tela (melhor similaridade 0.98; para com >= 4)
[16:44:57.404] TIRO      Vida 59% (≤ 88%): tecla F
[16:44:58.046] DETECÇÃO  8 sprite(s) na tela (melhor similaridade 0.98; para com >= 4)
[16:44:58.086] DETECÇÃO  Vida do pokémon: 53%
[16:44:58.138] TIRO      Vida 53% (≤ 88%): tecla F
[16:44:58.878] DETECÇÃO  6 sprite(s) na tela (melhor similaridade 0.99; para com >= 4)
[16:44:58.972] TIRO      Vida 50% (≤ 88%): tecla F
[16:44:59.713] DETECÇÃO  5 sprite(s) na tela (melhor similaridade 0.99; para com >= 4)
[16:44:59.807] TIRO      Vida 50% (≤ 88%): tecla F
[16:45:00.558] DETECÇÃO  6 sprite(s) na tela (melhor similaridade 0.98; para com >= 4)
[16:45:00.658] TIRO      Vida 50% (≤ 88%): tecla F
[16:45:01.391] DETECÇÃO  5 sprite(s) na tela (melhor similaridade 0.98; para com >= 4)
[16:45:01.492] TIRO      Vida 50% (≤ 88%): tecla F
[16:45:01.758] DETECÇÃO  Vida do pokémon: 41%
[16:45:01.810] TIRO      Vida 41% (≤ 45%): tecla C
[16:45:02.274] DETECÇÃO  9 sprite(s) na tela (melhor similaridade 0.99; para com >= 4)
[16:45:02.323] DETECÇÃO  Vida do pokémon: 92%
[16:45:02.375] TIRO      Vida 92% (≤ 99%): tecla G
[16:45:02.477] DECISÃO   Teclas D | pos (65, 35) -> alvo (87.14984528111933, 27.05690092777891) | similaridade 1.00 (rastreio)
[16:45:02.645] DETECÇÃO  Vida do pokémon: 82%
[16:45:02.697] TIRO      Vida 82% (≤ 88%): tecla F
[16:45:03.155] DETECÇÃO  7 sprite(s) na tela (melhor similaridade 0.99; para com >= 4)
[16:45:03.244] TIRO      Vida 82% (≤ 88%): tecla F
[16:45:03.975] DETECÇÃO  10 sprite(s) na tela (melhor similaridade 0.98; para com >= 4)
[16:45:04.076] TIRO      Vida 80% (≤ 88%): tecla F
[16:45:04.822] DETECÇÃO  14 sprite(s) na tela (melhor similaridade 0.99; para com >= 4)
[16:45:04.914] TIRO      Vida 80% (≤ 88%): tecla F
[16:45:05.571] DETECÇÃO  13 sprite(s) na tela (melhor similaridade 0.99; para com >= 4)
[16:45:05.662] TIRO      Vida 80% (≤ 88%): tecla F
[16:45:05.906] DECISÃO   Teclas D+S | pos (81, 35) -> alvo (99.43753493378676, 43.71285892660043) | similaridade 1.00 (rastreio)
[16:45:06.415] TIRO      Vida 79% (≤ 88%): tecla F
[16:45:07.071] DETECÇÃO  16 sprite(s) na tela (melhor similaridade 0.98; para com >= 4)
[16:45:07.115] DETECÇÃO  Vida do pokémon: 73%
[16:45:07.168] TIRO      Vida 73% (≤ 88%): tecla F
[16:45:07.413] DECISÃO   Teclas D | pos (85, 41) -> alvo (110.66349417282152, 51.22789759784065) | similaridade 1.00 (rastreio)
[16:45:07.841] DETECÇÃO  15 sprite(s) na tela (melhor similaridade 0.99; para com >= 4)
[16:45:07.886] DETECÇÃO  Vida do pokémon: 62%
[16:45:07.939] TIRO      Vida 62% (≤ 88%): tecla F
[16:45:07.992] DECISÃO   Teclas D+S | pos (87, 41) -> alvo (110.66349417282152, 51.22789759784065) | similaridade 1.00 (rastreio)
[16:45:08.578] DETECÇÃO  17 sprite(s) na tela (melhor similaridade 0.99; para com >= 4)
[16:45:08.613] DETECÇÃO  Vida do pokémon: 50%
[16:45:08.665] TIRO      Vida 50% (≤ 88%): tecla F
[16:45:08.768] DECISÃO   Teclas D | pos (87, 43) -> alvo (110.66349417282152, 51.22789759784065) | similaridade 1.00 (rastreio)
[16:45:09.403] DETECÇÃO  15 sprite(s) na tela (melhor similaridade 0.99; para com >= 4)
[16:45:09.497] TIRO      Vida 50% (≤ 88%): tecla F
[16:45:09.544] DECISÃO   Teclas D+S | pos (91, 43) -> alvo (110.66349417282152, 51.22789759784065) | similaridade 1.00 (rastreio)
[16:45:09.727] DECISÃO   Teclas D | pos (93, 45) -> alvo (114.05795472259011, 53.109285742921955) | similaridade 1.00 (rastreio)
[16:45:10.146] DETECÇÃO  12 sprite(s) na tela (melhor similaridade 0.99; para com >= 4)
[16:45:10.234] TIRO      Vida 51% (≤ 88%): tecla F
[16:45:10.295] DECISÃO   Teclas D+S | pos (95, 45) -> alvo (119.24163687066725, 56.56582074632516) | similaridade 1.00 (rastreio)
[16:45:10.926] DETECÇÃO  10 sprite(s) na tela (melhor similaridade 0.99; para com >= 4)
[16:45:11.019] TIRO      Vida 51% (≤ 88%): tecla F
[16:45:11.266] DECISÃO   Teclas D | pos (99, 49) -> alvo (120.90165986482825, 57.93963241770944) | similaridade 1.00 (rastreio)
[16:45:11.699] DETECÇÃO  8 sprite(s) na tela (melhor similaridade 0.99; para com >= 4)
[16:45:11.735] DETECÇÃO  Vida do pokémon: 29%
[16:45:11.787] TIRO      Vida 29% (≤ 45%): tecla C
[16:45:12.040] DECISÃO   Teclas D+S | pos (101, 49) -> alvo (120.90165986482825, 57.93963241770944) | similaridade 1.00 (rastreio)
[16:45:12.550] DECISÃO   Teclas D | pos (101, 51) -> alvo (120.90165986482825, 57.93963241770944) | similaridade 1.00 (rastreio)
[16:45:12.736] DECISÃO   Teclas D+S | pos (103, 51) -> alvo (123.99573749241432, 61.05958227247113) | similaridade 1.00 (rastreio)
[16:45:13.138] DETECÇÃO  7 sprite(s) na tela (melhor similaridade 0.99; para com >= 4)
[16:45:13.264] TIRO      Vida 29% (≤ 45%): tecla C
[16:45:13.955] DETECÇÃO  9 sprite(s) na tela (melhor similaridade 0.99; para com >= 4)
[16:45:14.645] DETECÇÃO  10 sprite(s) na tela (melhor similaridade 0.99; para com >= 4)
[16:45:14.687] DETECÇÃO  Vida do pokémon: 10%
[16:45:14.739] TIRO      Vida 10% (≤ 45%): tecla C
[16:45:15.393] DETECÇÃO  8 sprite(s) na tela (melhor similaridade 0.99; para com >= 4)
[16:45:16.230] TIRO      Vida 10% (≤ 45%): tecla C
[16:45:16.871] DETECÇÃO  5 sprite(s) na tela (melhor similaridade 0.98; para com >= 4)
[16:45:16.906] DETECÇÃO  Vida do pokémon: 100%
[16:45:17.574] DETECÇÃO  4 sprite(s) na tela (melhor similaridade 0.99; para com >= 4)
[16:45:18.280] DETECÇÃO  3 sprite(s) na tela (melhor similaridade 0.98; para com >= 4)
[16:45:18.395] INFO      Velocidade: rápido (3 sprite(s) na tela) | passo de 200 ms, previsão 50 ms
[16:45:18.716] DECISÃO   Teclas S | pos (121, 69) -> alvo (126.88745213160183, 88.77380171960996) | similaridade 1.00 (rastreio)
[16:45:19.227] DETECÇÃO  4 sprite(s) na tela (melhor similaridade 0.98; para com >= 4)
[16:45:19.278] PAROU     Parou: 4 sprites na tela (limite 4)
[16:45:19.826] ALERTA    Shooter: nome do pokémon não encontrado na área de busca; sem ele não dá para medir as distâncias (confira a similaridade mínima).
[16:45:19.827] INFO      Shooter ligado: atira com a tecla P na sprite além de 380 px do pokémon que ficar parada por 0.8s (oscilação até 20 px)
[16:45:20.823] DETECÇÃO  7 sprite(s) na tela (melhor similaridade 0.98; para com >= 4)
[16:45:22.328] DETECÇÃO  6 sprite(s) na tela (melhor similaridade 0.98; para com >= 4)
[16:45:22.943] ALERTA    Tiro inicial: não consegui mirar em 3.0s (nome do pokémon ou sprites não encontrados); desisti desta parada
[16:45:55.625] DETECÇÃO  0 sprite(s) na tela (melhor similaridade 0.25; para com >= 4)
[16:45:55.667] DETECÇÃO  Vida do pokémon: 32%
[16:45:55.719] TIRO      Vida 32% (≤ 45%): tecla C
[16:45:55.720] RETOMOU   Voltou a andar: 0 sprites (limite 4), ficou parado 36.4s
[16:45:55.768] INFO      Janela que recebe as teclas: 'PokeAlliance'
[16:45:55.786] ALERTA    Perdi a posição: o mapa ao vivo não casa com o mapa completo (similaridade 0.00, mínimo 0.55). Sigo na mesma direção por até 2.0s e depois ando 0,5s a cada 2s até casar de novo.
[16:45:55.963] ALERTA    Mapa não casou (similaridade 0.00): estimo a posição pelo deslocamento do terreno por até 25 quadros
[16:45:55.964] INFO      Posição reencontrada no mapa completo (similaridade 0.00, rastreio)
[16:45:55.964] INFO      Velocidade: muito rápido (0 sprite(s) na tela) | tecla contínua, previsão 100 ms
[16:45:55.965] DECISÃO   Teclas S | pos (121, 69) -> alvo (126.88745213160183, 88.77380171960996) | similaridade 0.00 (rastreio)
[16:45:56.966] TIRO      Vida 32% (≤ 45%): tecla C
[16:45:58.018] TIRO      Vida 32% (≤ 45%): tecla C
[16:45:58.468] TRAVADO   Seta sem sair do lugar há 2500 ms; tentativa alternativa nº 1
[16:45:58.469] DECISÃO   Teclas D+S | pos (121, 69) -> alvo (126.88745213160183, 88.77380171960996) | similaridade 0.00 (rastreio)
[16:45:59.168] TIRO      Vida 32% (≤ 45%): tecla C
[16:46:00.069] ALERTA    Perdi a posição: o mapa ao vivo não casa com o mapa completo (similaridade 0.00, mínimo 0.55). Sigo na mesma direção por até 2.0s e depois ando 0,5s a cada 2s até casar de novo.
[16:46:00.625] TIRO      Vida 32% (≤ 45%): tecla C
[16:46:01.440] ALERTA    Janela que recebe as teclas: 'Bot da seta'  <- é a janela do bot, não a do jogo!
[16:46:02.164] TIRO      Vida 31% (≤ 45%): tecla C
[16:46:03.345] INFO      Bot DESATIVADO
[16:49:04.714] INFO      ===== Sessão iniciada em 03/10/2026 16:49:04 =====
[16:49:04.715] INFO      Bot ATIVADO
[16:49:04.716] INFO      Envio de teclas: pyautogui | movimento por WASD
[16:49:04.750] INFO      Seta localizada pela sprite da seta (12x12px, similaridade mínima 0.75)
[16:49:04.751] INFO      Mapa completo 149x160: 37% corredor, 63% obstáculo, 0% sem marcar (conta como obstáculo)
[16:49:04.751] INFO      Rota calculada: 180 pontos, sentido horário, curvas abertas em 85% do corredor
[16:49:04.752] INFO      Tolerância de travamento: 2500 ms sem a seta sair do lugar
[16:49:04.752] INFO      Detecção de sprites ligada: parar com >= 4 (limiar 0.9, a cada 0.35s)
[16:49:04.786] INFO      Posição da seta: um recorte de 97px ao redor da seta será comparado com o mapa completo (escala salva 0.5007 (recalibra sozinho se não casar))
[16:49:04.825] INFO      Revive: foto de referência guardada na memória (35x36px)
[16:49:04.869] INFO      Pokeball: perfis ativos: Normal (Ultra Ball) → T (prioridade 1); Shiny (Premier Ball) → SPACE (prioridade 2)
[16:49:05.158] DETECÇÃO  0 sprite(s) na tela (melhor similaridade 0.25; para com >= 4)
[16:49:05.159] INFO      Habilidades por vida ligadas: ≤45% → C, ≤88% → F, ≤99% → G (barra achada pela sprite life bar)
[16:49:05.209] DETECÇÃO  Vida do pokémon: 100%
[16:49:05.267] ALERTA    Janela que recebe as teclas: 'Bot da seta'  <- é a janela do bot, não a do jogo!
[16:49:05.299] INFO      Seta localizada no mapa completo em (75, 33), sobre corredor
[16:49:05.299] INFO      Velocidade: muito rápido (0 sprite(s) na tela) | tecla contínua, previsão 100 ms
[16:49:05.300] DECISÃO   Teclas D | pos (75, 33) -> alvo (94.07461809622802, 34.696228685607245) | similaridade 1.00 (busca)
[16:49:05.312] INFO      Windows registrou a tecla enviada (pyautogui). Se mesmo assim a janela não reage, ela filtra teclas enviadas por software.
[16:49:05.372] INFO      Janela que recebe as teclas: 'PokeAlliance - Ze Pilintra'
[16:49:05.821] BOLA      Shiny (Premier Ball): toque na tecla SPACE em (1218, 605) | similaridade 0.91 | 0.923s depois da captura | ajuste +0,+0 px
[16:49:05.984] BOLA      Shiny (Premier Ball): toque na tecla SPACE em (1309, 787) | similaridade 0.88 | 1.086s depois da captura | ajuste +0,+0 px
[16:49:06.052] DECISÃO   Teclas D+S | pos (79, 33) -> alvo (97.48336645988572, 41.03337052181551) | similaridade 1.00 (rastreio)
[16:49:06.167] BOLA      Shiny (Premier Ball): toque na tecla SPACE em (1401, 787) | similaridade 0.87 | 1.269s depois da captura | ajuste +0,+0 px
[16:49:06.353] BOLA      Shiny (Premier Ball): toque na tecla SPACE em (1401, 970) | similaridade 0.83 | 1.455s depois da captura | ajuste +0,+0 px
[16:49:06.507] BOLA      Shiny (Premier Ball): toque na tecla SPACE em (1401, 879) | similaridade 0.80 | 1.609s depois da captura | ajuste +0,+0 px
[16:49:06.621] DECISÃO   Teclas D | pos (79, 37) -> alvo (97.48336645988572, 41.03337052181551) | similaridade 1.00 (rastreio)
[16:49:06.670] BOLA      Shiny (Premier Ball): toque na tecla SPACE em (1309, 879) | similaridade 0.79 | 1.772s depois da captura | ajuste +0,+0 px
[16:49:06.869] BOLA      Shiny (Premier Ball): toque na tecla SPACE em (1218, 879) | similaridade 0.79 | 1.971s depois da captura | ajuste +0,+0 px
[16:49:07.949] BOLA      Shiny (Premier Ball): toque na tecla SPACE em (1218, 542) | similaridade 0.94 | 0.996s depois da captura | ajuste +0,+0 px
[16:49:08.120] BOLA      Shiny (Premier Ball): toque na tecla SPACE em (1127, 542) | similaridade 0.90 | 1.167s depois da captura | ajuste +0,+0 px
[16:49:08.303] BOLA      Shiny (Premier Ball): toque na tecla SPACE em (1035, 359) | similaridade 0.86 | 1.350s depois da captura | ajuste +0,+0 px
[16:49:08.484] BOLA      Shiny (Premier Ball): toque na tecla SPACE em (944, 359) | similaridade 0.85 | 1.531s depois da captura | ajuste +0,+0 px
[16:49:08.637] BOLA      Shiny (Premier Ball): toque na tecla SPACE em (1218, 633) | similaridade 0.83 | 1.685s depois da captura | ajuste +0,+0 px
[16:49:08.713] DETECÇÃO  1 sprite(s) na tela (melhor similaridade 0.97; para com >= 4)
[16:49:08.804] BOLA      Shiny (Premier Ball): toque na tecla SPACE em (1218, 725) | similaridade 0.81 | 1.852s depois da captura | ajuste +0,+0 px
[16:49:08.824] INFO      Velocidade: rápido (1 sprite(s) na tela) | passo de 200 ms, previsão 50 ms
[16:49:08.957] BOLA      Shiny (Premier Ball): toque na tecla SPACE em (1127, 633) | similaridade 0.81 | 2.004s depois da captura | ajuste +0,+0 px
[16:49:09.111] BOLA      Shiny (Premier Ball): toque na tecla SPACE em (944, 451) | similaridade 0.80 | 2.158s depois da captura | ajuste +0,+0 px
[16:49:09.264] BOLA      Shiny (Premier Ball): toque na tecla SPACE em (1035, 633) | similaridade 0.79 | 2.311s depois da captura | ajuste +0,+0 px
[16:49:09.421] BOLA      Shiny (Premier Ball): toque na tecla SPACE em (944, 633) | similaridade 0.77 | 2.468s depois da captura | ajuste +0,+0 px
[16:49:10.031] DECISÃO   Teclas D+S | pos (83, 39) -> alvo (104.29945815105745, 47.915564932546246) | similaridade 1.00 (rastreio)
[16:49:10.169] BOLA      Shiny (Premier Ball): toque na tecla SPACE em (944, 331) | similaridade 0.94 | 0.670s depois da captura | ajuste +0,+0 px
[16:49:10.323] BOLA      Shiny (Premier Ball): toque na tecla SPACE em (1127, 696) | similaridade 0.86 | 0.824s depois da captura | ajuste +0,+0 px
[16:49:10.477] BOLA      Shiny (Premier Ball): toque na tecla SPACE em (853, 605) | similaridade 0.82 | 0.978s depois da captura | ajuste +0,+0 px
[16:49:10.608] DECISÃO   Teclas D | pos (85, 41) -> alvo (110.66349417282152, 51.22789759784065) | similaridade 1.00 (rastreio)
[16:49:10.639] BOLA      Shiny (Premier Ball): toque na tecla SPACE em (853, 422) | similaridade 0.79 | 1.140s depois da captura | ajuste +0,+0 px
[16:49:10.839] BOLA      Shiny (Premier Ball): toque na tecla SPACE em (853, 513) | similaridade 0.73 | 1.339s depois da captura | ajuste +0,+0 px
[16:49:10.941] DECISÃO   Teclas D+S | pos (87, 41) -> alvo (110.66349417282152, 51.22789759784065) | similaridade 1.00 (rastreio)
[16:49:11.549] DECISÃO   Teclas D | pos (89, 43) -> alvo (110.66349417282152, 51.22789759784065) | similaridade 1.00 (rastreio)
[16:49:11.672] BOLA      Shiny (Premier Ball): toque na tecla SPACE em (513, 240) | similaridade 0.89 | 0.757s depois da captura | ajuste +0,+0 px
[16:49:11.839] BOLA      Shiny (Premier Ball): toque na tecla SPACE em (696, 240) | similaridade 0.87 | 0.924s depois da captura | ajuste +0,+0 px
[16:49:11.840] DECISÃO   Teclas D+S | pos (91, 43) -> alvo (110.66349417282152, 51.22789759784065) | similaridade 1.00 (rastreio)
[16:49:12.074] BOLA      Shiny (Premier Ball): toque na tecla SPACE em (604, 422) | similaridade 0.85 | 1.159s depois da captura | ajuste +0,+0 px
[16:49:12.227] BOLA      Shiny (Premier Ball): toque na tecla SPACE em (604, 513) | similaridade 0.82 | 1.313s depois da captura | ajuste +0,+0 px
[16:49:12.345] DETECÇÃO  2 sprite(s) na tela (melhor similaridade 0.98; para com >= 4)
[16:49:12.461] DECISÃO   Teclas D | pos (93, 45) -> alvo (114.05795472259011, 53.109285742921955) | similaridade 1.00 (rastreio)
[16:49:12.766] DECISÃO   Teclas D+S | pos (95, 45) -> alvo (119.24163687066725, 56.56582074632516) | similaridade 1.00 (rastreio)
[16:49:13.139] BOLA      Shiny (Premier Ball): toque na tecla SPACE em (339, 365) | similaridade 0.87 | 0.801s depois da captura | ajuste +0,+0 px
[16:49:13.292] DETECÇÃO  3 sprite(s) na tela (melhor similaridade 0.98; para com >= 4)
[16:49:13.917] BOLA      Shiny (Premier Ball): toque na tecla SPACE em (430, 274) | similaridade 0.89 | 0.693s depois da captura | ajuste +0,+0 px
[16:49:14.071] BOLA      Shiny (Premier Ball): toque na tecla SPACE em (156, 274) | similaridade 0.86 | 0.847s depois da captura | ajuste +0,+0 px
[16:49:14.183] DETECÇÃO  6 sprite(s) na tela (melhor similaridade 0.98; para com >= 4)
[16:49:14.227] BOLA      Shiny (Premier Ball): toque na tecla SPACE em (430, 365) | similaridade 0.77 | 1.004s depois da captura | ajuste +0,+0 px
[16:49:14.233] PAROU     Parou: 6 sprites na tela (limite 4)
[16:49:14.939] TIRO      Tiro inicial: tecla P em (1484, 1031) na tela, na sprite mais distante (976 px do pokémon, 6 sprite(s) na tela)
[16:49:14.939] INFO      Shooter ligado: atira com a tecla P na sprite além de 380 px do pokémon que ficar parada por 0.8s (oscilação até 20 px)
[16:49:14.959] DETECÇÃO  Shooter: 4 sprite(s) além de 380 px do pokémon (a mais distante: 976 px) | vigiando
[16:49:15.041] BOLA      Shiny (Premier Ball): toque na tecla SPACE em (228, 254) | similaridade 0.86 | 0.724s depois da captura | ajuste +0,+0 px
[16:49:15.445] DETECÇÃO  7 sprite(s) na tela (melhor similaridade 0.99; para com >= 4)
[16:49:15.536] TIRO      Vida 97% (≤ 99%): tecla G
[16:49:15.555] DETECÇÃO  Shooter: 3 sprite(s) além de 380 px do pokémon (a mais distante: 922 px) | vigiando
[16:49:15.908] BOLA      Shiny (Premier Ball): toque na tecla SPACE em (213, 240) | similaridade 0.82 | 0.772s depois da captura | ajuste +0,+0 px
[16:49:15.932] DETECÇÃO  6 sprite(s) na tela (melhor similaridade 0.98; para com >= 4)
[16:49:16.595] DETECÇÃO  Shooter: 2 sprite(s) além de 380 px do pokémon (a mais distante: 527 px) | vigiando
[16:49:17.074] TIRO      Vida 95% (≤ 99%): tecla G
[16:49:18.090] DETECÇÃO  Vida do pokémon: 83%
[16:49:18.143] TIRO      Vida 83% (≤ 88%): tecla F
[16:49:18.769] DETECÇÃO  Shooter: 4 sprite(s) além de 380 px do pokémon (a mais distante: 619 px) | vigiando
[16:49:19.179] DETECÇÃO  8 sprite(s) na tela (melhor similaridade 0.99; para com >= 4)
[16:49:19.293] TIRO      Vida 79% (≤ 88%): tecla F
[16:49:19.921] DETECÇÃO  Shooter: 6 sprite(s) além de 380 px do pokémon (a mais distante: 854 px) | vigiando
[16:49:20.319] DETECÇÃO  9 sprite(s) na tela (melhor similaridade 0.99; para com >= 4)
[16:49:20.354] DETECÇÃO  Vida do pokémon: 77%
[16:49:20.406] TIRO      Vida 77% (≤ 88%): tecla F
[16:49:21.010] DETECÇÃO  Shooter: 3 sprite(s) além de 380 px do pokémon (a mais distante: 672 px) | vigiando
[16:49:21.517] TIRO      Vida 75% (≤ 88%): tecla F
[16:49:21.540] DETECÇÃO  Shooter: 0 sprite(s) além de 380 px do pokémon | vigiando
[16:49:21.541] INFO      Shooter: todas as 9 sprite(s) dentro de 380 px; confirmo por 1.5s antes de dar o R
[16:49:21.991] DETECÇÃO  Vida do pokémon: 70%
[16:49:22.044] TIRO      Vida 70% (≤ 88%): tecla F
[16:49:22.445] DETECÇÃO  11 sprite(s) na tela (melhor similaridade 0.99; para com >= 4)
[16:49:22.494] DETECÇÃO  Vida do pokémon: 62%
[16:49:23.079] TIRO      Todas as 11 sprite(s) dentro de 380 px: sequência R (repetido por 1.0s) e, 0.50s depois do R, revive (E)
[16:49:23.559] DETECÇÃO  12 sprite(s) na tela (melhor similaridade 0.99; para com >= 4)
[16:49:23.613] DETECÇÃO  Vida do pokémon: 53%
[16:49:23.666] TIRO      Vida 53% (≤ 88%): tecla F
[16:49:24.055] DETECÇÃO  0 sprite(s) na tela (melhor similaridade 0.26; para com >= 4)
[16:49:24.087] TIRO      Shooter: R apertado 7x em 1.01s
[16:49:24.638] TIRO      Vida 53% (≤ 88%): tecla F
[16:49:24.646] TIRO      Revive: toque rápido em E e verifico a foto por 2.5s — tentativa 1/3
[16:49:25.021] BOLA      Shiny (Premier Ball): toque na tecla SPACE em (1583, 879) | similaridade 0.79 | 0.809s depois da captura | ajuste +0,+0 px
[16:49:25.204] BOLA      Shiny (Premier Ball): toque na tecla SPACE em (1401, 787) | similaridade 0.78 | 0.993s depois da captura | ajuste +0,+0 px
[16:49:25.290] INFO      Revive confirmado: a foto mudou (2.2% dos pixels) após 0.6s e 1 toque(s) no E (E saiu 0.56s depois do R)
[16:49:25.290] INFO      Shooter: procedimento concluído (R repetido + E); o bot volta a andar
[16:49:25.388] BOLA      Shiny (Premier Ball): toque na tecla SPACE em (1675, 787) | similaridade 0.75 | 1.176s depois da captura | ajuste +0,+0 px
[16:49:25.556] BOLA      Shiny (Premier Ball): toque na tecla SPACE em (1492, 879) | similaridade 0.73 | 1.345s depois da captura | ajuste +0,+0 px
[16:49:25.863] DETECÇÃO  Vida do pokémon: 100%
[16:49:25.864] RETOMOU   Voltou a andar: 0 sprites (limite 4), ficou parado 11.6s
[16:49:25.926] INFO      Velocidade: muito rápido (0 sprite(s) na tela) | tecla contínua, previsão 100 ms
[16:49:25.926] DECISÃO   Teclas D+S | pos (101, 49) -> alvo (120.90165986482825, 57.93963241770944) | similaridade 1.00 (rastreio)
[16:49:26.485] BOLA      Shiny (Premier Ball): toque na tecla SPACE em (1675, 787) | similaridade 0.87 | 0.843s depois da captura | ajuste +0,+0 px
[16:49:26.668] BOLA      Shiny (Premier Ball): toque na tecla SPACE em (1401, 787) | similaridade 0.87 | 1.027s depois da captura | ajuste +0,+0 px
[16:49:26.872] BOLA      Shiny (Premier Ball): toque na tecla SPACE em (1401, 879) | similaridade 0.83 | 1.231s depois da captura | ajuste +0,+0 px
[16:49:27.038] BOLA      Shiny (Premier Ball): toque na tecla SPACE em (1401, 970) | similaridade 0.83 | 1.397s depois da captura | ajuste +0,+0 px
[16:49:27.209] BOLA      Shiny (Premier Ball): toque na tecla SPACE em (1492, 1061) | similaridade 0.80 | 1.568s depois da captura | ajuste +0,+0 px
[16:49:27.372] BOLA      Shiny (Premier Ball): toque na tecla SPACE em (1401, 1061) | similaridade 0.76 | 1.731s depois da captura | ajuste +0,+0 px
[16:49:28.308] BOLA      Shiny (Premier Ball): toque na tecla SPACE em (1095, 847) | similaridade 0.86 | 0.844s depois da captura | ajuste +0,+0 px
[16:49:28.462] BOLA      Shiny (Premier Ball): toque na tecla SPACE em (1187, 756) | similaridade 0.86 | 0.997s depois da captura | ajuste +0,+0 px
[16:49:28.674] BOLA      Shiny (Premier Ball): toque na tecla SPACE em (1461, 573) | similaridade 0.85 | 1.209s depois da captura | ajuste +0,+0 px
[16:49:28.872] BOLA      Shiny (Premier Ball): toque na tecla SPACE em (1187, 573) | similaridade 0.85 | 1.408s depois da captura | ajuste +0,+0 px
[16:49:29.026] BOLA      Shiny (Premier Ball): toque na tecla SPACE em (1187, 847) | similaridade 0.85 | 1.562s depois da captura | ajuste +0,+0 px
[16:49:29.180] BOLA      Shiny (Premier Ball): toque na tecla SPACE em (1187, 665) | similaridade 0.84 | 1.716s depois da captura | ajuste +0,+0 px
[16:49:29.422] BOLA      Shiny (Premier Ball): toque na tecla SPACE em (1278, 938) | similaridade 0.78 | 1.957s depois da captura | ajuste +0,+0 px
[16:49:29.609] BOLA      Shiny (Premier Ball): toque na tecla SPACE em (1278, 847) | similaridade 0.77 | 2.145s depois da captura | ajuste +0,+0 px
[16:49:30.561] BOLA      Shiny (Premier Ball): toque na tecla SPACE em (1041, 519) | similaridade 0.91 | 0.856s depois da captura | ajuste +0,+0 px
[16:49:30.824] BOLA      Shiny (Premier Ball): toque na tecla SPACE em (1132, 519) | similaridade 0.88 | 1.118s depois da captura | ajuste +0,+0 px
[16:49:31.010] BOLA      Shiny (Premier Ball): toque na tecla SPACE em (767, 519) | similaridade 0.88 | 1.304s depois da captura | ajuste +0,+0 px
[16:49:31.174] BOLA      Shiny (Premier Ball): toque na tecla SPACE em (1132, 245) | similaridade 0.86 | 1.469s depois da captura | ajuste +0,+0 px
[16:49:31.328] BOLA      Shiny (Premier Ball): toque na tecla SPACE em (858, 245) | similaridade 0.86 | 1.623s depois da captura | ajuste +0,+0 px
[16:49:31.493] BOLA      Shiny (Premier Ball): toque na tecla SPACE em (858, 428) | similaridade 0.86 | 1.788s depois da captura | ajuste +0,+0 px
[16:49:31.646] DECISÃO   Teclas S | pos (121, 69) -> alvo (126.88745213160183, 88.77380171960996) | similaridade 1.00 (rastreio)
[16:49:31.696] BOLA      Shiny (Premier Ball): toque na tecla SPACE em (858, 337) | similaridade 0.83 | 1.991s depois da captura | ajuste +0,+0 px
[16:49:32.701] BOLA      Shiny (Premier Ball): toque na tecla SPACE em (813, 200) | similaridade 0.88 | 0.921s depois da captura | ajuste +0,+0 px
[16:49:32.833] DETECÇÃO  1 sprite(s) na tela (melhor similaridade 0.97; para com >= 4)
[16:49:32.864] BOLA      Shiny (Premier Ball): toque na tecla SPACE em (539, 200) | similaridade 0.85 | 1.084s depois da captura | ajuste +0,+0 px
[16:49:32.931] INFO      Velocidade: rápido (1 sprite(s) na tela) | passo de 200 ms, previsão 50 ms
[16:49:33.017] BOLA      Shiny (Premier Ball): toque na tecla SPACE em (630, 200) | similaridade 0.84 | 1.237s depois da captura | ajuste +0,+0 px
[16:49:33.169] BOLA      Shiny (Premier Ball): toque na tecla SPACE em (447, 200) | similaridade 0.84 | 1.389s depois da captura | ajuste +0,+0 px
[16:49:33.720] DETECÇÃO  2 sprite(s) na tela (melhor similaridade 0.98; para com >= 4)
[16:49:34.630] DETECÇÃO  3 sprite(s) na tela (melhor similaridade 0.99; para com >= 4)
[16:49:37.527] DECISÃO   Teclas A+S | pos (121, 93) -> alvo (117.93130588320889, 121.7452762420274) | similaridade 1.00 (rastreio)
[16:49:37.875] DECISÃO   Teclas S | pos (119, 95) -> alvo (118.0, 124.0) | similaridade 1.00 (rastreio)
[16:49:38.439] DETECÇÃO  4 sprite(s) na tela (melhor similaridade 0.98; para com >= 4)
[16:49:38.491] DETECÇÃO  Vida do pokémon: 90%
[16:49:38.543] TIRO      Vida 90% (≤ 99%): tecla G
[16:49:38.544] PAROU     Parou: 4 sprites na tela (limite 4)
[16:49:39.232] TIRO      Tiro inicial: tecla P em (848, 144) na tela, na sprite mais distante (340 px do pokémon, 4 sprite(s) na tela)
[16:49:39.233] INFO      Shooter ligado: atira com a tecla P na sprite além de 380 px do pokémon que ficar parada por 0.8s (oscilação até 20 px)
[16:49:39.252] DETECÇÃO  Shooter: 0 sprite(s) além de 380 px do pokémon | vigiando
[16:49:39.253] INFO      Shooter: todas as 4 sprite(s) dentro de 380 px; confirmo por 1.5s antes de dar o R
[16:49:39.627] DETECÇÃO  5 sprite(s) na tela (melhor similaridade 0.98; para com >= 4)
[16:49:39.676] DETECÇÃO  Vida do pokémon: 80%
[16:49:39.736] TIRO      Vida 80% (≤ 88%): tecla F
[16:49:40.327] DETECÇÃO  Shooter: 1 sprite(s) além de 380 px do pokémon (a mais distante: 491 px) | vigiando
[16:49:40.328] ALERTA    Shooter: apareceu/ficou sprite além de 380 px durante a confirmação; o R NÃO foi dado, espero todas entrarem de novo
[16:49:40.813] TIRO      Vida 79% (≤ 88%): tecla F
[16:49:41.916] TIRO      Vida 77% (≤ 88%): tecla F
[16:49:42.479] DETECÇÃO  Shooter: 0 sprite(s) além de 380 px do pokémon | vigiando
[16:49:42.480] INFO      Shooter: todas as 5 sprite(s) dentro de 380 px; confirmo por 1.5s antes de dar o R
[16:49:42.914] DETECÇÃO  Vida do pokémon: 73%
[16:49:42.967] TIRO      Vida 73% (≤ 88%): tecla F
[16:49:43.816] DETECÇÃO  4 sprite(s) na tela (melhor similaridade 0.99; para com >= 4)
[16:49:43.918] TIRO      Vida 73% (≤ 88%): tecla F
[16:49:44.482] TIRO      Todas as 4 sprite(s) dentro de 380 px: sequência R (repetido por 1.0s) e, 0.50s depois do R, revive (E)
[16:49:44.913] DETECÇÃO  Vida do pokémon: 62%
[16:49:44.965] TIRO      Vida 62% (≤ 88%): tecla F
[16:49:45.381] DETECÇÃO  0 sprite(s) na tela (melhor similaridade 0.27; para com >= 4)
[16:49:45.484] TIRO      Vida 62% (≤ 88%): tecla F
[16:49:45.497] TIRO      Shooter: R apertado 7x em 1.01s
[16:49:46.066] TIRO      Revive: toque rápido em E e verifico a foto por 2.5s — tentativa 1/3
[16:49:46.802] INFO      Revive confirmado: a foto mudou (2.5% dos pixels) após 0.7s e 1 toque(s) no E (E saiu 0.57s depois do R)
[16:49:46.803] INFO      Shooter: procedimento concluído (R repetido + E); o bot volta a andar
[16:49:46.944] BOLA      Shiny (Premier Ball): toque na tecla SPACE em (761, 148) | similaridade 0.76 | 0.907s depois da captura | ajuste +0,+0 px
[16:49:47.283] DETECÇÃO  Vida do pokémon: 100%
[16:49:47.284] RETOMOU   Voltou a andar: 0 sprites (limite 4), ficou parado 8.7s
[16:49:47.346] INFO      Velocidade: muito rápido (0 sprite(s) na tela) | tecla contínua, previsão 100 ms
[16:49:47.347] DECISÃO   Teclas S | pos (119, 97) -> alvo (118.0, 124.0) | similaridade 1.00 (rastreio)
[16:49:47.547] DECISÃO   Teclas A+S | pos (119, 99) -> alvo (116.0, 127.0) | similaridade 1.00 (rastreio)
[16:49:47.814] BOLA      Shiny (Premier Ball): toque na tecla SPACE em (944, 240) | similaridade 0.88 | 0.781s depois da captura | ajuste +0,+0 px
[16:49:47.994] BOLA      Shiny (Premier Ball): toque na tecla SPACE em (761, 240) | similaridade 0.87 | 0.961s depois da captura | ajuste +0,+0 px
[16:49:47.997] DECISÃO   Teclas S | pos (117, 101) -> alvo (112.94651796569991, 129.479925399653) | similaridade 1.00 (rastreio)
[16:49:48.176] BOLA      Shiny (Premier Ball): toque na tecla SPACE em (853, 240) | similaridade 0.86 | 1.143s depois da captura | ajuste +0,+0 px
[16:49:48.584] DETECÇÃO  1 sprite(s) na tela (melhor similaridade 0.97; para com >= 4)
[16:49:48.701] INFO      Velocidade: rápido (1 sprite(s) na tela) | passo de 200 ms, previsão 50 ms
[16:49:49.007] TIRO      Vida 95% (≤ 99%): tecla G
[16:49:49.574] DETECÇÃO  2 sprite(s) na tela (melhor similaridade 0.98; para com >= 4)
[16:49:49.674] TIRO      Vida 95% (≤ 99%): tecla G
[16:49:50.288] DETECÇÃO  Vida do pokémon: 94%
[16:49:50.340] TIRO      Vida 94% (≤ 99%): tecla G
[16:49:50.399] DECISÃO   Teclas A+S | pos (117, 111) -> alvo (107.02136547125968, 133.25484783300413) | similaridade 1.00 (rastreio)
[16:49:50.868] DETECÇÃO  3 sprite(s) na tela (melhor similaridade 0.98; para com >= 4)
[16:49:50.953] TIRO      Vida 92% (≤ 99%): tecla G
[16:49:51.661] TIRO      Vida 92% (≤ 99%): tecla G
[16:49:51.717] DECISÃO   Teclas S | pos (113, 113) -> alvo (104.76093537527412, 134.14380343235504) | similaridade 1.00 (rastreio)
[16:49:52.238] DETECÇÃO  4 sprite(s) na tela (melhor similaridade 0.99; para com >= 4)
[16:49:52.344] TIRO      Vida 92% (≤ 99%): tecla G
[16:49:52.344] PAROU     Parou: 4 sprites na tela (limite 4)
[16:49:53.055] TIRO      Tiro inicial: tecla P em (960, 1017) na tela, na sprite mais distante (617 px do pokémon, 4 sprite(s) na tela)
[16:49:53.055] INFO      Shooter ligado: atira com a tecla P na sprite além de 380 px do pokémon que ficar parada por 0.8s (oscilação até 20 px)
[16:49:53.074] DETECÇÃO  Shooter: 1 sprite(s) além de 380 px do pokémon (a mais distante: 617 px) | vigiando
[16:49:53.524] DETECÇÃO  Vida do pokémon: 82%
[16:49:53.578] TIRO      Vida 82% (≤ 88%): tecla F
[16:49:54.154] DETECÇÃO  Shooter: 0 sprite(s) além de 380 px do pokémon | vigiando
[16:49:54.155] INFO      Shooter: todas as 4 sprite(s) dentro de 380 px; confirmo por 1.5s antes de dar o R
[16:49:54.525] DETECÇÃO  3 sprite(s) na tela (melhor similaridade 0.98; para com >= 4)
[16:49:54.573] DETECÇÃO  Vida do pokémon: 62%
[16:49:54.625] TIRO      Vida 62% (≤ 88%): tecla F
[16:49:54.625] RETOMOU   Voltou a andar: 3 sprites (limite 4), ficou parado 2.3s
[16:49:54.717] DECISÃO   Teclas A+S | pos (113, 115) -> alvo (102.38994469738473, 134.85572719542458) | similaridade 1.00 (rastreio)
[16:49:55.213] DETECÇÃO  4 sprite(s) na tela (melhor similaridade 0.97; para com >= 4)
[16:49:55.308] TIRO      Vida 62% (≤ 88%): tecla F
[16:49:55.309] PAROU     Parou: 4 sprites na tela (limite 4)
[16:49:55.979] TIRO      Tiro inicial: tecla P em (890, 455) na tela, na sprite mais distante (625 px do pokémon, 4 sprite(s) na tela)
[16:49:55.980] INFO      Shooter ligado: atira com a tecla P na sprite além de 380 px do pokémon que ficar parada por 0.8s (oscilação até 20 px)
[16:49:56.000] DETECÇÃO  Shooter: 4 sprite(s) além de 380 px do pokémon (a mais distante: 625 px) | vigiando
[16:49:56.373] DETECÇÃO  6 sprite(s) na tela (melhor similaridade 0.99; para com >= 4)
[16:49:56.410] DETECÇÃO  Vida do pokémon: 53%
[16:49:56.485] TIRO      Vida 53% (≤ 88%): tecla F
[16:49:57.529] DETECÇÃO  7 sprite(s) na tela (melhor similaridade 0.98; para com >= 4)
[16:49:57.629] TIRO      Vida 52% (≤ 88%): tecla F
[16:49:58.204] DETECÇÃO  Shooter: 1 sprite(s) além de 380 px do pokémon (a mais distante: 520 px) | vigiando
[16:49:58.682] TIRO      Vida 48% (≤ 88%): tecla F
[16:49:59.128] DETECÇÃO  Vida do pokémon: 46%
[16:49:59.147] DETECÇÃO  Shooter: 0 sprite(s) além de 380 px do pokémon | vigiando
[16:49:59.148] INFO      Shooter: todas as 7 sprite(s) dentro de 380 px; confirmo por 1.5s antes de dar o R
[16:49:59.615] TIRO      Vida 46% (≤ 88%): tecla F
[16:50:00.569] TIRO      Vida 44% (≤ 45%): tecla C
[16:50:00.998] DETECÇÃO  Vida do pokémon: 100%
[16:50:01.059] DETECÇÃO  Shooter: 1 sprite(s) além de 380 px do pokémon (a mais distante: 393 px) | vigiando
[16:50:01.060] ALERTA    Shooter: apareceu/ficou sprite além de 380 px durante a confirmação; o R NÃO foi dado, espero todas entrarem de novo
[16:50:02.503] DETECÇÃO  Vida do pokémon: 90%
[16:50:02.556] TIRO      Vida 90% (≤ 99%): tecla G
[16:50:03.140] DETECÇÃO  Shooter: 0 sprite(s) além de 380 px do pokémon | vigiando
[16:50:03.141] INFO      Shooter: todas as 7 sprite(s) dentro de 380 px; confirmo por 1.5s antes de dar o R
[16:50:03.617] TIRO      Vida 86% (≤ 88%): tecla F
[16:50:04.637] DETECÇÃO  Vida do pokémon: 82%
[16:50:04.689] TIRO      Vida 82% (≤ 88%): tecla F
[16:50:04.709] TIRO      Todas as 7 sprite(s) dentro de 380 px: sequência R (repetido por 1.0s) e, 0.50s depois do R, revive (E)
[16:50:05.207] TIRO      Vida 82% (≤ 88%): tecla F
[16:50:05.725] TIRO      Shooter: R apertado 7x em 1.01s
[16:50:06.177] DETECÇÃO  0 sprite(s) na tela (melhor similaridade 0.24; para com >= 4)
[16:50:06.280] TIRO      Vida 82% (≤ 88%): tecla F
[16:50:06.285] TIRO      Revive: toque rápido em E e verifico a foto por 2.5s — tentativa 1/3
[16:50:06.824] DETECÇÃO  Vida do pokémon: 66%
[16:50:06.896] TIRO      Vida 66% (≤ 88%): tecla F
[16:50:06.951] INFO      Revive confirmado: a foto mudou (0.7% dos pixels) após 0.7s e 1 toque(s) no E (E saiu 0.56s depois do R)
[16:50:06.952] INFO      Shooter: procedimento concluído (R repetido + E); o bot volta a andar
[16:50:06.952] BOLA      Normal (Ultra Ball): toque na tecla T em (841, 496) | similaridade 0.84 | 0.565s depois da captura | ajuste +0,+0 px
[16:50:07.391] BOLA      Shiny (Premier Ball): toque na tecla SPACE em (761, 331) | similaridade 0.89 | 1.003s depois da captura | ajuste +0,+0 px
[16:50:07.547] BOLA      Shiny (Premier Ball): toque na tecla SPACE em (853, 331) | similaridade 0.89 | 1.159s depois da captura | ajuste +0,+0 px
[16:50:07.699] BOLA      Shiny (Premier Ball): toque na tecla SPACE em (944, 422) | similaridade 0.75 | 1.312s depois da captura | ajuste +0,+0 px
[16:50:07.924] DETECÇÃO  Vida do pokémon: 100%
[16:50:07.925] RETOMOU   Voltou a andar: 0 sprites (limite 4), ficou parado 12.6s
[16:50:07.985] INFO      Velocidade: muito rápido (0 sprite(s) na tela) | tecla contínua, previsão 100 ms
[16:50:07.986] DECISÃO   Teclas A+S | pos (111, 117) -> alvo (97.50642512636021, 135.7912130596864) | similaridade 1.00 (rastreio)
[16:50:08.544] BOLA      Shiny (Premier Ball): toque na tecla SPACE em (944, 331) | similaridade 0.92 | 0.759s depois da captura | ajuste +0,+0 px
[16:50:08.747] BOLA      Shiny (Premier Ball): toque na tecla SPACE em (761, 331) | similaridade 0.89 | 0.963s depois da captura | ajuste +0,+0 px
[16:50:08.976] BOLA      Shiny (Premier Ball): toque na tecla SPACE em (853, 331) | similaridade 0.89 | 1.192s depois da captura | ajuste +0,+0 px
[16:50:09.134] BOLA      Shiny (Premier Ball): toque na tecla SPACE em (944, 422) | similaridade 0.84 | 1.350s depois da captura | ajuste +0,+0 px
[16:50:09.288] BOLA      Shiny (Premier Ball): toque na tecla SPACE em (761, 422) | similaridade 0.76 | 1.504s depois da captura | ajuste +0,+0 px
[16:50:09.881] BOLA      Normal (Ultra Ball): toque na tecla T em (841, 496) | similaridade 0.88 | 0.480s depois da captura | ajuste +0,+0 px
[16:50:10.456] BOLA      Shiny (Premier Ball): toque na tecla SPACE em (944, 331) | similaridade 0.92 | 1.055s depois da captura | ajuste +0,+0 px
[16:50:10.610] BOLA      Shiny (Premier Ball): toque na tecla SPACE em (761, 331) | similaridade 0.89 | 1.209s depois da captura | ajuste +0,+0 px
[16:50:10.736] TRAVADO   Seta sem sair do lugar há 2500 ms; tentativa alternativa nº 1
[16:50:10.737] DECISÃO   Teclas S | pos (111, 117) -> alvo (97.50642512636021, 135.7912130596864) | similaridade 1.00 (rastreio)
[16:50:10.784] BOLA      Shiny (Premier Ball): toque na tecla SPACE em (853, 331) | similaridade 0.89 | 1.384s depois da captura | ajuste +0,+0 px
[16:50:10.984] BOLA      Shiny (Premier Ball): toque na tecla SPACE em (944, 422) | similaridade 0.84 | 1.583s depois da captura | ajuste +0,+0 px
[16:50:11.143] BOLA      Shiny (Premier Ball): toque na tecla SPACE em (761, 422) | similaridade 0.73 | 1.742s depois da captura | ajuste +0,+0 px
[16:50:11.690] BOLA      Normal (Ultra Ball): toque na tecla T em (841, 496) | similaridade 0.85 | 0.466s depois da captura | ajuste +0,+0 px
[16:50:12.136] BOLA      Shiny (Premier Ball): toque na tecla SPACE em (853, 331) | similaridade 0.90 | 0.912s depois da captura | ajuste +0,+0 px
[16:50:12.335] BOLA      Shiny (Premier Ball): toque na tecla SPACE em (761, 331) | similaridade 0.89 | 1.111s depois da captura | ajuste +0,+0 px
[16:50:12.519] BOLA      Shiny (Premier Ball): toque na tecla SPACE em (944, 422) | similaridade 0.86 | 1.295s depois da captura | ajuste +0,+0 px
[16:50:13.645] TRAVADO   Seta sem sair do lugar há 2500 ms; tentativa alternativa nº 2
[16:50:13.647] DECISÃO   Teclas A | pos (111, 117) -> alvo (97.50642512636021, 135.7912130596864) | similaridade 1.00 (rastreio)
[16:50:13.840] INFO      Seta voltou a se mover (destravou)
[16:50:13.841] DECISÃO   Teclas A+S | pos (109, 117) -> alvo (97.50642512636021, 135.7912130596864) | similaridade 1.00 (rastreio)
[16:50:15.344] BOLA      Shiny (Premier Ball): toque na tecla SPACE em (1115, 342) | similaridade 0.89 | 0.782s depois da captura | ajuste +0,+0 px
[16:50:15.524] DETECÇÃO  1 sprite(s) na tela (melhor similaridade 0.98; para com >= 4)
[16:50:15.612] INFO      Velocidade: rápido (1 sprite(s) na tela) | passo de 200 ms, previsão 50 ms
[16:50:16.122] BOLA      Shiny (Premier Ball): toque na tecla SPACE em (1255, 203) | similaridade 0.83 | 0.694s depois da captura | ajuste +0,+0 px
[16:50:16.833] DECISÃO   Teclas A | pos (99, 127) -> alvo (71.69138659551939, 136.71053692423976) | similaridade 1.00 (rastreio)
[16:50:17.326] DETECÇÃO  4 sprite(s) na tela (melhor similaridade 0.98; para com >= 4)
[16:50:17.364] PAROU     Parou: 4 sprites na tela (limite 4)
[16:50:18.047] TIRO      Tiro inicial: tecla P em (38, 640) na tela, na sprite mais distante (1180 px do pokémon, 4 sprite(s) na tela)
[16:50:18.048] INFO      Shooter ligado: atira com a tecla P na sprite além de 380 px do pokémon que ficar parada por 0.8s (oscilação até 20 px)
[16:50:18.077] DETECÇÃO  Shooter: 4 sprite(s) além de 380 px do pokémon (a mais distante: 1180 px) | vigiando
[16:50:18.521] DETECÇÃO  Shooter: 2 sprite(s) além de 380 px do pokémon (a mais distante: 823 px) | vigiando
[16:50:18.970] DETECÇÃO  Vida do pokémon: 92%
[16:50:19.024] TIRO      Vida 92% (≤ 99%): tecla G
[16:50:19.670] TIRO      Vida 92% (≤ 99%): tecla G
[16:50:20.258] DETECÇÃO  Shooter: 1 sprite(s) além de 380 px do pokémon (a mais distante: 718 px) | vigiando
[16:50:20.684] DETECÇÃO  Vida do pokémon: 85%
[16:50:20.735] TIRO      Vida 85% (≤ 88%): tecla F
[16:50:21.837] TIRO      Vida 80% (≤ 88%): tecla F
[16:50:22.413] DETECÇÃO  Shooter: 3 sprite(s) além de 380 px do pokémon (a mais distante: 864 px) | vigiando
[16:50:22.889] TIRO      Vida 80% (≤ 88%): tecla F
[16:50:23.388] TIRO      Vida 80% (≤ 88%): tecla F
[16:50:23.398] DETECÇÃO  Shooter: 2 sprite(s) além de 380 px do pokémon (a mais distante: 603 px) | vigiando
[16:50:24.303] TIRO      Vida 80% (≤ 88%): tecla F
[16:50:25.342] DETECÇÃO  Vida do pokémon: 79%
[16:50:25.394] TIRO      Vida 79% (≤ 88%): tecla F
[16:50:25.404] DETECÇÃO  Shooter: 0 sprite(s) além de 380 px do pokémon | vigiando
[16:50:25.404] INFO      Shooter: todas as 4 sprite(s) dentro de 380 px; confirmo por 1.5s antes de dar o R
[16:50:25.897] TIRO      Vida 79% (≤ 88%): tecla F
[16:50:26.408] TIRO      Vida 76% (≤ 88%): tecla F
[16:50:26.960] TIRO      Todas as 4 sprite(s) dentro de 380 px: sequência R (repetido por 1.0s) e, 0.50s depois do R, revive (E)
[16:50:27.352] DETECÇÃO  5 sprite(s) na tela (melhor similaridade 0.99; para com >= 4)
[16:50:27.396] DETECÇÃO  Vida do pokémon: 73%
[16:50:27.448] TIRO      Vida 73% (≤ 88%): tecla F
[16:50:27.999] TIRO      Shooter: R apertado 7x em 1.04s
[16:50:28.435] DETECÇÃO  0 sprite(s) na tela (melhor similaridade 0.22; para com >= 4)
[16:50:28.550] TIRO      Vida 73% (≤ 88%): tecla F
[16:50:28.558] TIRO      Revive: toque rápido em E e verifico a foto por 2.5s — tentativa 1/3
[16:50:28.726] BOLA      Shiny (Premier Ball): toque na tecla SPACE em (122, 513) | similaridade 0.84 | 0.730s depois da captura | ajuste +0,+0 px
[16:50:29.215] INFO      Revive confirmado: a foto mudou (2.0% dos pixels) após 0.7s e 1 toque(s) no E (E saiu 0.56s depois do R)
[16:50:29.216] INFO      Shooter: procedimento concluído (R repetido + E); o bot volta a andar
[16:50:29.657] BOLA      Shiny (Premier Ball): toque na tecla SPACE em (122, 696) | similaridade 0.86 | 0.822s depois da captura | ajuste +0,+0 px
[16:50:29.824] DETECÇÃO  Vida do pokémon: 100%
[16:50:29.825] RETOMOU   Voltou a andar: 0 sprites (limite 4), ficou parado 12.5s
[16:50:29.869] BOLA      Shiny (Premier Ball): toque na tecla SPACE em (122, 605) | similaridade 0.77 | 1.034s depois da captura | ajuste +0,+0 px
[16:50:29.873] INFO      Velocidade: muito rápido (0 sprite(s) na tela) | tecla contínua, previsão 100 ms
[16:50:29.874] DECISÃO   Teclas A | pos (99, 127) -> alvo (71.69138659551939, 136.71053692423976) | similaridade 1.00 (rastreio)
[16:50:30.836] BOLA      Shiny (Premier Ball): toque na tecla SPACE em (128, 513) | similaridade 0.83 | 0.888s depois da captura | ajuste +0,+0 px
[16:50:31.830] BOLA      Shiny (Premier Ball): toque na tecla SPACE em (359, 696) | similaridade 0.87 | 0.899s depois da captura | ajuste +0,+0 px
[16:50:32.022] BOLA      Shiny (Premier Ball): toque na tecla SPACE em (268, 696) | similaridade 0.85 | 1.091s depois da captura | ajuste +0,+0 px
[16:50:32.219] BOLA      Shiny (Premier Ball): toque na tecla SPACE em (359, 513) | similaridade 0.83 | 1.288s depois da captura | ajuste +0,+0 px
[16:50:32.407] BOLA      Shiny (Premier Ball): toque na tecla SPACE em (268, 605) | similaridade 0.80 | 1.477s depois da captura | ajuste +0,+0 px
[16:50:32.561] BOLA      Shiny (Premier Ball): toque na tecla SPACE em (267, 513) | similaridade 0.79 | 1.631s depois da captura | ajuste +0,+0 px
[16:50:33.009] DECISÃO   Teclas A+S | pos (77, 127) -> alvo (54.0, 134.0) | similaridade 1.00 (rastreio)
[16:50:33.543] DECISÃO   Teclas A | pos (75, 129) -> alvo (49.764225432117144, 133.30849357243423) | similaridade 1.00 (rastreio)
[16:50:33.587] BOLA      Shiny (Premier Ball): toque na tecla SPACE em (801, 696) | similaridade 0.87 | 0.935s depois da captura | ajuste +0,+0 px
[16:50:33.790] BOLA      Shiny (Premier Ball): toque na tecla SPACE em (893, 696) | similaridade 0.85 | 1.138s depois da captura | ajuste +0,+0 px
[16:50:33.943] BOLA      Shiny (Premier Ball): toque na tecla SPACE em (801, 605) | similaridade 0.82 | 1.291s depois da captura | ajuste +0,+0 px
[16:50:34.096] BOLA      Shiny (Premier Ball): toque na tecla SPACE em (801, 513) | similaridade 0.82 | 1.444s depois da captura | ajuste +0,+0 px
[16:50:34.254] DECISÃO   Teclas A+S | pos (71, 129) -> alvo (45.24110366978457, 131.4953228034778) | similaridade 1.00 (rastreio)
[16:50:34.870] DECISÃO   Teclas A | pos (69, 131) -> alvo (43.227509751612175, 130.35524602588765) | similaridade 1.00 (rastreio)
[16:50:35.058] BOLA      Shiny (Premier Ball): toque na tecla SPACE em (1358, 422) | similaridade 0.88 | 0.861s depois da captura | ajuste +0,+0 px
[16:50:35.225] BOLA      Shiny (Premier Ball): toque na tecla SPACE em (1175, 605) | similaridade 0.87 | 1.028s depois da captura | ajuste +0,+0 px
[16:50:35.378] BOLA      Shiny (Premier Ball): toque na tecla SPACE em (1267, 605) | similaridade 0.82 | 1.182s depois da captura | ajuste +0,+0 px
[16:50:35.460] DETECÇÃO  1 sprite(s) na tela (melhor similaridade 0.98; para com >= 4)
[16:50:35.546] BOLA      Shiny (Premier Ball): toque na tecla SPACE em (1175, 513) | similaridade 0.72 | 1.350s depois da captura | ajuste +0,+0 px
[16:50:35.566] INFO      Velocidade: rápido (1 sprite(s) na tela) | passo de 200 ms, previsão 50 ms
[16:50:36.318] BOLA      Shiny (Premier Ball): toque na tecla SPACE em (1612, 331) | similaridade 0.88 | 0.686s depois da captura | ajuste +0,+0 px
[16:50:36.496] BOLA      Shiny (Premier Ball): toque na tecla SPACE em (1612, 513) | similaridade 0.86 | 0.864s depois da captura | ajuste +0,+0 px
[16:50:37.223] BOLA      Shiny (Premier Ball): toque na tecla SPACE em (1683, 331) | similaridade 0.80 | 0.651s depois da captura | ajuste +0,+0 px
[16:50:37.230] DETECÇÃO  2 sprite(s) na tela (melhor similaridade 0.98; para com >= 4)
[16:50:37.317] TIRO      Vida 97% (≤ 99%): tecla G
[16:50:37.393] DECISÃO   Teclas A+W | pos (57, 131) -> alvo (34.620666664677536, 121.01879170692717) | similaridade 1.00 (rastreio)
[16:50:37.989] TIRO      Vida 98% (≤ 99%): tecla G
[16:50:38.568] DETECÇÃO  3 sprite(s) na tela (melhor similaridade 0.98; para com >= 4)
[16:50:38.674] TIRO      Vida 98% (≤ 99%): tecla G
[16:50:39.359] TIRO      Vida 98% (≤ 99%): tecla G
[16:50:40.005] TIRO      Vida 95% (≤ 99%): tecla G
[16:50:40.598] DETECÇÃO  4 sprite(s) na tela (melhor similaridade 0.99; para com >= 4)
[16:50:40.692] TIRO      Vida 95% (≤ 99%): tecla G
[16:50:40.693] PAROU     Parou: 4 sprites na tela (limite 4)
[16:50:41.258] ALERTA    Shooter: nome do pokémon não encontrado na área de busca; sem ele não dá para medir as distâncias (confira a similaridade mínima).
[16:50:41.259] INFO      Shooter ligado: atira com a tecla P na sprite além de 380 px do pokémon que ficar parada por 0.8s (oscilação até 20 px)
[16:50:42.279] DETECÇÃO  5 sprite(s) na tela (melhor similaridade 0.98; para com >= 4)
[16:50:42.326] DETECÇÃO  Vida do pokémon: 80%
[16:50:42.379] TIRO      Vida 80% (≤ 88%): tecla F
[16:50:43.868] DETECÇÃO  6 sprite(s) na tela (melhor similaridade 0.99; para com >= 4)
[16:50:43.962] TIRO      Vida 79% (≤ 88%): tecla F
[16:50:44.601] TIRO      Tiro inicial: tecla P em (670, 255) na tela, na sprite mais distante (741 px do pokémon, 6 sprite(s) na tela)
[16:50:44.623] DETECÇÃO  Shooter: 2 sprite(s) além de 380 px do pokémon (a mais distante: 741 px) | vigiando
[16:50:45.113] TIRO      Vida 76% (≤ 88%): tecla F
[16:50:45.709] DETECÇÃO  Shooter: 1 sprite(s) além de 380 px do pokémon (a mais distante: 552 px) | vigiando
[16:50:46.143] DETECÇÃO  Vida do pokémon: 70%
[16:50:46.195] TIRO      Vida 70% (≤ 88%): tecla F
[16:50:47.313] TIRO      Vida 66% (≤ 88%): tecla F
[16:50:48.365] TIRO      Vida 66% (≤ 88%): tecla F
[16:50:48.794] DETECÇÃO  Vida do pokémon: 54%
[16:50:48.812] DETECÇÃO  Shooter: 0 sprite(s) além de 380 px do pokémon | vigiando
[16:50:48.812] INFO      Shooter: todas as 6 sprite(s) dentro de 380 px; confirmo por 1.5s antes de dar o R
[16:50:49.322] TIRO      Vida 54% (≤ 88%): tecla F
[16:50:50.151] DETECÇÃO  5 sprite(s) na tela (melhor similaridade 0.97; para com >= 4)
[16:50:50.254] TIRO      Vida 54% (≤ 88%): tecla F
[16:50:50.700] TIRO      Todas as 5 sprite(s) dentro de 380 px: sequência R (repetido por 1.0s) e, 0.50s depois do R, revive (E)
[16:50:51.087] DETECÇÃO  6 sprite(s) na tela (melhor similaridade 0.97; para com >= 4)
[16:50:51.184] TIRO      Vida 54% (≤ 88%): tecla F
[16:50:51.725] TIRO      Shooter: R apertado 7x em 1.02s
[16:50:52.177] DETECÇÃO  0 sprite(s) na tela (melhor similaridade 0.22; para com >= 4)
[16:50:52.271] TIRO      Revive: toque rápido em E e verifico a foto por 2.5s — tentativa 1/3
[16:50:52.274] TIRO      Vida 54% (≤ 88%): tecla F
[16:50:52.839] DETECÇÃO  Vida do pokémon: 84%
[16:50:52.927] TIRO      Vida 84% (≤ 88%): tecla F
[16:50:52.985] INFO      Revive confirmado: a foto mudou (2.0% dos pixels) após 0.7s e 1 toque(s) no E (E saiu 0.55s depois do R)
[16:50:52.986] INFO      Shooter: procedimento concluído (R repetido + E); o bot volta a andar
[16:50:53.403] BOLA      Shiny (Premier Ball): toque na tecla SPACE em (579, 331) | similaridade 0.85 | 0.786s depois da captura | ajuste +0,+0 px
[16:50:53.580] BOLA      Shiny (Premier Ball): toque na tecla SPACE em (670, 331) | similaridade 0.79 | 0.964s depois da captura | ajuste +0,+0 px
[16:50:53.798] BOLA      Shiny (Premier Ball): toque na tecla SPACE em (670, 148) | similaridade 0.76 | 1.182s depois da captura | ajuste +0,+0 px
[16:50:54.005] DETECÇÃO  Vida do pokémon: 100%
[16:50:54.006] RETOMOU   Voltou a andar: 0 sprites (limite 4), ficou parado 13.3s
[16:50:54.068] INFO      Velocidade: muito rápido (0 sprite(s) na tela) | tecla contínua, previsão 100 ms
[16:50:54.069] DECISÃO   Teclas A+W | pos (49, 121) -> alvo (32.81781751950689, 108.98314906993728) | similaridade 1.00 (rastreio)
[16:50:54.512] BOLA      Normal (Ultra Ball): toque na tecla T em (750, 222) | similaridade 0.84 | 0.631s depois da captura | ajuste +0,+0 px
[16:50:55.520] DECISÃO   Teclas W | pos (43, 115) -> alvo (36.45916463682247, 94.37239807128196) | similaridade 1.00 (rastreio)
[16:50:55.814] BOLA      Shiny (Premier Ball): toque na tecla SPACE em (884, 271) | similaridade 0.87 | 0.849s depois da captura | ajuste +0,+0 px
[16:50:56.379] BOLA      Normal (Ultra Ball): toque na tecla T em (1007, 479) | similaridade 0.74 | 0.490s depois da captura | ajuste +0,+0 px
[16:50:56.891] BOLA      Shiny (Premier Ball): toque na tecla SPACE em (1018, 405) | similaridade 0.86 | 1.002s depois da captura | ajuste +0,+0 px
[16:50:57.065] BOLA      Shiny (Premier Ball): toque na tecla SPACE em (836, 405) | similaridade 0.74 | 1.176s depois da captura | ajuste +0,+0 px
[16:50:57.545] DETECÇÃO  1 sprite(s) na tela (melhor similaridade 0.97; para com >= 4)
[16:50:57.656] INFO      Velocidade: rápido (1 sprite(s) na tela) | passo de 200 ms, previsão 50 ms
[16:50:57.759] BOLA      Normal (Ultra Ball): toque na tecla T em (1024, 850) | similaridade 0.75 | 0.599s depois da captura | ajuste +0,+0 px
[16:50:58.188] BOLA      Shiny (Premier Ball): toque na tecla SPACE em (1035, 958) | similaridade 0.82 | 1.027s depois da captura | ajuste +0,+0 px
[16:50:59.059] BOLA      Shiny (Premier Ball): toque na tecla SPACE em (1035, 936) | similaridade 0.82 | 0.749s depois da captura | ajuste +0,+0 px
[16:51:02.286] DETECÇÃO  2 sprite(s) na tela (melhor similaridade 0.98; para com >= 4)
[16:51:02.384] DECISÃO   Teclas A+W | pos (43, 101) -> alvo (34.7880638250147, 82.4064922833533) | similaridade 1.00 (rastreio)
[16:51:02.642] DECISÃO   Teclas W | pos (41, 99) -> alvo (34.368261120246785, 80.93077725134856) | similaridade 1.00 (rastreio)
[16:51:03.249] TIRO      Vida 95% (≤ 99%): tecla G
[16:51:03.867] DETECÇÃO  Vida do pokémon: 94%
[16:51:03.919] TIRO      Vida 94% (≤ 99%): tecla G
[16:51:04.453] DETECÇÃO  3 sprite(s) na tela (melhor similaridade 0.98; para com >= 4)
[16:51:04.547] TIRO      Vida 94% (≤ 99%): tecla G
[16:51:04.607] DECISÃO   Teclas A+W | pos (41, 95) -> alvo (33.53978326555848, 78.05637611720303) | similaridade 1.00 (rastreio)
[16:51:05.089] DETECÇÃO  2 sprite(s) na tela (melhor similaridade 0.98; para com >= 4)
[16:51:05.179] TIRO      Vida 90% (≤ 99%): tecla G
[16:51:05.243] DECISÃO   Teclas W | pos (39, 93) -> alvo (32.9123957663555, 75.12478105854052) | similaridade 1.00 (rastreio)
[16:51:05.742] DETECÇÃO  3 sprite(s) na tela (melhor similaridade 0.97; para com >= 4)
[16:51:05.781] DETECÇÃO  Vida do pokémon: 87%
[16:51:05.833] TIRO      Vida 87% (≤ 88%): tecla F
[16:51:06.371] DETECÇÃO  4 sprite(s) na tela (melhor similaridade 0.97; para com >= 4)
[16:51:06.474] TIRO      Vida 86% (≤ 88%): tecla F
[16:51:06.475] PAROU     Parou: 4 sprites na tela (limite 4)
[16:51:07.072] ALERTA    Shooter: nome do pokémon não encontrado na área de busca; sem ele não dá para medir as distâncias (confira a similaridade mínima).
[16:51:07.073] INFO      Shooter ligado: atira com a tecla P na sprite além de 380 px do pokémon que ficar parada por 0.8s (oscilação até 20 px)
[16:51:08.067] DETECÇÃO  Vida do pokémon: 79%
[16:51:08.119] TIRO      Vida 79% (≤ 88%): tecla F
[16:51:08.789] TIRO      Tiro inicial: tecla P em (1050, 563) na tela, na sprite mais distante (280 px do pokémon, 4 sprite(s) na tela)
[16:51:08.812] DETECÇÃO  Shooter: 0 sprite(s) além de 380 px do pokémon | vigiando
[16:51:08.813] INFO      Shooter: todas as 4 sprite(s) dentro de 380 px; confirmo por 1.5s antes de dar o R
[16:51:09.185] DETECÇÃO  5 sprite(s) na tela (melhor similaridade 0.98; para com >= 4)
[16:51:09.286] TIRO      Vida 77% (≤ 88%): tecla F
[16:51:09.306] DETECÇÃO  Shooter: 1 sprite(s) além de 380 px do pokémon (a mais distante: 609 px) | vigiando
[16:51:09.307] ALERTA    Shooter: apareceu/ficou sprite além de 380 px durante a confirmação; o R NÃO foi dado, espero todas entrarem de novo
[16:51:09.852] TIRO      Vida 75% (≤ 88%): tecla F
[16:51:10.389] TIRO      Vida 76% (≤ 88%): tecla F
[16:51:10.410] DETECÇÃO  Shooter: 0 sprite(s) além de 380 px do pokémon | vigiando
[16:51:10.410] INFO      Shooter: todas as 5 sprite(s) dentro de 380 px; confirmo por 1.5s antes de dar o R
[16:51:10.819] DETECÇÃO  Vida do pokémon: 74%
[16:51:11.907] TIRO      Vida 73% (≤ 88%): tecla F
[16:51:11.926] TIRO      Todas as 5 sprite(s) dentro de 380 px: sequência R (repetido por 1.0s) e, 0.50s depois do R, revive (E)
[16:51:12.423] TIRO      Vida 70% (≤ 88%): tecla F
[16:51:12.831] DETECÇÃO  0 sprite(s) na tela (melhor similaridade 0.22; para com >= 4)
[16:51:12.925] TIRO      Vida 70% (≤ 88%): tecla F
[16:51:12.932] TIRO      Shooter: R apertado 7x em 1.00s
[16:51:13.487] TIRO      Revive: toque rápido em E e verifico a foto por 2.5s — tentativa 1/3
[16:51:14.178] INFO      Revive confirmado: a foto mudou (1.0% dos pixels) após 0.7s e 1 toque(s) no E (E saiu 0.55s depois do R)
[16:51:14.180] INFO      Shooter: procedimento concluído (R repetido + E); o bot volta a andar
[16:51:14.418] BOLA      Shiny (Premier Ball): toque na tecla SPACE em (944, 422) | similaridade 0.92 | 0.830s depois da captura | ajuste +0,+0 px
[16:51:14.572] BOLA      Shiny (Premier Ball): toque na tecla SPACE em (1127, 605) | similaridade 0.85 | 0.984s depois da captura | ajuste +0,+0 px
[16:51:14.639] DETECÇÃO  Vida do pokémon: 100%
[16:51:14.639] RETOMOU   Voltou a andar: 0 sprites (limite 4), ficou parado 8.2s
[16:51:14.701] INFO      Velocidade: muito rápido (0 sprite(s) na tela) | tecla contínua, previsão 100 ms
[16:51:14.701] DECISÃO   Teclas W | pos (39, 89) -> alvo (32.73509107756269, 73.69167466398385) | similaridade 1.00 (rastreio)
[16:51:14.749] BOLA      Shiny (Premier Ball): toque na tecla SPACE em (1035, 605) | similaridade 0.73 | 1.161s depois da captura | ajuste +0,+0 px
[16:51:15.460] DECISÃO   Teclas A+W | pos (39, 85) -> alvo (32.75307586334097, 70.79510143617965) | similaridade 1.00 (rastreio)
[16:51:15.519] DECISÃO   Teclas W | pos (39, 83) -> alvo (33.931054152851324, 66.8046587978182) | similaridade 1.00 (rastreio)
[16:51:15.666] BOLA      Shiny (Premier Ball): toque na tecla SPACE em (944, 445) | similaridade 0.94 | 0.825s depois da captura | ajuste +0,+0 px
[16:51:15.899] BOLA      Shiny (Premier Ball): toque na tecla SPACE em (1127, 628) | similaridade 0.86 | 1.057s depois da captura | ajuste +0,+0 px
[16:51:16.101] BOLA      Shiny (Premier Ball): toque na tecla SPACE em (1127, 445) | similaridade 0.79 | 1.260s depois da captura | ajuste +0,+0 px
[16:51:16.728] DETECÇÃO  1 sprite(s) na tela (melhor similaridade 0.97; para com >= 4)
[16:51:16.845] INFO      Velocidade: rápido (1 sprite(s) na tela) | passo de 200 ms, previsão 50 ms
[16:51:16.973] BOLA      Shiny (Premier Ball): toque na tecla SPACE em (1201, 953) | similaridade 0.92 | 0.785s depois da captura | ajuste +0,+0 px
[16:51:17.136] BOLA      Shiny (Premier Ball): toque na tecla SPACE em (1018, 953) | similaridade 0.88 | 0.947s depois da captura | ajuste +0,+0 px
[16:51:17.289] BOLA      Shiny (Premier Ball): toque na tecla SPACE em (1201, 770) | similaridade 0.80 | 1.101s depois da captura | ajuste +0,+0 px
[16:51:18.216] BOLA      Shiny (Premier Ball): toque na tecla SPACE em (1035, 879) | similaridade 0.85 | 0.823s depois da captura | ajuste +0,+0 px
[16:51:18.409] BOLA      Shiny (Premier Ball): toque na tecla SPACE em (1218, 879) | similaridade 0.77 | 1.015s depois da captura | ajuste +0,+0 px
[16:51:18.626] DETECÇÃO  2 sprite(s) na tela (melhor similaridade 0.98; para com >= 4)
[16:51:19.196] BOLA      Shiny (Premier Ball): toque na tecla SPACE em (1035, 1021) | similaridade 0.88 | 0.702s depois da captura | ajuste +0,+0 px
[16:51:19.373] BOLA      Shiny (Premier Ball): toque na tecla SPACE em (1218, 1021) | similaridade 0.80 | 0.879s depois da captura | ajuste +0,+0 px
[16:51:19.546] DETECÇÃO  3 sprite(s) na tela (melhor similaridade 0.99; para com >= 4)
[16:51:19.660] DECISÃO   Teclas D+W | pos (37, 71) -> alvo (42.65784494785192, 59.50372281568208) | similaridade 1.00 (rastreio)
[16:51:20.460] DETECÇÃO  5 sprite(s) na tela (melhor similaridade 0.98; para com >= 4)
[16:51:20.514] PAROU     Parou: 5 sprites na tela (limite 4)
[16:51:21.212] TIRO      Tiro inicial: tecla P em (1510, 233) na tela, na sprite mais distante (786 px do pokémon, 5 sprite(s) na tela)
[16:51:21.213] INFO      Shooter ligado: atira com a tecla P na sprite além de 380 px do pokémon que ficar parada por 0.8s (oscilação até 20 px)
[16:51:21.242] DETECÇÃO  Shooter: 3 sprite(s) além de 380 px do pokémon (a mais distante: 786 px) | vigiando
[16:51:21.563] INFO      Bot DESATIVADO
[16:51:27.880] INFO      ===== Sessão iniciada em 03/10/2026 16:51:27 =====
[16:51:27.882] INFO      Bot ATIVADO
[16:51:27.882] INFO      Envio de teclas: pyautogui | movimento por WASD
[16:51:27.928] INFO      Seta localizada pela sprite da seta (12x12px, similaridade mínima 0.75)
[16:51:27.928] INFO      Mapa completo 149x160: 37% corredor, 63% obstáculo, 0% sem marcar (conta como obstáculo)
[16:51:27.929] INFO      Rota calculada: 180 pontos, sentido horário, curvas abertas em 85% do corredor
[16:51:27.929] INFO      Tolerância de travamento: 2500 ms sem a seta sair do lugar
[16:51:27.930] INFO      Detecção de sprites ligada: parar com >= 4 (limiar 0.9, a cada 0.35s)
[16:51:27.959] INFO      Posição da seta: um recorte de 97px ao redor da seta será comparado com o mapa completo (escala salva 0.5007 (recalibra sozinho se não casar))
[16:51:28.001] INFO      Revive: foto de referência guardada na memória (35x36px)
[16:51:28.049] INFO      Pokeball: perfis ativos: Normal (Ultra Ball) → T (prioridade 1); Shiny (Premier Ball) → SPACE (prioridade 2)
[16:51:28.331] DETECÇÃO  6 sprite(s) na tela (melhor similaridade 0.98; para com >= 4)
[16:51:28.333] INFO      Habilidades por vida ligadas: ≤45% → C, ≤88% → F, ≤99% → G (barra achada pela sprite life bar)
[16:51:28.379] ALERTA    Habilidades por vida: barra de vida NÃO encontrada (similaridade 0.24, mínimo 0.60).
[16:51:28.380] PAROU     Parou: 6 sprites na tela (limite 4)
[16:51:28.973] ALERTA    Shooter: nome do pokémon não encontrado na área de busca; sem ele não dá para medir as distâncias (confira a similaridade mínima).
[16:51:28.974] INFO      Shooter ligado: atira com a tecla P na sprite além de 380 px do pokémon que ficar parada por 0.8s (oscilação até 20 px)
[16:51:30.050] DETECÇÃO  7 sprite(s) na tela (melhor similaridade 0.98; para com >= 4)
[16:51:30.774] TIRO      Tiro inicial: tecla P em (1598, 164) na tela, na sprite mais distante (228 px do pokémon, 7 sprite(s) na tela)
[16:51:30.793] DETECÇÃO  Shooter: 0 sprite(s) além de 380 px do pokémon | vigiando
[16:51:30.794] INFO      Shooter: todas as 7 sprite(s) dentro de 380 px; confirmo por 1.5s antes de dar o R
[16:51:32.868] TIRO      Todas as 7 sprite(s) dentro de 380 px: sequência R (repetido por 1.0s) e, 0.50s depois do R, revive (E)
[16:51:33.259] DETECÇÃO  0 sprite(s) na tela (melhor similaridade 0.24; para com >= 4)
[16:51:33.879] TIRO      Shooter: R apertado 7x em 1.01s
[16:51:34.374] DETECÇÃO  Vida do pokémon: 97%
[16:51:34.422] TIRO      Revive: toque rápido em E e verifico a foto por 2.5s — tentativa 1/3
[16:51:34.426] TIRO      Vida 97% (≤ 99%): tecla G
[16:51:35.326] ALERTA    Shooter: nome do pokémon não encontrado na área de busca; sem ele não dá para medir as distâncias (confira a similaridade mínima).
[16:51:36.996] ALERTA    Revive: a foto NÃO mudou em 2.5s (máximo 0.0% dos pixels, mínimo 0.6%): o E não foi usado; tento de novo
[16:51:36.997] TIRO      Revive: toque rápido em E e verifico a foto por 2.5s — tentativa 2/3
[16:51:38.299] ALERTA    Revive interrompido após 3.9s sem a foto mudar (o bot foi desligado)
[16:51:38.373] INFO      Bot DESATIVADO
[16:51:56.270] INFO      ===== Sessão iniciada em 03/10/2026 16:51:56 =====
[16:51:56.271] INFO      Bot ATIVADO
[16:51:56.272] INFO      Envio de teclas: pyautogui | movimento por WASD
[16:51:56.305] INFO      Seta localizada pela sprite da seta (12x12px, similaridade mínima 0.75)
[16:51:56.305] INFO      Mapa completo 149x160: 37% corredor, 63% obstáculo, 0% sem marcar (conta como obstáculo)
[16:51:56.306] INFO      Rota calculada: 180 pontos, sentido horário, curvas abertas em 85% do corredor
[16:51:56.306] INFO      Tolerância de travamento: 2500 ms sem a seta sair do lugar
[16:51:56.307] INFO      Detecção de sprites ligada: parar com >= 4 (limiar 0.9, a cada 0.35s)
[16:51:56.337] INFO      Posição da seta: um recorte de 97px ao redor da seta será comparado com o mapa completo (escala salva 0.5007 (recalibra sozinho se não casar))
[16:51:56.384] INFO      Revive: foto de referência guardada na memória (35x36px)
[16:51:56.429] INFO      Pokeball: perfis ativos: Normal (Ultra Ball) → T (prioridade 1); Shiny (Premier Ball) → SPACE (prioridade 2)
[16:51:56.764] DETECÇÃO  0 sprite(s) na tela (melhor similaridade 0.28; para com >= 4)
[16:51:56.765] INFO      Habilidades por vida ligadas: ≤45% → C, ≤88% → F, ≤99% → G (barra achada pela sprite life bar)
[16:51:56.818] DETECÇÃO  Vida do pokémon: 100%
[16:51:56.875] INFO      Janela que recebe as teclas: 'PokeAlliance - Ze Pilintra'
[16:51:56.906] INFO      Seta localizada no mapa completo em (37, 69), sobre corredor
[16:51:56.907] INFO      Velocidade: muito rápido (0 sprite(s) na tela) | tecla contínua, previsão 100 ms
[16:51:56.908] DECISÃO   Teclas D+W | pos (37, 69) -> alvo (45.5610336946902, 58.28977084971035) | similaridade 1.00 (busca)
[16:51:56.919] INFO      Windows registrou a tecla enviada (pyautogui). Se mesmo assim a janela não reage, ela filtra teclas enviadas por software.
[16:51:57.026] BOLA      Normal (Ultra Ball): toque na tecla T em (1460, 405) | similaridade 0.44 | 0.545s depois da captura | ajuste +0,+0 px
[16:51:57.212] BOLA      Normal (Ultra Ball): toque na tecla T em (1196, 795) | similaridade 0.40 | 0.730s depois da captura | ajuste +0,+0 px
[16:51:57.365] BOLA      Normal (Ultra Ball): toque na tecla T em (1419, 373) | similaridade 0.40 | 0.884s depois da captura | ajuste +0,+0 px
[16:51:57.912] BOLA      Shiny (Premier Ball): toque na tecla SPACE em (1492, 148) | similaridade 0.84 | 1.431s depois da captura | ajuste +0,+0 px
[16:51:58.066] BOLA      Shiny (Premier Ball): toque na tecla SPACE em (1492, 240) | similaridade 0.84 | 1.585s depois da captura | ajuste +0,+0 px
[16:51:58.244] BOLA      Shiny (Premier Ball): toque na tecla SPACE em (1675, 240) | similaridade 0.83 | 1.763s depois da captura | ajuste +0,+0 px
[16:51:58.444] BOLA      Shiny (Premier Ball): toque na tecla SPACE em (1583, 240) | similaridade 0.82 | 1.963s depois da captura | ajuste +0,+0 px
[16:51:59.145] BOLA      Normal (Ultra Ball): toque na tecla T em (1160, 614) | similaridade 0.44 | 0.614s depois da captura | ajuste +0,+0 px
[16:51:59.330] BOLA      Normal (Ultra Ball): toque na tecla T em (116, 969) | similaridade 0.41 | 0.799s depois da captura | ajuste +0,+0 px
[16:51:59.483] BOLA      Normal (Ultra Ball): toque na tecla T em (132, 799) | similaridade 0.41 | 0.952s depois da captura | ajuste +0,+0 px
[16:51:59.696] BOLA      Normal (Ultra Ball): toque na tecla T em (896, 1003) | similaridade 0.40 | 1.165s depois da captura | ajuste +0,+0 px
[16:51:59.895] BOLA      Normal (Ultra Ball): toque na tecla T em (163, 961) | similaridade 0.40 | 1.365s depois da captura | ajuste +0,+0 px
[16:52:00.063] BOLA      Normal (Ultra Ball): toque na tecla T em (1119, 581) | similaridade 0.40 | 1.532s depois da captura | ajuste +0,+0 px
[16:52:00.217] BOLA      Normal (Ultra Ball): toque na tecla T em (161, 1040) | similaridade 0.40 | 1.686s depois da captura | ajuste +0,+0 px
[16:52:00.344] DECISÃO   Teclas W | pos (51, 57) -> alvo (56.0, 44.0) | similaridade 1.00 (rastreio)
[16:52:00.392] BOLA      Normal (Ultra Ball): toque na tecla T em (132, 1074) | similaridade 0.40 | 1.861s depois da captura | ajuste +0,+0 px
[16:52:00.905] BOLA      Shiny (Premier Ball): toque na tecla SPACE em (1375, 448) | similaridade 0.87 | 2.375s depois da captura | ajuste +0,+0 px
[16:52:01.066] DECISÃO   Teclas D+W | pos (51, 55) -> alvo (57.07373934681647, 39.699981207967355) | similaridade 1.00 (rastreio)
[16:52:01.110] BOLA      Shiny (Premier Ball): toque na tecla SPACE em (1466, 357) | similaridade 0.86 | 2.579s depois da captura | ajuste +0,+0 px
[16:52:01.314] BOLA      Shiny (Premier Ball): toque na tecla SPACE em (1284, 265) | similaridade 0.86 | 2.783s depois da captura | ajuste +0,+0 px
[16:52:01.478] BOLA      Shiny (Premier Ball): toque na tecla SPACE em (1284, 448) | similaridade 0.85 | 2.948s depois da captura | ajuste +0,+0 px
[16:52:01.632] BOLA      Shiny (Premier Ball): toque na tecla SPACE em (1192, 448) | similaridade 0.85 | 3.101s depois da captura | ajuste +0,+0 px
[16:52:01.656] DETECÇÃO  1 sprite(s) na tela (melhor similaridade 0.99; para com >= 4)
[16:52:01.750] INFO      Velocidade: rápido (1 sprite(s) na tela) | passo de 200 ms, previsão 50 ms
[16:52:01.798] BOLA      Shiny (Premier Ball): toque na tecla SPACE em (1466, 539) | similaridade 0.84 | 3.268s depois da captura | ajuste +0,+0 px
[16:52:01.980] BOLA      Shiny (Premier Ball): toque na tecla SPACE em (1192, 357) | similaridade 0.82 | 3.450s depois da captura | ajuste +0,+0 px
[16:52:02.479] DETECÇÃO  2 sprite(s) na tela (melhor similaridade 0.98; para com >= 4)
[16:52:02.816] BOLA      Shiny (Premier Ball): toque na tecla SPACE em (830, 901) | similaridade 0.87 | 0.756s depois da captura | ajuste +0,+0 px
[16:52:02.969] BOLA      Shiny (Premier Ball): toque na tecla SPACE em (1013, 993) | similaridade 0.85 | 0.909s depois da captura | ajuste +0,+0 px
[16:52:03.126] BOLA      Shiny (Premier Ball): toque na tecla SPACE em (738, 993) | similaridade 0.81 | 1.066s depois da captura | ajuste +0,+0 px
[16:52:03.625] BOLA      Normal (Ultra Ball): toque na tecla T em (1606, 726) | similaridade 0.41 | 0.417s depois da captura | ajuste +0,+0 px
[16:52:03.800] BOLA      Normal (Ultra Ball): toque na tecla T em (1627, 582) | similaridade 0.40 | 0.592s depois da captura | ajuste +0,+0 px
[16:52:04.000] BOLA      Normal (Ultra Ball): toque na tecla T em (470, 915) | similaridade 0.40 | 0.792s depois da captura | ajuste +0,+0 px
[16:52:04.480] BOLA      Shiny (Premier Ball): toque na tecla SPACE em (678, 1052) | similaridade 0.74 | 1.272s depois da captura | ajuste +0,+0 px
[16:52:05.083] BOLA      Normal (Ultra Ball): toque na tecla T em (1489, 935) | similaridade 0.41 | 0.503s depois da captura | ajuste +0,+0 px
[16:52:05.169] DETECÇÃO  3 sprite(s) na tela (melhor similaridade 0.98; para com >= 4)
[16:52:05.253] BOLA      Normal (Ultra Ball): toque na tecla T em (1510, 791) | similaridade 0.40 | 0.672s depois da captura | ajuste +0,+0 px
[16:52:05.406] BOLA      Normal (Ultra Ball): toque na tecla T em (996, 167) | similaridade 0.40 | 0.826s depois da captura | ajuste +0,+0 px
[16:52:06.054] DETECÇÃO  4 sprite(s) na tela (melhor similaridade 0.98; para com >= 4)
[16:52:06.145] TIRO      Vida 97% (≤ 99%): tecla G
[16:52:06.147] PAROU     Parou: 4 sprites na tela (limite 4)
[16:52:06.271] BOLA      Normal (Ultra Ball): toque na tecla T em (1829, 810) | similaridade 0.41 | 0.446s depois da captura | ajuste +0,+0 px
[16:52:06.424] BOLA      Normal (Ultra Ball): toque na tecla T em (1821, 845) | similaridade 0.41 | 0.599s depois da captura | ajuste +0,+0 px
[16:52:06.578] BOLA      Normal (Ultra Ball): toque na tecla T em (1364, 1027) | similaridade 0.40 | 0.753s depois da captura | ajuste +0,+0 px
[16:52:06.731] BOLA      Normal (Ultra Ball): toque na tecla T em (850, 404) | similaridade 0.40 | 0.906s depois da captura | ajuste +0,+0 px
[16:52:06.843] TIRO      Tiro inicial: tecla P em (1718, 136) na tela, na sprite mais distante (1282 px do pokémon, 4 sprite(s) na tela)
[16:52:06.844] INFO      Shooter ligado: atira com a tecla P na sprite além de 380 px do pokémon que ficar parada por 0.8s (oscilação até 20 px)
[16:52:06.865] DETECÇÃO  Shooter: 2 sprite(s) além de 380 px do pokémon (a mais distante: 1282 px) | vigiando
[16:52:07.284] DETECÇÃO  5 sprite(s) na tela (melhor similaridade 0.99; para com >= 4)
[16:52:07.376] TIRO      Vida 95% (≤ 99%): tecla G
[16:52:07.534] BOLA      Normal (Ultra Ball): toque na tecla T em (1809, 830) | similaridade 0.41 | 0.443s depois da captura | ajuste +0,+0 px
[16:52:07.688] BOLA      Normal (Ultra Ball): toque na tecla T em (1802, 865) | similaridade 0.41 | 0.596s depois da captura | ajuste +0,+0 px
[16:52:07.762] DETECÇÃO  6 sprite(s) na tela (melhor similaridade 0.99; para com >= 4)
[16:52:07.859] BOLA      Normal (Ultra Ball): toque na tecla T em (1345, 1047) | similaridade 0.40 | 0.768s depois da captura | ajuste +0,+0 px
[16:52:08.021] BOLA      Normal (Ultra Ball): toque na tecla T em (830, 424) | similaridade 0.40 | 0.930s depois da captura | ajuste +0,+0 px
[16:52:08.314] TIRO      Vida 95% (≤ 99%): tecla G
[16:52:08.790] BOLA      Normal (Ultra Ball): toque na tecla T em (1809, 830) | similaridade 0.41 | 0.431s depois da captura | ajuste +0,+0 px
[16:52:08.798] DETECÇÃO  Vida do pokémon: 94%
[16:52:08.853] TIRO      Vida 94% (≤ 99%): tecla G
[16:52:08.961] BOLA      Normal (Ultra Ball): toque na tecla T em (1802, 865) | similaridade 0.41 | 0.603s depois da captura | ajuste +0,+0 px
[16:52:09.114] BOLA      Normal (Ultra Ball): toque na tecla T em (1345, 1047) | similaridade 0.40 | 0.755s depois da captura | ajuste +0,+0 px
[16:52:09.268] BOLA      Normal (Ultra Ball): toque na tecla T em (830, 424) | similaridade 0.40 | 0.909s depois da captura | ajuste +0,+0 px
[16:52:09.831] DETECÇÃO  Vida do pokémon: 82%
[16:52:09.883] TIRO      Vida 82% (≤ 88%): tecla F
[16:52:09.903] DETECÇÃO  Shooter: 1 sprite(s) além de 380 px do pokémon (a mais distante: 566 px) | vigiando
[16:52:10.052] BOLA      Normal (Ultra Ball): toque na tecla T em (1809, 830) | similaridade 0.41 | 0.419s depois da captura | ajuste +0,+0 px
[16:52:10.205] BOLA      Normal (Ultra Ball): toque na tecla T em (1802, 865) | similaridade 0.41 | 0.572s depois da captura | ajuste +0,+0 px
[16:52:10.362] BOLA      Normal (Ultra Ball): toque na tecla T em (1345, 1047) | similaridade 0.40 | 0.729s depois da captura | ajuste +0,+0 px
[16:52:10.516] BOLA      Normal (Ultra Ball): toque na tecla T em (830, 424) | similaridade 0.40 | 0.883s depois da captura | ajuste +0,+0 px
[16:52:11.323] BOLA      Normal (Ultra Ball): toque na tecla T em (1809, 830) | similaridade 0.41 | 0.447s depois da captura | ajuste +0,+0 px
[16:52:11.330] DETECÇÃO  Vida do pokémon: 76%
[16:52:11.382] TIRO      Vida 76% (≤ 88%): tecla F
[16:52:11.400] DETECÇÃO  Shooter: 0 sprite(s) além de 380 px do pokémon | vigiando
[16:52:11.401] INFO      Shooter: todas as 6 sprite(s) dentro de 380 px; confirmo por 1.5s antes de dar o R
[16:52:11.499] BOLA      Normal (Ultra Ball): toque na tecla T em (1802, 865) | similaridade 0.41 | 0.623s depois da captura | ajuste +0,+0 px
[16:52:11.659] BOLA      Normal (Ultra Ball): toque na tecla T em (1345, 1047) | similaridade 0.40 | 0.782s depois da captura | ajuste +0,+0 px
[16:52:12.477] BOLA      Normal (Ultra Ball): toque na tecla T em (1809, 830) | similaridade 0.41 | 0.457s depois da captura | ajuste +0,+0 px
[16:52:12.660] BOLA      Normal (Ultra Ball): toque na tecla T em (1802, 865) | similaridade 0.41 | 0.640s depois da captura | ajuste +0,+0 px
[16:52:12.825] BOLA      Normal (Ultra Ball): toque na tecla T em (1345, 1047) | similaridade 0.40 | 0.805s depois da captura | ajuste +0,+0 px
[16:52:12.836] DETECÇÃO  Vida do pokémon: 62%
[16:52:12.888] TIRO      Vida 62% (≤ 88%): tecla F
[16:52:12.907] TIRO      Todas as 6 sprite(s) dentro de 380 px: sequência R (repetido por 1.0s) e, 0.50s depois do R, revive (E)
[16:52:12.979] BOLA      Normal (Ultra Ball): toque na tecla T em (830, 424) | similaridade 0.40 | 0.958s depois da captura | ajuste +0,+0 px
[16:52:13.391] DETECÇÃO  Vida do pokémon: 53%
[16:52:13.443] TIRO      Vida 53% (≤ 88%): tecla F
[16:52:13.809] BOLA      Normal (Ultra Ball): toque na tecla T em (1809, 830) | similaridade 0.41 | 0.430s depois da captura | ajuste +0,+0 px
[16:52:13.919] TIRO      Shooter: R apertado 7x em 1.01s
[16:52:13.962] BOLA      Normal (Ultra Ball): toque na tecla T em (1802, 865) | similaridade 0.41 | 0.584s depois da captura | ajuste +0,+0 px
[16:52:14.129] BOLA      Normal (Ultra Ball): toque na tecla T em (1345, 1047) | similaridade 0.40 | 0.751s depois da captura | ajuste +0,+0 px
[16:52:14.315] BOLA      Normal (Ultra Ball): toque na tecla T em (830, 424) | similaridade 0.40 | 0.936s depois da captura | ajuste +0,+0 px
[16:52:14.354] DETECÇÃO  0 sprite(s) na tela (melhor similaridade 0.22; para com >= 4)
[16:52:14.465] TIRO      Vida 53% (≤ 88%): tecla F
[16:52:14.472] TIRO      Revive: toque rápido em E e verifico a foto por 2.5s — tentativa 1/3
[16:52:15.152] INFO      Revive confirmado: a foto mudou (11.7% dos pixels) após 0.7s e 1 toque(s) no E (E saiu 0.55s depois do R)
[16:52:15.152] INFO      Shooter: procedimento concluído (R repetido + E); o bot volta a andar
[16:52:15.310] BOLA      Normal (Ultra Ball): toque na tecla T em (1809, 830) | similaridade 0.41 | 0.548s depois da captura | ajuste +0,+0 px
[16:52:15.464] BOLA      Normal (Ultra Ball): toque na tecla T em (1802, 865) | similaridade 0.41 | 0.702s depois da captura | ajuste +0,+0 px
[16:52:15.618] BOLA      Normal (Ultra Ball): toque na tecla T em (1345, 1047) | similaridade 0.40 | 0.856s depois da captura | ajuste +0,+0 px
[16:52:15.686] DETECÇÃO  Vida do pokémon: 100%
[16:52:15.687] RETOMOU   Voltou a andar: 0 sprites (limite 4), ficou parado 9.5s
[16:52:15.745] INFO      Velocidade: muito rápido (0 sprite(s) na tela) | tecla contínua, previsão 100 ms
[16:52:15.746] DECISÃO   Teclas D+W | pos (63, 37) -> alvo (83.26060128135896, 25.123367721133476) | similaridade 1.00 (rastreio)
[16:52:15.794] BOLA      Normal (Ultra Ball): toque na tecla T em (830, 424) | similaridade 0.40 | 1.031s depois da captura | ajuste +0,+0 px
[16:52:15.891] DECISÃO   Teclas D | pos (65, 35) -> alvo (87.14984528111933, 27.05690092777891) | similaridade 1.00 (rastreio)
[16:52:16.297] BOLA      Shiny (Premier Ball): toque na tecla SPACE em (670, 787) | similaridade 0.89 | 1.534s depois da captura | ajuste +0,+0 px
[16:52:16.463] BOLA      Shiny (Premier Ball): toque na tecla SPACE em (853, 696) | similaridade 0.80 | 1.701s depois da captura | ajuste +0,+0 px
[16:52:16.663] BOLA      Shiny (Premier Ball): toque na tecla SPACE em (761, 787) | similaridade 0.75 | 1.900s depois da captura | ajuste +0,+0 px
[16:52:17.311] BOLA      Normal (Ultra Ball): toque na tecla T em (1615, 921) | similaridade 0.41 | 0.539s depois da captura | ajuste +0,+0 px
[16:52:17.514] BOLA      Normal (Ultra Ball): toque na tecla T em (1607, 956) | similaridade 0.41 | 0.742s depois da captura | ajuste +0,+0 px
[16:52:17.674] BOLA      Normal (Ultra Ball): toque na tecla T em (399, 187) | similaridade 0.40 | 0.902s depois da captura | ajuste +0,+0 px
[16:52:17.741] DETECÇÃO  1 sprite(s) na tela (melhor similaridade 0.99; para com >= 4)
[16:52:17.829] BOLA      Normal (Ultra Ball): toque na tecla T em (636, 515) | similaridade 0.40 | 1.057s depois da captura | ajuste +0,+0 px
[16:52:17.834] INFO      Velocidade: rápido (1 sprite(s) na tela) | passo de 200 ms, previsão 50 ms
[16:52:17.983] BOLA      Normal (Ultra Ball): toque na tecla T em (583, 187) | similaridade 0.40 | 1.211s depois da captura | ajuste +0,+0 px
[16:52:18.387] BOLA      Shiny (Premier Ball): toque na tecla SPACE em (476, 879) | similaridade 0.86 | 1.615s depois da captura | ajuste +0,+0 px
[16:52:18.540] BOLA      Shiny (Premier Ball): toque na tecla SPACE em (567, 879) | similaridade 0.79 | 1.768s depois da captura | ajuste +0,+0 px
[16:52:18.554] DETECÇÃO  2 sprite(s) na tela (melhor similaridade 0.99; para com >= 4)
[16:52:18.692] DECISÃO   Teclas D+S | pos (81, 35) -> alvo (99.43753493378676, 43.71285892660043) | similaridade 1.00 (rastreio)
[16:52:19.112] BOLA      Normal (Ultra Ball): toque na tecla T em (987, 921) | similaridade 0.41 | 0.471s depois da captura | ajuste +0,+0 px
[16:52:19.284] BOLA      Normal (Ultra Ball): toque na tecla T em (979, 956) | similaridade 0.41 | 0.644s depois da captura | ajuste +0,+0 px
[16:52:19.475] BOLA      Normal (Ultra Ball): toque na tecla T em (1198, 236) | similaridade 0.41 | 0.835s depois da captura | ajuste +0,+0 px
[16:52:19.518] DETECÇÃO  3 sprite(s) na tela (melhor similaridade 0.98; para com >= 4)
[16:52:20.349] BOLA      Normal (Ultra Ball): toque na tecla T em (995, 124) | similaridade 0.41 | 0.493s depois da captura | ajuste +0,+0 px
[16:52:20.424] DETECÇÃO  4 sprite(s) na tela (melhor similaridade 0.98; para com >= 4)
[16:52:20.471] PAROU     Parou: 4 sprites na tela (limite 4)
[16:52:20.514] BOLA      Normal (Ultra Ball): toque na tecla T em (985, 303) | similaridade 0.41 | 0.658s depois da captura | ajuste +0,+0 px
[16:52:20.668] BOLA      Normal (Ultra Ball): toque na tecla T em (320, 1027) | similaridade 0.40 | 0.812s depois da captura | ajuste +0,+0 px
[16:52:21.187] TIRO      Tiro inicial: tecla P em (1798, 1003) na tela, na sprite mais distante (1102 px do pokémon, 4 sprite(s) na tela)
[16:52:21.187] INFO      Shooter ligado: atira com a tecla P na sprite além de 380 px do pokémon que ficar parada por 0.8s (oscilação até 20 px)
[16:52:21.206] DETECÇÃO  Shooter: 2 sprite(s) além de 380 px do pokémon (a mais distante: 1102 px) | vigiando
[16:52:21.517] BOLA      Normal (Ultra Ball): toque na tecla T em (713, 647) | similaridade 0.41 | 0.483s depois da captura | ajuste +0,+0 px
[16:52:21.587] DETECÇÃO  5 sprite(s) na tela (melhor similaridade 0.98; para com >= 4)
[16:52:21.640] DETECÇÃO  Shooter: 3 sprite(s) além de 380 px do pokémon (a mais distante: 851 px) | vigiando
[16:52:21.670] BOLA      Normal (Ultra Ball): toque na tecla T em (705, 682) | similaridade 0.41 | 0.637s depois da captura | ajuste +0,+0 px
[16:52:21.834] BOLA      Normal (Ultra Ball): toque na tecla T em (228, 1009) | similaridade 0.41 | 0.801s depois da captura | ajuste +0,+0 px
[16:52:21.988] BOLA      Normal (Ultra Ball): toque na tecla T em (915, 141) | similaridade 0.41 | 0.954s depois da captura | ajuste +0,+0 px
[16:52:22.114] TIRO      Vida 95% (≤ 99%): tecla G
[16:52:22.157] BOLA      Normal (Ultra Ball): toque na tecla T em (249, 865) | similaridade 0.40 | 1.123s depois da captura | ajuste +0,+0 px
[16:52:22.984] BOLA      Normal (Ultra Ball): toque na tecla T em (713, 647) | similaridade 0.41 | 0.475s depois da captura | ajuste +0,+0 px
[16:52:23.109] DETECÇÃO  Vida do pokémon: 86%
[16:52:23.154] BOLA      Normal (Ultra Ball): toque na tecla T em (705, 682) | similaridade 0.41 | 0.646s depois da captura | ajuste +0,+0 px
[16:52:23.161] TIRO      Vida 86% (≤ 88%): tecla F
[16:52:23.308] BOLA      Normal (Ultra Ball): toque na tecla T em (228, 1009) | similaridade 0.41 | 0.800s depois da captura | ajuste +0,+0 px
[16:52:23.461] BOLA      Normal (Ultra Ball): toque na tecla T em (915, 141) | similaridade 0.41 | 0.953s depois da captura | ajuste +0,+0 px
[16:52:23.615] BOLA      Normal (Ultra Ball): toque na tecla T em (249, 865) | similaridade 0.40 | 1.107s depois da captura | ajuste +0,+0 px
[16:52:23.677] DETECÇÃO  Shooter: 1 sprite(s) além de 380 px do pokémon (a mais distante: 506 px) | vigiando
[16:52:24.181] TIRO      Vida 83% (≤ 88%): tecla F
[16:52:24.397] BOLA      Normal (Ultra Ball): toque na tecla T em (713, 647) | similaridade 0.41 | 0.450s depois da captura | ajuste +0,+0 px
[16:52:24.550] BOLA      Normal (Ultra Ball): toque na tecla T em (705, 682) | similaridade 0.41 | 0.603s depois da captura | ajuste +0,+0 px
[16:52:24.715] BOLA      Normal (Ultra Ball): toque na tecla T em (228, 1009) | similaridade 0.41 | 0.768s depois da captura | ajuste +0,+0 px
[16:52:24.722] DETECÇÃO  Shooter: 2 sprite(s) além de 380 px do pokémon (a mais distante: 609 px) | vigiando
[16:52:24.869] BOLA      Normal (Ultra Ball): toque na tecla T em (915, 141) | similaridade 0.41 | 0.921s depois da captura | ajuste +0,+0 px
[16:52:25.022] BOLA      Normal (Ultra Ball): toque na tecla T em (249, 865) | similaridade 0.40 | 1.075s depois da captura | ajuste +0,+0 px
[16:52:25.202] TIRO      Vida 83% (≤ 88%): tecla F
[16:52:25.785] DETECÇÃO  Shooter: 4 sprite(s) além de 380 px do pokémon (a mais distante: 717 px) | vigiando
[16:52:25.800] BOLA      Normal (Ultra Ball): toque na tecla T em (713, 647) | similaridade 0.41 | 0.432s depois da captura | ajuste +0,+0 px
[16:52:25.976] BOLA      Normal (Ultra Ball): toque na tecla T em (705, 682) | similaridade 0.41 | 0.608s depois da captura | ajuste +0,+0 px
[16:52:26.129] BOLA      Normal (Ultra Ball): toque na tecla T em (228, 1009) | similaridade 0.41 | 0.762s depois da captura | ajuste +0,+0 px
[16:52:26.152] DETECÇÃO  6 sprite(s) na tela (melhor similaridade 0.98; para com >= 4)
[16:52:26.198] DETECÇÃO  Vida do pokémon: 80%
[16:52:26.250] TIRO      Vida 80% (≤ 88%): tecla F
[16:52:26.293] BOLA      Normal (Ultra Ball): toque na tecla T em (915, 141) | similaridade 0.41 | 0.925s depois da captura | ajuste +0,+0 px
[16:52:26.493] BOLA      Normal (Ultra Ball): toque na tecla T em (249, 865) | similaridade 0.40 | 1.125s depois da captura | ajuste +0,+0 px
[16:52:26.811] DETECÇÃO  Shooter: 5 sprite(s) além de 380 px do pokémon (a mais distante: 824 px) | vigiando
[16:52:27.306] TIRO      Vida 80% (≤ 88%): tecla F
[16:52:27.323] DETECÇÃO  Shooter: 4 sprite(s) além de 380 px do pokémon (a mais distante: 647 px) | vigiando
[16:52:27.382] BOLA      Normal (Ultra Ball): toque na tecla T em (713, 647) | similaridade 0.41 | 0.520s depois da captura | ajuste +0,+0 px
[16:52:27.559] BOLA      Normal (Ultra Ball): toque na tecla T em (705, 682) | similaridade 0.41 | 0.697s depois da captura | ajuste +0,+0 px
[16:52:27.723] BOLA      Normal (Ultra Ball): toque na tecla T em (228, 1009) | similaridade 0.41 | 0.861s depois da captura | ajuste +0,+0 px
[16:52:27.883] BOLA      Normal (Ultra Ball): toque na tecla T em (915, 141) | similaridade 0.41 | 1.021s depois da captura | ajuste +0,+0 px
[16:52:28.036] BOLA      Normal (Ultra Ball): toque na tecla T em (249, 865) | similaridade 0.40 | 1.174s depois da captura | ajuste +0,+0 px
[16:52:28.359] DETECÇÃO  Shooter: 3 sprite(s) além de 380 px do pokémon (a mais distante: 573 px) | vigiando
[16:52:28.755] DETECÇÃO  7 sprite(s) na tela (melhor similaridade 0.98; para com >= 4)
[16:52:28.804] DETECÇÃO  Vida do pokémon: 73%
[16:52:28.864] TIRO      Vida 73% (≤ 88%): tecla F
[16:52:28.966] BOLA      Normal (Ultra Ball): toque na tecla T em (713, 647) | similaridade 0.41 | 0.499s depois da captura | ajuste +0,+0 px
[16:52:29.120] BOLA      Normal (Ultra Ball): toque na tecla T em (705, 682) | similaridade 0.41 | 0.653s depois da captura | ajuste +0,+0 px
[16:52:29.272] BOLA      Normal (Ultra Ball): toque na tecla T em (228, 1009) | similaridade 0.41 | 0.806s depois da captura | ajuste +0,+0 px
[16:52:29.394] DETECÇÃO  Shooter: 1 sprite(s) além de 380 px do pokémon (a mais distante: 403 px) | vigiando
[16:52:29.439] BOLA      Normal (Ultra Ball): toque na tecla T em (915, 141) | similaridade 0.41 | 0.972s depois da captura | ajuste +0,+0 px
[16:52:29.593] BOLA      Normal (Ultra Ball): toque na tecla T em (249, 865) | similaridade 0.40 | 1.126s depois da captura | ajuste +0,+0 px
[16:52:29.777] DETECÇÃO  8 sprite(s) na tela (melhor similaridade 0.98; para com >= 4)
[16:52:29.874] TIRO      Vida 70% (≤ 88%): tecla F
[16:52:30.394] BOLA      Normal (Ultra Ball): toque na tecla T em (713, 647) | similaridade 0.41 | 0.457s depois da captura | ajuste +0,+0 px
[16:52:30.460] DETECÇÃO  Shooter: 0 sprite(s) além de 380 px do pokémon | vigiando
[16:52:30.461] INFO      Shooter: todas as 8 sprite(s) dentro de 380 px; confirmo por 1.5s antes de dar o R
[16:52:30.555] BOLA      Normal (Ultra Ball): toque na tecla T em (705, 682) | similaridade 0.41 | 0.618s depois da captura | ajuste +0,+0 px
[16:52:30.708] BOLA      Normal (Ultra Ball): toque na tecla T em (228, 1009) | similaridade 0.41 | 0.771s depois da captura | ajuste +0,+0 px
[16:52:30.824] DETECÇÃO  7 sprite(s) na tela (melhor similaridade 0.98; para com >= 4)
[16:52:30.865] DETECÇÃO  Vida do pokémon: 66%
[16:52:30.867] BOLA      Normal (Ultra Ball): toque na tecla T em (915, 141) | similaridade 0.41 | 0.929s depois da captura | ajuste +0,+0 px
[16:52:30.918] TIRO      Vida 66% (≤ 88%): tecla F
[16:52:31.020] BOLA      Normal (Ultra Ball): toque na tecla T em (249, 865) | similaridade 0.40 | 1.083s depois da captura | ajuste +0,+0 px
[16:52:31.479] ALERTA    Shooter: nome do pokémon não encontrado na área de busca; sem ele não dá para medir as distâncias (confira a similaridade mínima).
[16:52:31.812] BOLA      Normal (Ultra Ball): toque na tecla T em (713, 647) | similaridade 0.41 | 0.449s depois da captura | ajuste +0,+0 px
[16:52:31.952] TIRO      Vida 62% (≤ 88%): tecla F
[16:52:31.995] BOLA      Normal (Ultra Ball): toque na tecla T em (705, 682) | similaridade 0.41 | 0.632s depois da captura | ajuste +0,+0 px
[16:52:32.167] BOLA      Normal (Ultra Ball): toque na tecla T em (228, 1009) | similaridade 0.41 | 0.803s depois da captura | ajuste +0,+0 px
[16:52:32.320] BOLA      Normal (Ultra Ball): toque na tecla T em (915, 141) | similaridade 0.41 | 0.957s depois da captura | ajuste +0,+0 px
[16:52:32.475] BOLA      Normal (Ultra Ball): toque na tecla T em (249, 865) | similaridade 0.40 | 1.111s depois da captura | ajuste +0,+0 px
[16:52:32.895] DETECÇÃO  8 sprite(s) na tela (melhor similaridade 0.98; para com >= 4)
[16:52:32.938] DETECÇÃO  Vida do pokémon: 50%
[16:52:32.991] TIRO      Vida 50% (≤ 88%): tecla F
[16:52:33.009] TIRO      Todas as 8 sprite(s) dentro de 380 px: sequência R (repetido por 1.0s) e, 0.50s depois do R, revive (E)
[16:52:33.278] BOLA      Normal (Ultra Ball): toque na tecla T em (713, 647) | similaridade 0.41 | 0.463s depois da captura | ajuste +0,+0 px
[16:52:33.377] DETECÇÃO  7 sprite(s) na tela (melhor similaridade 0.98; para com >= 4)
[16:52:33.463] BOLA      Normal (Ultra Ball): toque na tecla T em (705, 682) | similaridade 0.41 | 0.648s depois da captura | ajuste +0,+0 px
[16:52:33.631] BOLA      Normal (Ultra Ball): toque na tecla T em (228, 1009) | similaridade 0.41 | 0.816s depois da captura | ajuste +0,+0 px
[16:52:33.785] BOLA      Normal (Ultra Ball): toque na tecla T em (915, 141) | similaridade 0.41 | 0.970s depois da captura | ajuste +0,+0 px
[16:52:33.810] DETECÇÃO  1 sprite(s) na tela (melhor similaridade 0.95; para com >= 4)
[16:52:33.912] TIRO      Vida 53% (≤ 88%): tecla F
[16:52:33.963] BOLA      Normal (Ultra Ball): toque na tecla T em (249, 865) | similaridade 0.40 | 1.148s depois da captura | ajuste +0,+0 px
[16:52:34.016] TIRO      Shooter: R apertado 7x em 1.01s
[16:52:34.459] TIRO      Vida 53% (≤ 88%): tecla F
[16:52:34.574] TIRO      Revive: toque rápido em E e verifico a foto por 2.5s — tentativa 1/3
[16:52:34.865] BOLA      Normal (Ultra Ball): toque na tecla T em (713, 647) | similaridade 0.41 | 0.555s depois da captura | ajuste +0,+0 px
[16:52:35.029] BOLA      Normal (Ultra Ball): toque na tecla T em (705, 682) | similaridade 0.41 | 0.719s depois da captura | ajuste +0,+0 px
[16:52:35.217] BOLA      Normal (Ultra Ball): toque na tecla T em (228, 1009) | similaridade 0.41 | 0.907s depois da captura | ajuste +0,+0 px
[16:52:35.342] INFO      Revive confirmado: a foto mudou (6.2% dos pixels) após 0.8s e 1 toque(s) no E (E saiu 0.56s depois do R)
[16:52:35.342] INFO      Shooter: procedimento concluído (R repetido + E); o bot volta a andar
[16:52:35.385] BOLA      Normal (Ultra Ball): toque na tecla T em (915, 141) | similaridade 0.41 | 1.075s depois da captura | ajuste +0,+0 px
[16:52:35.538] BOLA      Normal (Ultra Ball): toque na tecla T em (249, 865) | similaridade 0.40 | 1.228s depois da captura | ajuste +0,+0 px
[16:52:35.828] DETECÇÃO  Vida do pokémon: 100%
[16:52:35.828] RETOMOU   Voltou a andar: 1 sprites (limite 4), ficou parado 15.4s
[16:52:35.897] DECISÃO   Teclas D+S | pos (87, 41) -> alvo (110.66349417282152, 51.22789759784065) | similaridade 1.00 (rastreio)
[16:52:36.022] BOLA      Shiny (Premier Ball): toque na tecla SPACE em (1675, 1061) | similaridade 0.81 | 1.712s depois da captura | ajuste +0,+0 px
[16:52:36.184] BOLA      Shiny (Premier Ball): toque na tecla SPACE em (1766, 879) | similaridade 0.71 | 1.874s depois da captura | ajuste +0,+0 px
[16:52:36.204] DECISÃO   Teclas D | pos (89, 43) -> alvo (110.66349417282152, 51.22789759784065) | similaridade 1.00 (rastreio)
[16:52:36.735] BOLA      Normal (Ultra Ball): toque na tecla T em (668, 602) | similaridade 0.41 | 0.467s depois da captura | ajuste +0,+0 px
[16:52:36.804] DECISÃO   Teclas D+S | pos (91, 43) -> alvo (110.66349417282152, 51.22789759784065) | similaridade 1.00 (rastreio)
[16:52:36.889] BOLA      Normal (Ultra Ball): toque na tecla T em (182, 963) | similaridade 0.41 | 0.620s depois da captura | ajuste +0,+0 px
[16:52:37.084] BOLA      Normal (Ultra Ball): toque na tecla T em (203, 819) | similaridade 0.40 | 0.816s depois da captura | ajuste +0,+0 px
[16:52:37.104] DECISÃO   Teclas D | pos (93, 45) -> alvo (114.05795472259011, 53.109285742921955) | similaridade 1.00 (rastreio)
[16:52:37.512] BOLA      Shiny (Premier Ball): toque na tecla SPACE em (1629, 833) | similaridade 0.92 | 1.243s depois da captura | ajuste +0,+0 px
[16:52:37.671] BOLA      Shiny (Premier Ball): toque na tecla SPACE em (1629, 924) | similaridade 0.86 | 1.402s depois da captura | ajuste +0,+0 px
[16:52:37.825] BOLA      Shiny (Premier Ball): toque na tecla SPACE em (1629, 1015) | similaridade 0.83 | 1.557s depois da captura | ajuste +0,+0 px
[16:52:37.939] DECISÃO   Teclas D+S | pos (95, 45) -> alvo (119.24163687066725, 56.56582074632516) | similaridade 1.00 (rastreio)
[16:52:38.009] BOLA      Shiny (Premier Ball): toque na tecla SPACE em (1812, 1015) | similaridade 0.82 | 1.740s depois da captura | ajuste +0,+0 px
[16:52:38.181] BOLA      Shiny (Premier Ball): toque na tecla SPACE em (1720, 1015) | similaridade 0.78 | 1.912s depois da captura | ajuste +0,+0 px
[16:52:38.728] BOLA      Normal (Ultra Ball): toque na tecla T em (314, 430) | similaridade 0.41 | 0.467s depois da captura | ajuste +0,+0 px
[16:52:38.784] INFO      Bot DESATIVADO
[16:53:31.188] INFO      ===== Sessão iniciada em 03/10/2026 16:53:31 =====
[16:53:31.189] INFO      Bot ATIVADO
[16:53:31.190] INFO      Envio de teclas: pyautogui | movimento por WASD
[16:53:31.223] INFO      Seta localizada pela sprite da seta (12x12px, similaridade mínima 0.75)
[16:53:31.223] INFO      Mapa completo 149x160: 37% corredor, 63% obstáculo, 0% sem marcar (conta como obstáculo)
[16:53:31.224] INFO      Rota calculada: 180 pontos, sentido horário, curvas abertas em 85% do corredor
[16:53:31.224] INFO      Tolerância de travamento: 2500 ms sem a seta sair do lugar
[16:53:31.225] INFO      Detecção de sprites ligada: parar com >= 4 (limiar 0.9, a cada 0.35s)
[16:53:31.254] INFO      Posição da seta: um recorte de 97px ao redor da seta será comparado com o mapa completo (escala salva 0.5007 (recalibra sozinho se não casar))
[16:53:31.299] INFO      Revive: foto de referência guardada na memória (35x36px)
[16:53:31.339] INFO      Pokeball: perfis ativos: Normal (Ultra Ball) → T (prioridade 1); Shiny (Premier Ball) → SPACE (prioridade 2)
[16:53:31.642] DETECÇÃO  0 sprite(s) na tela (melhor similaridade 0.22; para com >= 4)
[16:53:31.644] INFO      Habilidades por vida ligadas: ≤45% → C, ≤88% → F, ≤99% → G (barra achada pela sprite life bar)
[16:53:31.684] ALERTA    Habilidades por vida: barra de vida NÃO encontrada (similaridade 0.33, mínimo 0.60).
[16:53:31.739] INFO      Janela que recebe as teclas: 'PokeAlliance - Ze Pilintra'
[16:53:31.774] INFO      Seta localizada no mapa completo em (115, 57), sobre corredor
[16:53:31.774] INFO      Velocidade: muito rápido (0 sprite(s) na tela) | tecla contínua, previsão 100 ms
[16:53:31.775] DECISÃO   Teclas D+S | pos (115, 57) -> alvo (130.2192392144065, 75.12796013190382) | similaridade 1.00 (busca)
[16:53:31.821] INFO      Windows registrou a tecla enviada (pyautogui). Se mesmo assim a janela não reage, ela filtra teclas enviadas por software.
[16:53:32.246] BOLA      Shiny (Premier Ball): toque na tecla SPACE em (396, 331) | similaridade 0.87 | 0.877s depois da captura | ajuste +0,+0 px
[16:53:32.349] DETECÇÃO  3 sprite(s) na tela (melhor similaridade 0.98; para com >= 4)
[16:53:32.436] BOLA      Shiny (Premier Ball): toque na tecla SPACE em (396, 240) | similaridade 0.85 | 1.067s depois da captura | ajuste +0,+0 px
[16:53:32.457] INFO      Velocidade: rápido (3 sprite(s) na tela) | passo de 200 ms, previsão 50 ms
[16:53:32.589] BOLA      Shiny (Premier Ball): toque na tecla SPACE em (487, 331) | similaridade 0.84 | 1.220s depois da captura | ajuste +0,+0 px
[16:53:33.401] DECISÃO   Teclas S | pos (121, 61) -> alvo (129.36809781653074, 83.60538692578604) | similaridade 1.00 (rastreio)
[16:53:33.510] BOLA      Shiny (Premier Ball): toque na tecla SPACE em (202, 228) | similaridade 0.74 | 0.808s depois da captura | ajuste +0,+0 px
[16:53:36.122] DETECÇÃO  5 sprite(s) na tela (melhor similaridade 0.98; para com >= 4)
[16:53:36.169] PAROU     Parou: 5 sprites na tela (limite 4)
[16:53:36.854] TIRO      Tiro inicial: tecla P em (1430, 384) na tela, na sprite mais distante (656 px do pokémon, 5 sprite(s) na tela)
[16:53:36.855] INFO      Shooter ligado: atira com a tecla P na sprite além de 380 px do pokémon que ficar parada por 0.8s (oscilação até 20 px)
[16:53:36.875] DETECÇÃO  Shooter: 3 sprite(s) além de 380 px do pokémon (a mais distante: 656 px) | vigiando
[16:53:37.281] DETECÇÃO  7 sprite(s) na tela (melhor similaridade 0.98; para com >= 4)
[16:53:37.909] DETECÇÃO  Shooter: 2 sprite(s) além de 380 px do pokémon (a mais distante: 602 px) | vigiando
[16:53:38.316] DETECÇÃO  8 sprite(s) na tela (melhor similaridade 0.98; para com >= 4)
[16:53:38.932] DETECÇÃO  Shooter: 1 sprite(s) além de 380 px do pokémon (a mais distante: 475 px) | vigiando
[16:53:39.838] BOLA      Shiny (Premier Ball): toque na tecla SPACE em (1218, 240) | similaridade 0.86 | 0.682s depois da captura | ajuste +0,+0 px
[16:53:39.965] DETECÇÃO  Shooter: 4 sprite(s) além de 380 px do pokémon (a mais distante: 523 px) | vigiando
[16:53:40.352] DETECÇÃO  0 sprite(s) na tela (melhor similaridade 0.24; para com >= 4)
[16:53:40.393] DETECÇÃO  Vida do pokémon: 100%
[16:53:40.394] RETOMOU   Voltou a andar: 0 sprites (limite 4), ficou parado 4.2s
[16:53:40.457] INFO      Velocidade: muito rápido (0 sprite(s) na tela) | tecla contínua, previsão 100 ms
[16:53:40.458] DECISÃO   Teclas S | pos (123, 79) -> alvo (119.28571428571428, 101.57142857142857) | similaridade 1.00 (rastreio)
[16:53:41.083] DETECÇÃO  1 sprite(s) na tela (melhor similaridade 0.97; para com >= 4)
[16:53:41.123] DETECÇÃO  Vida do pokémon: 84%
[16:53:41.176] TIRO      Vida 84% (≤ 88%): tecla F
[16:53:41.242] INFO      Velocidade: rápido (1 sprite(s) na tela) | passo de 200 ms, previsão 50 ms
[16:53:41.757] DETECÇÃO  2 sprite(s) na tela (melhor similaridade 0.99; para com >= 4)
[16:53:41.808] DETECÇÃO  Vida do pokémon: 100%
[16:53:43.520] DETECÇÃO  3 sprite(s) na tela (melhor similaridade 0.97; para com >= 4)
[16:53:43.625] DECISÃO   Teclas A+S | pos (123, 91) -> alvo (118.64424896437372, 119.5586289004689) | similaridade 1.00 (rastreio)
[16:53:44.828] DECISÃO   Teclas S | pos (119, 95) -> alvo (118.0, 124.0) | similaridade 1.00 (rastreio)
[16:53:45.345] DETECÇÃO  4 sprite(s) na tela (melhor similaridade 0.99; para com >= 4)
[16:53:45.395] PAROU     Parou: 4 sprites na tela (limite 4)
[16:53:46.079] TIRO      Tiro inicial: tecla P em (392, 988) na tela, na sprite mais distante (743 px do pokémon, 4 sprite(s) na tela)
[16:53:46.080] INFO      Shooter ligado: atira com a tecla P na sprite além de 380 px do pokémon que ficar parada por 0.8s (oscilação até 20 px)
[16:53:46.101] DETECÇÃO  Shooter: 1 sprite(s) além de 380 px do pokémon (a mais distante: 743 px) | vigiando
[16:53:47.475] DETECÇÃO  3 sprite(s) na tela (melhor similaridade 0.98; para com >= 4)
[16:53:47.568] TIRO      Vida 97% (≤ 99%): tecla G
[16:53:47.568] RETOMOU   Voltou a andar: 3 sprites (limite 4), ficou parado 2.2s
[16:53:47.625] DECISÃO   Teclas S | pos (119, 95) -> alvo (118.0, 124.0) | similaridade 1.00 (rastreio)
[16:53:48.125] DETECÇÃO  4 sprite(s) na tela (melhor similaridade 0.99; para com >= 4)
[16:53:48.220] TIRO      Vida 97% (≤ 99%): tecla G
[16:53:48.221] PAROU     Parou: 4 sprites na tela (limite 4)
[16:53:48.784] ALERTA    Shooter: nome do pokémon não encontrado na área de busca; sem ele não dá para medir as distâncias (confira a similaridade mínima).
[16:53:48.785] INFO      Shooter ligado: atira com a tecla P na sprite além de 380 px do pokémon que ficar parada por 0.8s (oscilação até 20 px)
[16:53:49.784] DETECÇÃO  Vida do pokémon: 92%
[16:53:49.836] TIRO      Vida 92% (≤ 99%): tecla G
[16:53:50.483] TIRO      Tiro inicial: tecla P em (776, 358) na tela, na sprite mais distante (658 px do pokémon, 4 sprite(s) na tela)
[16:53:50.502] DETECÇÃO  Shooter: 3 sprite(s) além de 380 px do pokémon (a mais distante: 658 px) | vigiando
[16:53:50.889] DETECÇÃO  5 sprite(s) na tela (melhor similaridade 0.99; para com >= 4)
[16:53:50.988] TIRO      Vida 87% (≤ 88%): tecla F
[16:53:51.622] DETECÇÃO  Shooter: 2 sprite(s) além de 380 px do pokémon (a mais distante: 477 px) | vigiando
[16:53:52.023] DETECÇÃO  6 sprite(s) na tela (melhor similaridade 0.98; para com >= 4)
[16:53:52.118] TIRO      Vida 87% (≤ 88%): tecla F
[16:53:52.696] DETECÇÃO  Shooter: 1 sprite(s) além de 380 px do pokémon (a mais distante: 482 px) | vigiando
[16:53:53.117] DETECÇÃO  Vida do pokémon: 83%
[16:53:53.169] TIRO      Vida 83% (≤ 88%): tecla F
[16:53:54.258] TIRO      Vida 80% (≤ 88%): tecla F
[16:53:54.277] DETECÇÃO  Shooter: 0 sprite(s) além de 380 px do pokémon | vigiando
[16:53:54.278] INFO      Shooter: todas as 6 sprite(s) dentro de 380 px; confirmo por 1.5s antes de dar o R
[16:53:54.755] TIRO      Vida 80% (≤ 88%): tecla F
[16:53:56.195] DETECÇÃO  5 sprite(s) na tela (melhor similaridade 0.98; para com >= 4)
[16:53:56.243] DETECÇÃO  Vida do pokémon: 76%
[16:53:56.296] TIRO      Vida 76% (≤ 88%): tecla F
[16:53:56.317] TIRO      Todas as 5 sprite(s) dentro de 380 px: sequência R (repetido por 1.0s) e, 0.50s depois do R, revive (E)
[16:53:57.327] TIRO      Shooter: R apertado 7x em 1.01s
[16:53:57.743] DETECÇÃO  0 sprite(s) na tela (melhor similaridade 0.22; para com >= 4)
[16:53:57.885] TIRO      Vida 74% (≤ 88%): tecla F
[16:53:57.895] TIRO      Revive: toque rápido em E e verifico a foto por 2.5s — tentativa 1/3
[16:53:58.568] BOLA      Shiny (Premier Ball): toque na tecla SPACE em (670, 422) | similaridade 0.71 | 0.895s depois da captura | ajuste +0,+0 px
[16:53:58.572] INFO      Revive confirmado: a foto mudou (0.7% dos pixels) após 0.7s e 1 toque(s) no E (E saiu 0.57s depois do R)
[16:53:58.573] INFO      Shooter: procedimento concluído (R repetido + E); o bot volta a andar
[16:53:59.129] DETECÇÃO  Vida do pokémon: 100%
[16:53:59.129] RETOMOU   Voltou a andar: 0 sprites (limite 4), ficou parado 10.9s
[16:53:59.189] INFO      Velocidade: muito rápido (0 sprite(s) na tela) | tecla contínua, previsão 100 ms
[16:53:59.189] DECISÃO   Teclas S | pos (119, 97) -> alvo (118.0, 124.0) | similaridade 1.00 (rastreio)
[16:53:59.386] DECISÃO   Teclas A+S | pos (119, 99) -> alvo (116.0, 127.0) | similaridade 1.00 (rastreio)
[16:53:59.435] BOLA      Shiny (Premier Ball): toque na tecla SPACE em (853, 331) | similaridade 0.90 | 0.770s depois da captura | ajuste +0,+0 px
[16:53:59.604] BOLA      Shiny (Premier Ball): toque na tecla SPACE em (670, 331) | similaridade 0.90 | 0.939s depois da captura | ajuste +0,+0 px
[16:53:59.757] BOLA      Shiny (Premier Ball): toque na tecla SPACE em (670, 422) | similaridade 0.88 | 1.093s depois da captura | ajuste +0,+0 px
[16:53:59.872] DECISÃO   Teclas S | pos (117, 101) -> alvo (112.94651796569991, 129.479925399653) | similaridade 1.00 (rastreio)
[16:53:59.920] BOLA      Shiny (Premier Ball): toque na tecla SPACE em (853, 422) | similaridade 0.86 | 1.256s depois da captura | ajuste +0,+0 px
[16:54:00.820] BOLA      Shiny (Premier Ball): toque na tecla SPACE em (830, 262) | similaridade 0.79 | 0.797s depois da captura | ajuste +0,+0 px
[16:54:00.983] BOLA      Shiny (Premier Ball): toque na tecla SPACE em (921, 262) | similaridade 0.72 | 0.960s depois da captura | ajuste +0,+0 px
[16:54:01.142] DETECÇÃO  1 sprite(s) na tela (melhor similaridade 0.98; para com >= 4)
[16:54:01.257] INFO      Velocidade: rápido (1 sprite(s) na tela) | passo de 200 ms, previsão 50 ms
[16:54:01.574] DECISÃO   Teclas A+S | pos (117, 111) -> alvo (107.02136547125968, 133.25484783300413) | similaridade 1.00 (rastreio)
[16:54:02.974] DETECÇÃO  2 sprite(s) na tela (melhor similaridade 0.99; para com >= 4)
[16:54:04.839] DETECÇÃO  4 sprite(s) na tela (melhor similaridade 0.99; para com >= 4)
[16:54:04.881] PAROU     Parou: 4 sprites na tela (limite 4)
[16:54:05.549] TIRO      Tiro inicial: tecla P em (256, 1005) na tela, na sprite mais distante (1132 px do pokémon, 4 sprite(s) na tela)
[16:54:05.550] INFO      Shooter ligado: atira com a tecla P na sprite além de 380 px do pokémon que ficar parada por 0.8s (oscilação até 20 px)
[16:54:05.576] DETECÇÃO  Shooter: 2 sprite(s) além de 380 px do pokémon (a mais distante: 1132 px) | vigiando
[16:54:05.961] DETECÇÃO  5 sprite(s) na tela (melhor similaridade 0.98; para com >= 4)
[16:54:06.054] TIRO      Vida 98% (≤ 99%): tecla G
[16:54:06.659] DETECÇÃO  Shooter: 3 sprite(s) além de 380 px do pokémon (a mais distante: 974 px) | vigiando
[16:54:07.086] DETECÇÃO  Vida do pokémon: 83%
[16:54:07.138] TIRO      Vida 83% (≤ 88%): tecla F
[16:54:08.186] TIRO      Vida 82% (≤ 88%): tecla F
[16:54:09.289] TIRO      Vida 82% (≤ 88%): tecla F
[16:54:09.864] DETECÇÃO  Shooter: 4 sprite(s) além de 380 px do pokémon (a mais distante: 648 px) | vigiando
[16:54:10.284] DETECÇÃO  7 sprite(s) na tela (melhor similaridade 0.98; para com >= 4)
[16:54:10.389] TIRO      Vida 80% (≤ 88%): tecla F
[16:54:10.984] DETECÇÃO  Shooter: 5 sprite(s) além de 380 px do pokémon (a mais distante: 698 px) | vigiando
[16:54:11.362] DETECÇÃO  8 sprite(s) na tela (melhor similaridade 0.98; para com >= 4)
[16:54:11.457] TIRO      Vida 79% (≤ 88%): tecla F
[16:54:11.477] DETECÇÃO  Shooter: 3 sprite(s) além de 380 px do pokémon (a mais distante: 617 px) | esperando
[16:54:11.617] TIRO      Tecla P em (610, 620) na tela (+75 px da sprite): sprite a 617 px do pokémon (limite 380), parada há 3.3s. Aguardando todas as sprites entrarem na distância limite
[16:54:12.139] TIRO      Vida 79% (≤ 88%): tecla F
[16:54:12.159] DETECÇÃO  Shooter: 2 sprite(s) além de 380 px do pokémon (a mais distante: 496 px) | esperando
[16:54:12.588] DETECÇÃO  Vida do pokémon: 75%
[16:54:12.641] TIRO      Vida 75% (≤ 88%): tecla F
[16:54:12.659] DETECÇÃO  Shooter: 0 sprite(s) além de 380 px do pokémon | vigiando
[16:54:12.660] INFO      Shooter: todas as sprites dentro de 380 px; voltou a vigiar
[16:54:12.660] INFO      Shooter: todas as 8 sprite(s) dentro de 380 px; confirmo por 1.5s antes de dar o R
[16:54:13.145] TIRO      Vida 75% (≤ 88%): tecla F
[16:54:14.222] TIRO      Vida 75% (≤ 88%): tecla F
[16:54:14.817] TIRO      Todas as 8 sprite(s) dentro de 380 px: sequência R (repetido por 1.0s) e, 0.50s depois do R, revive (E)
[16:54:15.194] DETECÇÃO  10 sprite(s) na tela (melhor similaridade 0.99; para com >= 4)
[16:54:15.292] TIRO      Vida 76% (≤ 88%): tecla F
[16:54:15.831] TIRO      Shooter: R apertado 7x em 1.01s
[16:54:15.907] DETECÇÃO  Shooter: 1 sprite(s) além de 380 px do pokémon (a mais distante: 404 px) | vigiando
[16:54:16.104] BOLA      Shiny (Premier Ball): toque na tecla SPACE em (396, 513) | similaridade 0.84 | 0.712s depois da captura | ajuste +0,+0 px
[16:54:16.258] BOLA      Shiny (Premier Ball): toque na tecla SPACE em (487, 879) | similaridade 0.80 | 0.866s depois da captura | ajuste +0,+0 px
[16:54:16.281] DETECÇÃO  1 sprite(s) na tela (melhor similaridade 0.97; para com >= 4)
[16:54:16.372] TIRO      Revive: toque rápido em E e verifico a foto por 2.5s — tentativa 1/3
[16:54:16.374] TIRO      Vida 76% (≤ 88%): tecla F
[16:54:16.418] BOLA      Shiny (Premier Ball): toque na tecla SPACE em (761, 787) | similaridade 0.80 | 1.026s depois da captura | ajuste +0,+0 px
[16:54:17.060] INFO      Revive confirmado: a foto mudou (2.0% dos pixels) após 0.7s e 1 toque(s) no E (E saiu 0.54s depois do R)
[16:54:17.062] INFO      Shooter: procedimento concluído (R repetido + E); o bot volta a andar
[16:54:17.162] ALERTA    Shooter: nome do pokémon não encontrado na área de busca; sem ele não dá para medir as distâncias (confira a similaridade mínima).
[16:54:17.356] BOLA      Shiny (Premier Ball): toque na tecla SPACE em (670, 696) | similaridade 0.89 | 0.845s depois da captura | ajuste +0,+0 px
[16:54:17.510] BOLA      Shiny (Premier Ball): toque na tecla SPACE em (487, 696) | similaridade 0.85 | 0.999s depois da captura | ajuste +0,+0 px
[16:54:17.531] DETECÇÃO  2 sprite(s) na tela (melhor similaridade 0.98; para com >= 4)
[16:54:17.575] DETECÇÃO  Vida do pokémon: 100%
[16:54:17.576] RETOMOU   Voltou a andar: 2 sprites (limite 4), ficou parado 12.7s
[16:54:17.639] DECISÃO   Teclas A+S | pos (109, 119) -> alvo (95.01758107902009, 136.0477195991736) | similaridade 1.00 (rastreio)
[16:54:17.671] BOLA      Shiny (Premier Ball): toque na tecla SPACE em (487, 605) | similaridade 0.84 | 1.159s depois da captura | ajuste +0,+0 px
[16:54:17.824] BOLA      Shiny (Premier Ball): toque na tecla SPACE em (487, 879) | similaridade 0.82 | 1.313s depois da captura | ajuste +0,+0 px
[16:54:18.007] BOLA      Shiny (Premier Ball): toque na tecla SPACE em (579, 696) | similaridade 0.75 | 1.495s depois da captura | ajuste +0,+0 px
[16:54:18.986] BOLA      Shiny (Premier Ball): toque na tecla SPACE em (639, 636) | similaridade 0.85 | 0.867s depois da captura | ajuste +0,+0 px
[16:54:19.172] BOLA      Shiny (Premier Ball): toque na tecla SPACE em (547, 819) | similaridade 0.84 | 1.052s depois da captura | ajuste +0,+0 px
[16:54:19.956] BOLA      Shiny (Premier Ball): toque na tecla SPACE em (761, 513) | similaridade 0.83 | 0.707s depois da captura | ajuste +0,+0 px
[16:54:20.109] BOLA      Shiny (Premier Ball): toque na tecla SPACE em (670, 696) | similaridade 0.73 | 0.860s depois da captura | ajuste +0,+0 px
[16:54:20.647] DECISÃO   Teclas A | pos (101, 127) -> alvo (73.66656295316903, 136.57354210827134) | similaridade 1.00 (rastreio)
[16:54:21.034] BOLA      Shiny (Premier Ball): toque na tecla SPACE em (761, 605) | similaridade 0.84 | 0.821s depois da captura | ajuste +0,+0 px
[16:54:21.225] BOLA      Shiny (Premier Ball): toque na tecla SPACE em (1035, 605) | similaridade 0.84 | 1.012s depois da captura | ajuste +0,+0 px
[16:54:21.973] BOLA      Shiny (Premier Ball): toque na tecla SPACE em (947, 331) | similaridade 0.88 | 0.664s depois da captura | ajuste +0,+0 px
[16:54:22.159] BOLA      Shiny (Premier Ball): toque na tecla SPACE em (1129, 513) | similaridade 0.81 | 0.850s depois da captura | ajuste +0,+0 px
[16:54:22.327] BOLA      Shiny (Premier Ball): toque na tecla SPACE em (855, 513) | similaridade 0.71 | 1.018s depois da captura | ajuste +0,+0 px
[16:54:23.196] BOLA      Shiny (Premier Ball): toque na tecla SPACE em (1112, 513) | similaridade 0.82 | 0.776s depois da captura | ajuste +0,+0 px
[16:54:23.360] BOLA      Shiny (Premier Ball): toque na tecla SPACE em (1386, 513) | similaridade 0.82 | 0.940s depois da captura | ajuste +0,+0 px
[16:54:23.952] TIRO      Vida 95% (≤ 99%): tecla G
[16:54:24.125] BOLA      Shiny (Premier Ball): toque na tecla SPACE em (1304, 513) | similaridade 0.81 | 0.688s depois da captura | ajuste +0,+0 px
[16:54:24.313] BOLA      Shiny (Premier Ball): toque na tecla SPACE em (1578, 513) | similaridade 0.81 | 0.876s depois da captura | ajuste +0,+0 px
[16:54:24.604] TIRO      Vida 95% (≤ 99%): tecla G
[16:54:25.124] DETECÇÃO  3 sprite(s) na tela (melhor similaridade 0.98; para com >= 4)
[16:54:25.162] BOLA      Shiny (Premier Ball): toque na tecla SPACE em (1583, 331) | similaridade 0.86 | 0.764s depois da captura | ajuste +0,+0 px
[16:54:25.220] TIRO      Vida 95% (≤ 99%): tecla G
[16:54:25.315] BOLA      Shiny (Premier Ball): toque na tecla SPACE em (1492, 513) | similaridade 0.84 | 0.918s depois da captura | ajuste +0,+0 px
[16:54:25.875] TIRO      Vida 95% (≤ 99%): tecla G
[16:54:26.084] BOLA      Shiny (Premier Ball): toque na tecla SPACE em (1606, 513) | similaridade 0.84 | 0.686s depois da captura | ajuste +0,+0 px
[16:54:26.266] BOLA      Shiny (Premier Ball): toque na tecla SPACE em (1698, 331) | similaridade 0.74 | 0.868s depois da captura | ajuste +0,+0 px
[16:54:26.519] TIRO      Vida 95% (≤ 99%): tecla G
[16:54:27.088] DETECÇÃO  Vida do pokémon: 94%
[16:54:27.139] TIRO      Vida 94% (≤ 99%): tecla G
[16:54:27.736] DETECÇÃO  5 sprite(s) na tela (melhor similaridade 0.99; para com >= 4)
[16:54:27.842] TIRO      Vida 90% (≤ 99%): tecla G
[16:54:27.843] PAROU     Parou: 5 sprites na tela (limite 4)
[16:54:28.551] TIRO      Tiro inicial: tecla P em (48, 438) na tela, na sprite mais distante (1140 px do pokémon, 5 sprite(s) na tela)
[16:54:28.552] INFO      Shooter ligado: atira com a tecla P na sprite além de 380 px do pokémon que ficar parada por 0.8s (oscilação até 20 px)
[16:54:28.572] DETECÇÃO  Shooter: 2 sprite(s) além de 380 px do pokémon (a mais distante: 1140 px) | vigiando
[16:54:28.989] DETECÇÃO  Vida do pokémon: 75%
[16:54:29.049] TIRO      Vida 75% (≤ 88%): tecla F
[16:54:30.125] TIRO      Vida 75% (≤ 88%): tecla F
[16:54:31.183] TIRO      Vida 76% (≤ 88%): tecla F
[16:54:31.855] DETECÇÃO  Shooter: 3 sprite(s) além de 380 px do pokémon (a mais distante: 808 px) | vigiando
[16:54:32.346] TIRO      Vida 76% (≤ 88%): tecla F
[16:54:33.375] DETECÇÃO  Vida do pokémon: 70%
[16:54:33.427] TIRO      Vida 70% (≤ 88%): tecla F
[16:54:34.019] DETECÇÃO  Shooter: 2 sprite(s) além de 380 px do pokémon (a mais distante: 480 px) | vigiando
[16:54:34.528] TIRO      Vida 66% (≤ 88%): tecla F
[16:54:35.105] ALERTA    Shooter: nome do pokémon não encontrado na área de busca; sem ele não dá para medir as distâncias (confira a similaridade mínima).
[16:54:35.561] DETECÇÃO  Vida do pokémon: 60%
[16:54:35.612] TIRO      Vida 60% (≤ 88%): tecla F
[16:54:36.200] DETECÇÃO  Shooter: 1 sprite(s) além de 380 px do pokémon (a mais distante: 464 px) | vigiando
[16:54:36.684] TIRO      Vida 56% (≤ 88%): tecla F
[16:54:37.219] DETECÇÃO  Shooter: 0 sprite(s) além de 380 px do pokémon | vigiando
[16:54:37.220] INFO      Shooter: todas as 5 sprite(s) dentro de 380 px; confirmo por 1.5s antes de dar o R
[16:54:37.613] DETECÇÃO  4 sprite(s) na tela (melhor similaridade 0.98; para com >= 4)
[16:54:37.667] DETECÇÃO  Vida do pokémon: 50%
[16:54:37.720] TIRO      Vida 50% (≤ 88%): tecla F
[16:54:38.666] DETECÇÃO  3 sprite(s) na tela (melhor similaridade 0.98; para com >= 4)
[16:54:38.766] TIRO      Vida 51% (≤ 88%): tecla F
[16:54:38.767] RETOMOU   Voltou a andar: 3 sprites (limite 4), ficou parado 10.9s
[16:54:38.874] DECISÃO   Teclas A+S | pos (77, 127) -> alvo (54.0, 134.0) | similaridade 1.00 (rastreio)
[16:54:39.354] DETECÇÃO  4 sprite(s) na tela (melhor similaridade 0.97; para com >= 4)
[16:54:39.455] TIRO      Vida 50% (≤ 88%): tecla F
[16:54:39.456] PAROU     Parou: 4 sprites na tela (limite 4)
[16:54:40.009] ALERTA    Shooter: nome do pokémon não encontrado na área de busca; sem ele não dá para medir as distâncias (confira a similaridade mínima).
[16:54:40.011] INFO      Shooter ligado: atira com a tecla P na sprite além de 380 px do pokémon que ficar parada por 0.8s (oscilação até 20 px)
[16:54:40.959] DETECÇÃO  7 sprite(s) na tela (melhor similaridade 0.98; para com >= 4)
[16:54:41.088] TIRO      Vida 50% (≤ 88%): tecla F
[16:54:41.740] TIRO      Tiro inicial: tecla P em (46, 258) na tela, na sprite mais distante (686 px do pokémon, 7 sprite(s) na tela)
[16:54:41.759] DETECÇÃO  Shooter: 6 sprite(s) além de 380 px do pokémon (a mais distante: 686 px) | vigiando
[16:54:42.250] DETECÇÃO  Vida do pokémon: 41%
[16:54:42.302] TIRO      Vida 41% (≤ 45%): tecla C
[16:54:42.323] DETECÇÃO  Shooter: 4 sprite(s) além de 380 px do pokémon (a mais distante: 561 px) | vigiando
[16:54:42.706] DETECÇÃO  8 sprite(s) na tela (melhor similaridade 0.99; para com >= 4)
[16:54:42.752] DETECÇÃO  Vida do pokémon: 90%
[16:54:42.804] TIRO      Vida 90% (≤ 99%): tecla G
[16:54:42.823] DETECÇÃO  Shooter: 1 sprite(s) além de 380 px do pokémon (a mais distante: 447 px) | vigiando
[16:54:43.252] DETECÇÃO  Vida do pokémon: 83%
[16:54:43.304] TIRO      Vida 83% (≤ 88%): tecla F
[16:54:43.888] DETECÇÃO  Shooter: 0 sprite(s) além de 380 px do pokémon | vigiando
[16:54:43.889] INFO      Shooter: todas as 8 sprite(s) dentro de 380 px; confirmo por 1.5s antes de dar o R
[16:54:44.384] TIRO      Vida 83% (≤ 88%): tecla F
[16:54:44.950] DETECÇÃO  Shooter: 1 sprite(s) além de 380 px do pokémon (a mais distante: 395 px) | vigiando
[16:54:44.951] ALERTA    Shooter: apareceu/ficou sprite além de 380 px durante a confirmação; o R NÃO foi dado, espero todas entrarem de novo
[16:54:45.425] TIRO      Vida 79% (≤ 88%): tecla F
[16:54:45.990] DETECÇÃO  Shooter: 2 sprite(s) além de 380 px do pokémon (a mais distante: 500 px) | vigiando
[16:54:46.383] DETECÇÃO  6 sprite(s) na tela (melhor similaridade 0.98; para com >= 4)
[16:54:46.428] DETECÇÃO  Vida do pokémon: 70%
[16:54:46.480] TIRO      Vida 70% (≤ 88%): tecla F
[16:54:46.490] DETECÇÃO  Shooter: 1 sprite(s) além de 380 px do pokémon (a mais distante: 398 px) | vigiando
[16:54:46.915] DETECÇÃO  Shooter: 0 sprite(s) além de 380 px do pokémon | vigiando
[16:54:46.916] INFO      Shooter: todas as 6 sprite(s) dentro de 380 px; confirmo por 1.5s antes de dar o R
[16:54:47.395] TIRO      Vida 67% (≤ 88%): tecla F
[16:54:48.325] DETECÇÃO  3 sprite(s) na tela (melhor similaridade 0.97; para com >= 4)
[16:54:48.377] DETECÇÃO  Vida do pokémon: 56%
[16:54:48.432] TIRO      Vida 56% (≤ 88%): tecla F
[16:54:48.433] RETOMOU   Voltou a andar: 3 sprites (limite 4), ficou parado 9.0s
[16:54:48.487] DECISÃO   Teclas A | pos (75, 129) -> alvo (49.764225432117144, 133.30849357243423) | similaridade 1.00 (rastreio)
[16:54:49.045] DETECÇÃO  Vida do pokémon: 50%
[16:54:49.097] TIRO      Vida 50% (≤ 88%): tecla F
[16:54:49.677] DETECÇÃO  4 sprite(s) na tela (melhor similaridade 0.98; para com >= 4)
[16:54:49.779] TIRO      Vida 50% (≤ 88%): tecla F
[16:54:49.780] PAROU     Parou: 4 sprites na tela (limite 4)
[16:54:50.447] TIRO      Tiro inicial: tecla P em (82, 255) na tela, na sprite mais distante (273 px do pokémon, 4 sprite(s) na tela)
[16:54:50.448] INFO      Shooter ligado: atira com a tecla P na sprite além de 380 px do pokémon que ficar parada por 0.8s (oscilação até 20 px)
[16:54:50.467] DETECÇÃO  Shooter: 0 sprite(s) além de 380 px do pokémon | vigiando
[16:54:50.468] INFO      Shooter: todas as 4 sprite(s) dentro de 380 px; confirmo por 1.5s antes de dar o R
[16:54:50.892] DETECÇÃO  6 sprite(s) na tela (melhor similaridade 0.99; para com >= 4)
[16:54:51.004] TIRO      Vida 50% (≤ 88%): tecla F
[16:54:51.587] DETECÇÃO  Shooter: 3 sprite(s) além de 380 px do pokémon (a mais distante: 595 px) | vigiando
[16:54:51.588] ALERTA    Shooter: apareceu/ficou sprite além de 380 px durante a confirmação; o R NÃO foi dado, espero todas entrarem de novo
[16:54:51.971] DETECÇÃO  8 sprite(s) na tela (melhor similaridade 0.98; para com >= 4)
[16:54:52.012] DETECÇÃO  Vida do pokémon: 26%
[16:54:52.064] TIRO      Vida 26% (≤ 45%): tecla C
[16:54:52.638] DETECÇÃO  Shooter: 0 sprite(s) além de 380 px do pokémon | vigiando
[16:54:52.642] INFO      Shooter: todas as 8 sprite(s) dentro de 380 px; confirmo por 1.5s antes de dar o R
[16:54:53.090] DETECÇÃO  1 sprite(s) na tela (melhor similaridade 0.98; para com >= 4)
[16:54:53.129] DETECÇÃO  Vida do pokémon: 17%
[16:54:53.181] TIRO      Vida 17% (≤ 45%): tecla C
[16:54:53.182] RETOMOU   Voltou a andar: 1 sprites (limite 4), ficou parado 3.4s
[16:54:53.242] DECISÃO   Teclas A+S | pos (71, 129) -> alvo (45.24110366978457, 131.4953228034778) | similaridade 1.00 (rastreio)
[16:54:53.725] DETECÇÃO  0 sprite(s) na tela (melhor similaridade 0.22; para com >= 4)
[16:54:53.832] INFO      Velocidade: muito rápido (0 sprite(s) na tela) | tecla contínua, previsão 100 ms
[16:54:53.833] DECISÃO   Teclas A | pos (69, 131) -> alvo (43.227509751612175, 130.35524602588765) | similaridade 1.00 (rastreio)
[16:54:54.014] BOLA      Shiny (Premier Ball): toque na tecla SPACE em (396, 331) | similaridade 0.71 | 0.721s depois da captura | ajuste +0,+0 px
[16:54:54.592] TIRO      Vida 17% (≤ 45%): tecla C
[16:54:54.919] INFO      Janela que recebe as teclas: '(sem título)'
[16:54:55.053] BOLA      Shiny (Premier Ball): toque na tecla SPACE em (727, 422) | similaridade 0.86 | 0.937s depois da captura | ajuste +0,+0 px
[16:54:55.232] BOLA      Shiny (Premier Ball): toque na tecla SPACE em (362, 240) | similaridade 0.85 | 1.116s depois da captura | ajuste +0,+0 px
[16:54:55.435] BOLA      Shiny (Premier Ball): toque na tecla SPACE em (544, 240) | similaridade 0.80 | 1.319s depois da captura | ajuste +0,+0 px
[16:54:55.446] INFO      Janela que recebe as teclas: 'Explorador de Arquivos'
[16:54:55.754] BOLA      Shiny (Premier Ball): toque na tecla SPACE em (544, 148) | similaridade 0.78 | 1.638s depois da captura | ajuste +0,+0 px
[16:54:55.908] BOLA      Shiny (Premier Ball): toque na tecla SPACE em (636, 148) | similaridade 0.73 | 1.792s depois da captura | ajuste +0,+0 px
[16:54:56.172] TIRO      Vida 17% (≤ 45%): tecla C
[16:54:56.831] BOLA      Shiny (Premier Ball): toque na tecla SPACE em (944, 331) | similaridade 0.88 | 0.840s depois da captura | ajuste +0,+0 px
[16:54:57.046] BOLA      Shiny (Premier Ball): toque na tecla SPACE em (670, 240) | similaridade 0.86 | 1.054s depois da captura | ajuste +0,+0 px
[16:54:57.167] TIRO      Vida 17% (≤ 45%): tecla C
[16:54:57.212] BOLA      Shiny (Premier Ball): toque na tecla SPACE em (853, 240) | similaridade 0.81 | 1.220s depois da captura | ajuste +0,+0 px
[16:54:57.379] BOLA      Shiny (Premier Ball): toque na tecla SPACE em (853, 148) | similaridade 0.79 | 1.388s depois da captura | ajuste +0,+0 px
[16:54:57.672] TRAVADO   Seta sem sair do lugar há 2500 ms; tentativa alternativa nº 1
[16:54:57.673] DECISÃO   Teclas A+W | pos (61, 131) -> alvo (34.620666664677536, 121.01879170692717) | similaridade 1.00 (rastreio)
[16:54:58.327] BOLA      Shiny (Premier Ball): toque na tecla SPACE em (944, 331) | similaridade 0.88 | 0.860s depois da captura | ajuste +0,+0 px
[16:54:58.386] TIRO      Vida 17% (≤ 45%): tecla C
[16:54:58.517] BOLA      Shiny (Premier Ball): toque na tecla SPACE em (670, 240) | similaridade 0.86 | 1.049s depois da captura | ajuste +0,+0 px
[16:54:58.700] BOLA      Shiny (Premier Ball): toque na tecla SPACE em (853, 240) | similaridade 0.81 | 1.232s depois da captura | ajuste +0,+0 px
[16:54:58.861] BOLA      Shiny (Premier Ball): toque na tecla SPACE em (853, 148) | similaridade 0.79 | 1.394s depois da captura | ajuste +0,+0 px
[16:54:59.049] BOLA      Shiny (Premier Ball): toque na tecla SPACE em (944, 148) | similaridade 0.75 | 1.581s depois da captura | ajuste +0,+0 px
[16:54:59.422] TIRO      Vida 17% (≤ 45%): tecla C
[16:55:00.114] BOLA      Shiny (Premier Ball): toque na tecla SPACE em (944, 331) | similaridade 0.88 | 0.980s depois da captura | ajuste +0,+0 px
[16:55:00.285] BOLA      Shiny (Premier Ball): toque na tecla SPACE em (670, 240) | similaridade 0.86 | 1.151s depois da captura | ajuste +0,+0 px
[16:55:00.464] BOLA      Shiny (Premier Ball): toque na tecla SPACE em (853, 240) | similaridade 0.81 | 1.330s depois da captura | ajuste +0,+0 px
[16:55:00.523] TIRO      Vida 17% (≤ 45%): tecla C
[16:55:00.584] TRAVADO   Seta sem sair do lugar há 2500 ms; tentativa alternativa nº 2
[16:55:00.585] DECISÃO   Teclas A+S | pos (61, 131) -> alvo (34.620666664677536, 121.01879170692717) | similaridade 1.00 (rastreio)
[16:55:00.646] BOLA      Shiny (Premier Ball): toque na tecla SPACE em (944, 148) | similaridade 0.81 | 1.512s depois da captura | ajuste +0,+0 px
[16:55:00.847] BOLA      Shiny (Premier Ball): toque na tecla SPACE em (853, 148) | similaridade 0.79 | 1.713s depois da captura | ajuste +0,+0 px
[16:55:01.839] BOLA      Shiny (Premier Ball): toque na tecla SPACE em (944, 331) | similaridade 0.88 | 0.877s depois da captura | ajuste +0,+0 px
[16:55:02.005] BOLA      Shiny (Premier Ball): toque na tecla SPACE em (670, 240) | similaridade 0.86 | 1.043s depois da captura | ajuste +0,+0 px
[16:55:02.008] TIRO      Vida 17% (≤ 45%): tecla C
[16:55:02.196] BOLA      Shiny (Premier Ball): toque na tecla SPACE em (944, 148) | similaridade 0.82 | 1.235s depois da captura | ajuste +0,+0 px
[16:55:02.399] BOLA      Shiny (Premier Ball): toque na tecla SPACE em (853, 240) | similaridade 0.81 | 1.437s depois da captura | ajuste +0,+0 px
[16:55:02.553] BOLA      Shiny (Premier Ball): toque na tecla SPACE em (853, 148) | similaridade 0.79 | 1.591s depois da captura | ajuste +0,+0 px
[16:55:03.096] TIRO      Vida 17% (≤ 45%): tecla C
[16:55:03.157] TRAVADO   Seta sem sair do lugar há 2500 ms; tentativa alternativa nº 3
[16:55:03.158] DECISÃO   Teclas W | pos (61, 131) -> alvo (34.620666664677536, 121.01879170692717) | similaridade 1.00 (rastreio)
[16:55:03.483] BOLA      Shiny (Premier Ball): toque na tecla SPACE em (944, 331) | similaridade 0.88 | 0.841s depois da captura | ajuste +0,+0 px
[16:55:03.666] BOLA      Shiny (Premier Ball): toque na tecla SPACE em (670, 240) | similaridade 0.86 | 1.025s depois da captura | ajuste +0,+0 px
[16:55:03.851] BOLA      Shiny (Premier Ball): toque na tecla SPACE em (944, 148) | similaridade 0.82 | 1.209s depois da captura | ajuste +0,+0 px
[16:55:04.016] BOLA      Shiny (Premier Ball): toque na tecla SPACE em (853, 240) | similaridade 0.81 | 1.374s depois da captura | ajuste +0,+0 px
[16:55:04.172] BOLA      Shiny (Premier Ball): toque na tecla SPACE em (853, 148) | similaridade 0.79 | 1.530s depois da captura | ajuste +0,+0 px
[16:55:04.268] TIRO      Vida 17% (≤ 45%): tecla C
[16:55:05.168] BOLA      Shiny (Premier Ball): toque na tecla SPACE em (944, 331) | similaridade 0.88 | 0.896s depois da captura | ajuste +0,+0 px
[16:55:05.292] TIRO      Vida 17% (≤ 45%): tecla C
[16:55:05.335] BOLA      Shiny (Premier Ball): toque na tecla SPACE em (670, 240) | similaridade 0.86 | 1.063s depois da captura | ajuste +0,+0 px
[16:55:05.503] BOLA      Shiny (Premier Ball): toque na tecla SPACE em (944, 148) | similaridade 0.82 | 1.231s depois da captura | ajuste +0,+0 px
[16:55:05.668] BOLA      Shiny (Premier Ball): toque na tecla SPACE em (853, 240) | similaridade 0.81 | 1.395s depois da captura | ajuste +0,+0 px
[16:55:05.722] TRAVADO   Seta sem sair do lugar há 2500 ms; tentativa alternativa nº 4
[16:55:05.722] DECISÃO   Teclas S | pos (61, 131) -> alvo (34.620666664677536, 121.01879170692717) | similaridade 1.00 (rastreio)
[16:55:05.834] BOLA      Shiny (Premier Ball): toque na tecla SPACE em (853, 148) | similaridade 0.79 | 1.562s depois da captura | ajuste +0,+0 px
[16:55:06.465] TIRO      Vida 17% (≤ 45%): tecla C
[16:55:06.771] BOLA      Shiny (Premier Ball): toque na tecla SPACE em (944, 331) | similaridade 0.88 | 0.840s depois da captura | ajuste +0,+0 px
[16:55:06.937] BOLA      Shiny (Premier Ball): toque na tecla SPACE em (670, 240) | similaridade 0.86 | 1.007s depois da captura | ajuste +0,+0 px
[16:55:07.140] BOLA      Shiny (Premier Ball): toque na tecla SPACE em (944, 148) | similaridade 0.82 | 1.209s depois da captura | ajuste +0,+0 px
[16:55:07.356] BOLA      Shiny (Premier Ball): toque na tecla SPACE em (853, 240) | similaridade 0.81 | 1.425s depois da captura | ajuste +0,+0 px
[16:55:07.556] BOLA      Shiny (Premier Ball): toque na tecla SPACE em (853, 148) | similaridade 0.79 | 1.625s depois da captura | ajuste +0,+0 px
[16:55:07.883] TIRO      Vida 17% (≤ 45%): tecla C
[16:55:08.015] INFO      Janela que recebe as teclas: 'Ajuda e Suporte do Windows'
[16:55:08.237] TRAVADO   Seta sem sair do lugar há 2500 ms; tentativa alternativa nº 5
[16:55:08.239] DECISÃO   Teclas D+W | pos (61, 131) -> alvo (34.620666664677536, 121.01879170692717) | similaridade 1.00 (rastreio)
[16:55:08.530] BOLA      Shiny (Premier Ball): toque na tecla SPACE em (944, 331) | similaridade 0.88 | 0.884s depois da captura | ajuste +0,+0 px
[16:55:08.773] BOLA      Shiny (Premier Ball): toque na tecla SPACE em (670, 240) | similaridade 0.86 | 1.127s depois da captura | ajuste +0,+0 px
[16:55:09.069] BOLA      Shiny (Premier Ball): toque na tecla SPACE em (944, 148) | similaridade 0.82 | 1.422s depois da captura | ajuste +0,+0 px
[16:55:09.261] BOLA      Shiny (Premier Ball): toque na tecla SPACE em (853, 240) | similaridade 0.81 | 1.614s depois da captura | ajuste +0,+0 px
[16:55:09.507] BOLA      Shiny (Premier Ball): toque na tecla SPACE em (853, 148) | similaridade 0.79 | 1.860s depois da captura | ajuste +0,+0 px
[16:55:09.606] TIRO      Vida 17% (≤ 45%): tecla C
[16:55:09.759] INFO      Seta não reconhecida neste quadro: uso a posição fixa dela no mapa ao vivo (86, 154)
[16:55:10.496] DETECÇÃO  Vida do pokémon: 36%
[16:55:10.569] TIRO      Vida 36% (≤ 45%): tecla C
[16:55:10.737] ALERTA    Perdi a posição: o mapa ao vivo não casa com o mapa completo (similaridade 0.00, mínimo 0.55). Sigo na mesma direção por até 2.0s e depois ando 0,5s a cada 2s até casar de novo.
[16:55:11.594] INFO      Janela que recebe as teclas: 'obter ajuda com o explorador de arquivos no windows - Pesquisar - Perfil 1 — Microsoft\u200b Edge'
[16:55:11.854] TIRO      Vida 36% (≤ 45%): tecla C
[16:55:13.342] TIRO      Vida 36% (≤ 45%): tecla C
[16:55:14.493] TIRO      Vida 36% (≤ 45%): tecla C
[16:55:16.225] TIRO      Vida 36% (≤ 45%): tecla C
[16:55:16.279] ALERTA    Janela que recebe as teclas: 'Bot da seta'  <- é a janela do bot, não a do jogo!
[16:55:16.337] ALERTA    Ainda sem posição há 6s (similaridade 0.00)
[16:55:17.405] INFO      Bot DESATIVADO
[16:56:29.695] INFO      ===== Sessão iniciada em 03/10/2026 16:56:29 =====
[16:56:29.696] INFO      Bot ATIVADO
[16:56:29.696] INFO      Envio de teclas: pyautogui | movimento por WASD
[16:56:29.729] INFO      Seta localizada pela sprite da seta (12x12px, similaridade mínima 0.75)
[16:56:29.729] INFO      Mapa completo 149x160: 37% corredor, 63% obstáculo, 0% sem marcar (conta como obstáculo)
[16:56:29.730] INFO      Rota calculada: 180 pontos, sentido horário, curvas abertas em 85% do corredor
[16:56:29.730] INFO      Tolerância de travamento: 2500 ms sem a seta sair do lugar
[16:56:29.731] INFO      Detecção de sprites ligada: parar com >= 4 (limiar 0.9, a cada 0.35s)
[16:56:29.761] INFO      Posição da seta: um recorte de 97px ao redor da seta será comparado com o mapa completo (escala salva 0.5007 (recalibra sozinho se não casar))
[16:56:29.814] INFO      Revive: foto de referência guardada na memória (35x36px)
[16:56:29.886] INFO      Pokeball: perfis ativos: Normal (Ultra Ball) → T (prioridade 1); Shiny (Premier Ball) → SPACE (prioridade 2)
[16:56:30.176] DETECÇÃO  1 sprite(s) na tela (melhor similaridade 0.97; para com >= 4)
[16:56:30.177] INFO      Habilidades por vida ligadas: ≤45% → C, ≤88% → F, ≤99% → G (barra achada pela sprite life bar)
[16:56:30.218] DETECÇÃO  Vida do pokémon: 100%
[16:56:30.270] ALERTA    Janela que recebe as teclas: 'Bot da seta'  <- é a janela do bot, não a do jogo!
[16:56:30.302] INFO      Seta localizada no mapa completo em (43, 131), sobre corredor
[16:56:30.302] INFO      Velocidade: rápido (1 sprite(s) na tela) | passo de 200 ms, previsão 50 ms
[16:56:30.303] DECISÃO   Teclas A+W | pos (43, 131) -> alvo (32.81781751950689, 108.98314906993728) | similaridade 1.00 (busca)
[16:56:30.504] INFO      Windows registrou a tecla enviada (pyautogui). Se mesmo assim a janela não reage, ela filtra teclas enviadas por software.
[16:56:31.126] DETECÇÃO  5 sprite(s) na tela (melhor similaridade 0.98; para com >= 4)
[16:56:31.169] PAROU     Parou: 5 sprites na tela (limite 4)
[16:56:31.861] TIRO      Tiro inicial: tecla P em (1872, 837) na tela, na sprite mais distante (1110 px do pokémon, 5 sprite(s) na tela)
[16:56:31.862] INFO      Shooter ligado: atira com a tecla P na sprite além de 400 px do pokémon que ficar parada por 0.5s (oscilação até 40 px)
[16:56:31.882] DETECÇÃO  Shooter: 4 sprite(s) além de 400 px do pokémon (a mais distante: 1110 px) | vigiando
[16:56:32.280] DETECÇÃO  4 sprite(s) na tela (melhor similaridade 0.98; para com >= 4)
[16:56:32.508] BOLA      Shiny (Premier Ball): toque na tecla SPACE em (1857, 625) | similaridade 0.87 | 0.728s depois da captura | ajuste +0,+0 px
[16:56:32.947] DETECÇÃO  Shooter: 2 sprite(s) além de 400 px do pokémon (a mais distante: 1017 px) | vigiando
[16:56:33.282] BOLA      Shiny (Premier Ball): toque na tecla SPACE em (761, 950) | similaridade 0.89 | 0.694s depois da captura | ajuste +0,+0 px
[16:56:33.329] DETECÇÃO  5 sprite(s) na tela (melhor similaridade 0.99; para com >= 4)
[16:56:33.988] DETECÇÃO  Shooter: 3 sprite(s) além de 400 px do pokémon (a mais distante: 739 px) | vigiando
[16:56:34.127] BOLA      Shiny (Premier Ball): toque na tecla SPACE em (579, 753) | similaridade 0.90 | 0.740s depois da captura | ajuste +0,+0 px
[16:56:34.280] BOLA      Shiny (Premier Ball): toque na tecla SPACE em (579, 936) | similaridade 0.86 | 0.893s depois da captura | ajuste +0,+0 px
[16:56:35.079] DETECÇÃO  Shooter: 2 sprite(s) além de 400 px do pokémon (a mais distante: 692 px) | vigiando
[16:56:35.124] BOLA      Shiny (Premier Ball): toque na tecla SPACE em (670, 559) | similaridade 0.93 | 0.750s depois da captura | ajuste +0,+0 px
[16:56:35.277] BOLA      Shiny (Premier Ball): toque na tecla SPACE em (670, 742) | similaridade 0.89 | 0.904s depois da captura | ajuste +0,+0 px
[16:56:35.466] DETECÇÃO  8 sprite(s) na tela (melhor similaridade 0.99; para com >= 4)
[16:56:35.570] TIRO      Vida 97% (≤ 99%): tecla G
[16:56:36.069] BOLA      Shiny (Premier Ball): toque na tecla SPACE em (761, 545) | similaridade 0.89 | 0.713s depois da captura | ajuste +0,+0 px
[16:56:36.125] DETECÇÃO  Shooter: 3 sprite(s) além de 400 px do pokémon (a mais distante: 985 px) | vigiando
[16:56:36.224] BOLA      Shiny (Premier Ball): toque na tecla SPACE em (761, 362) | similaridade 0.88 | 0.867s depois da captura | ajuste +0,+0 px
[16:56:36.563] DETECÇÃO  6 sprite(s) na tela (melhor similaridade 0.99; para com >= 4)
[16:56:36.609] DETECÇÃO  Vida do pokémon: 83%
[16:56:36.662] TIRO      Vida 83% (≤ 88%): tecla F
[16:56:37.033] BOLA      Shiny (Premier Ball): toque na tecla SPACE em (761, 422) | similaridade 0.89 | 0.725s depois da captura | ajuste +0,+0 px
[16:56:37.186] BOLA      Shiny (Premier Ball): toque na tecla SPACE em (761, 240) | similaridade 0.86 | 0.878s depois da captura | ajuste +0,+0 px
[16:56:37.707] DETECÇÃO  Vida do pokémon: 70%
[16:56:37.760] TIRO      Vida 70% (≤ 88%): tecla F
[16:56:38.044] BOLA      Shiny (Premier Ball): toque na tecla SPACE em (761, 240) | similaridade 0.86 | 0.773s depois da captura | ajuste +0,+0 px
[16:56:38.801] DETECÇÃO  8 sprite(s) na tela (melhor similaridade 0.99; para com >= 4)
[16:56:38.892] TIRO      Vida 70% (≤ 88%): tecla F
[16:56:39.506] DETECÇÃO  Shooter: 6 sprite(s) além de 400 px do pokémon (a mais distante: 737 px) | vigiando
[16:56:39.876] DETECÇÃO  7 sprite(s) na tela (melhor similaridade 0.98; para com >= 4)
[16:56:40.005] TIRO      Vida 70% (≤ 88%): tecla F
[16:56:40.612] DETECÇÃO  Shooter: 0 sprite(s) além de 400 px do pokémon | vigiando
[16:56:40.612] INFO      Shooter: todas as 7 sprite(s) dentro de 400 px; confirmo por 1.5s antes de dar o R
[16:56:41.052] DETECÇÃO  8 sprite(s) na tela (melhor similaridade 0.99; para com >= 4)
[16:56:41.144] TIRO      Vida 66% (≤ 88%): tecla F
[16:56:41.712] DETECÇÃO  Shooter: 2 sprite(s) além de 400 px do pokémon (a mais distante: 668 px) | vigiando
[16:56:41.713] ALERTA    Shooter: apareceu/ficou sprite além de 400 px durante a confirmação; o R NÃO foi dado, espero todas entrarem de novo
[16:56:42.162] DETECÇÃO  Vida do pokémon: 62%
[16:56:42.214] TIRO      Vida 62% (≤ 88%): tecla F
[16:56:42.765] DETECÇÃO  Shooter: 1 sprite(s) além de 400 px do pokémon (a mais distante: 463 px) | vigiando
[16:56:43.153] DETECÇÃO  3 sprite(s) na tela (melhor similaridade 0.98; para com >= 4)
[16:56:43.193] DETECÇÃO  Vida do pokémon: 50%
[16:56:43.245] TIRO      Vida 50% (≤ 88%): tecla F
[16:56:43.246] RETOMOU   Voltou a andar: 3 sprites (limite 4), ficou parado 12.1s
[16:56:43.296] INFO      Janela que recebe as teclas: 'PokeAlliance - Ze Pilintra'
[16:56:43.306] DECISÃO   Teclas W | pos (33, 123) -> alvo (35.31221911391866, 97.64974443196841) | similaridade 1.00 (rastreio)
[16:56:43.392] BOLA      Shiny (Premier Ball): toque na tecla SPACE em (1583, 787) | similaridade 0.81 | 0.735s depois da captura | ajuste +0,+0 px
[16:56:43.832] DETECÇÃO  Vida do pokémon: 100%
[16:56:44.312] BOLA      Shiny (Premier Ball): toque na tecla SPACE em (1583, 816) | similaridade 0.85 | 0.836s depois da captura | ajuste +0,+0 px
[16:56:44.506] BOLA      Shiny (Premier Ball): toque na tecla SPACE em (1583, 998) | similaridade 0.82 | 1.030s depois da captura | ajuste +0,+0 px
[16:56:44.675] BOLA      Shiny (Premier Ball): toque na tecla SPACE em (1401, 998) | similaridade 0.80 | 1.199s depois da captura | ajuste +0,+0 px
[16:56:45.570] BOLA      Shiny (Premier Ball): toque na tecla SPACE em (1583, 1061) | similaridade 0.76 | 0.773s depois da captura | ajuste +0,+0 px
[16:56:45.719] DETECÇÃO  2 sprite(s) na tela (melhor similaridade 0.97; para com >= 4)
[16:56:47.518] DETECÇÃO  3 sprite(s) na tela (melhor similaridade 0.98; para com >= 4)
[16:56:48.848] TIRO      Vida 98% (≤ 99%): tecla G
[16:56:49.442] DETECÇÃO  4 sprite(s) na tela (melhor similaridade 0.98; para com >= 4)
[16:56:49.487] DETECÇÃO  Vida do pokémon: 87%
[16:56:49.540] TIRO      Vida 87% (≤ 88%): tecla F
[16:56:49.540] PAROU     Parou: 4 sprites na tela (limite 4)
[16:56:50.240] TIRO      Tiro inicial: tecla P em (1234, 466) na tela, na sprite mais distante (495 px do pokémon, 4 sprite(s) na tela)
[16:56:50.241] INFO      Shooter ligado: atira com a tecla P na sprite além de 400 px do pokémon que ficar parada por 0.5s (oscilação até 40 px)
[16:56:50.259] DETECÇÃO  Shooter: 1 sprite(s) além de 400 px do pokémon (a mais distante: 495 px) | vigiando
[16:56:50.658] DETECÇÃO  5 sprite(s) na tela (melhor similaridade 0.98; para com >= 4)
[16:56:50.754] TIRO      Vida 83% (≤ 88%): tecla F
[16:56:50.773] DETECÇÃO  Shooter: 0 sprite(s) além de 400 px do pokémon | vigiando
[16:56:50.773] INFO      Shooter: todas as 5 sprite(s) dentro de 400 px; confirmo por 1.5s antes de dar o R
[16:56:51.160] DETECÇÃO  7 sprite(s) na tela (melhor similaridade 0.98; para com >= 4)
[16:56:51.252] TIRO      Vida 82% (≤ 88%): tecla F
[16:56:51.818] DETECÇÃO  Shooter: 2 sprite(s) além de 400 px do pokémon (a mais distante: 777 px) | vigiando
[16:56:51.819] ALERTA    Shooter: apareceu/ficou sprite além de 400 px durante a confirmação; o R NÃO foi dado, espero todas entrarem de novo
[16:56:52.304] TIRO      Vida 82% (≤ 88%): tecla F
[16:56:52.908] DETECÇÃO  Shooter: 0 sprite(s) além de 400 px do pokémon | vigiando
[16:56:52.909] INFO      Shooter: todas as 7 sprite(s) dentro de 400 px; confirmo por 1.5s antes de dar o R
[16:56:53.357] DETECÇÃO  Vida do pokémon: 80%
[16:56:53.409] TIRO      Vida 80% (≤ 88%): tecla F
[16:56:53.907] TIRO      Vida 80% (≤ 88%): tecla F
[16:56:54.456] TIRO      Todas as 7 sprite(s) dentro de 400 px: sequência R (repetido por 1.0s) e, 0.50s depois do R, revive (E)
[16:56:54.992] TIRO      Vida 79% (≤ 88%): tecla F
[16:56:55.386] DETECÇÃO  0 sprite(s) na tela (melhor similaridade 0.27; para com >= 4)
[16:56:55.471] TIRO      Shooter: R apertado 7x em 1.01s
[16:56:55.923] TIRO      Vida 79% (≤ 88%): tecla F
[16:56:56.029] TIRO      Revive: toque rápido em E e verifico a foto por 2.5s — tentativa 1/3
[16:56:56.335] BOLA      Shiny (Premier Ball): toque na tecla SPACE em (1309, 331) | similaridade 0.76 | 0.827s depois da captura | ajuste +0,+0 px
[16:56:56.741] INFO      Revive confirmado: a foto mudou (2.1% dos pixels) após 0.7s e 1 toque(s) no E (E saiu 0.56s depois do R)
[16:56:56.742] INFO      Shooter: procedimento concluído (R repetido + E); o bot volta a andar
[16:56:57.172] DETECÇÃO  Vida do pokémon: 100%
[16:56:57.172] RETOMOU   Voltou a andar: 0 sprites (limite 4), ficou parado 7.6s
[16:56:57.216] BOLA      Shiny (Premier Ball): toque na tecla SPACE em (1127, 422) | similaridade 0.81 | 0.755s depois da captura | ajuste +0,+0 px
[16:56:57.236] INFO      Velocidade: muito rápido (0 sprite(s) na tela) | tecla contínua, previsão 100 ms
[16:56:57.236] DECISÃO   Teclas D+W | pos (33, 99) -> alvo (34.7880638250147, 82.4064922833533) | similaridade 1.00 (rastreio)
[16:56:57.366] DECISÃO   Teclas W | pos (35, 97) -> alvo (34.368261120246785, 80.93077725134856) | similaridade 1.00 (rastreio)
[16:56:57.428] BOLA      Shiny (Premier Ball): toque na tecla SPACE em (1127, 331) | similaridade 0.70 | 0.966s depois da captura | ajuste +0,+0 px
[16:56:58.007] DECISÃO   Teclas D+W | pos (35, 95) -> alvo (33.899726520576735, 79.2434097962794) | similaridade 1.00 (rastreio)
[16:56:58.324] DECISÃO   Teclas W | pos (37, 93) -> alvo (33.19158069485781, 76.59184884683526) | similaridade 1.00 (rastreio)
[16:56:58.417] BOLA      Shiny (Premier Ball): toque na tecla SPACE em (1187, 545) | similaridade 0.81 | 0.877s depois da captura | ajuste +0,+0 px
[16:56:58.571] BOLA      Shiny (Premier Ball): toque na tecla SPACE em (1095, 545) | similaridade 0.77 | 1.031s depois da captura | ajuste +0,+0 px
[16:56:59.309] DETECÇÃO  1 sprite(s) na tela (melhor similaridade 0.97; para com >= 4)
[16:56:59.423] INFO      Velocidade: rápido (1 sprite(s) na tela) | passo de 200 ms, previsão 50 ms
[16:56:59.526] BOLA      Shiny (Premier Ball): toque na tecla SPACE em (1058, 764) | similaridade 0.77 | 0.841s depois da captura | ajuste +0,+0 px
[16:57:01.212] DETECÇÃO  2 sprite(s) na tela (melhor similaridade 0.98; para com >= 4)
[16:57:02.607] TIRO      Vida 97% (≤ 99%): tecla G
[16:57:03.165] DETECÇÃO  4 sprite(s) na tela (melhor similaridade 0.98; para com >= 4)
[16:57:03.216] DETECÇÃO  Vida do pokémon: 90%
[16:57:03.269] TIRO      Vida 90% (≤ 99%): tecla G
[16:57:03.270] PAROU     Parou: 4 sprites na tela (limite 4)
[16:57:03.952] TIRO      Tiro inicial: tecla P em (1686, 304) na tela, na sprite mais distante (1068 px do pokémon, 4 sprite(s) na tela)
[16:57:03.953] INFO      Shooter ligado: atira com a tecla P na sprite além de 400 px do pokémon que ficar parada por 0.5s (oscilação até 40 px)
[16:57:03.973] DETECÇÃO  Shooter: 1 sprite(s) além de 400 px do pokémon (a mais distante: 1068 px) | vigiando
[16:57:04.349] DETECÇÃO  6 sprite(s) na tela (melhor similaridade 0.98; para com >= 4)
[16:57:04.397] DETECÇÃO  Vida do pokémon: 74%
[16:57:04.456] TIRO      Vida 74% (≤ 88%): tecla F
[16:57:05.056] DETECÇÃO  Shooter: 3 sprite(s) além de 400 px do pokémon (a mais distante: 838 px) | vigiando
[16:57:05.532] TIRO      Vida 73% (≤ 88%): tecla F
[16:57:06.116] DETECÇÃO  Shooter: 2 sprite(s) além de 400 px do pokémon (a mais distante: 618 px) | vigiando
[16:57:06.605] TIRO      Vida 73% (≤ 88%): tecla F
[16:57:07.223] DETECÇÃO  Shooter: 3 sprite(s) além de 400 px do pokémon (a mais distante: 639 px) | vigiando
[16:57:07.611] DETECÇÃO  5 sprite(s) na tela (melhor similaridade 0.98; para com >= 4)
[16:57:07.655] DETECÇÃO  Vida do pokémon: 66%
[16:57:07.709] TIRO      Vida 66% (≤ 88%): tecla F
[16:57:08.678] DETECÇÃO  6 sprite(s) na tela (melhor similaridade 0.99; para com >= 4)
[16:57:08.769] TIRO      Vida 62% (≤ 88%): tecla F
[16:57:08.786] DETECÇÃO  Shooter: 0 sprite(s) além de 400 px do pokémon | vigiando
[16:57:08.786] INFO      Shooter: todas as 6 sprite(s) dentro de 400 px; confirmo por 1.5s antes de dar o R
[16:57:09.235] DETECÇÃO  Vida do pokémon: 60%
[16:57:09.288] TIRO      Vida 60% (≤ 88%): tecla F
[16:57:10.282] DETECÇÃO  5 sprite(s) na tela (melhor similaridade 0.98; para com >= 4)
[16:57:10.320] DETECÇÃO  Vida do pokémon: 54%
[16:57:10.373] TIRO      Vida 54% (≤ 88%): tecla F
[16:57:10.396] TIRO      Todas as 5 sprite(s) dentro de 400 px: sequência R (repetido por 1.0s) e, 0.50s depois do R, revive (E)
[16:57:10.783] DETECÇÃO  4 sprite(s) na tela (melhor similaridade 0.98; para com >= 4)
[16:57:10.871] TIRO      Vida 54% (≤ 88%): tecla F
[16:57:11.358] DETECÇÃO  2 sprite(s) na tela (melhor similaridade 0.97; para com >= 4)
[16:57:11.413] TIRO      Shooter: R apertado 7x em 1.02s
[16:57:11.463] TIRO      Vida 54% (≤ 88%): tecla F
[16:57:11.872] DETECÇÃO  0 sprite(s) na tela (melhor similaridade 0.22; para com >= 4)
[16:57:11.971] TIRO      Revive: toque rápido em E e verifico a foto por 2.5s — tentativa 1/3
[16:57:11.973] TIRO      Vida 54% (≤ 88%): tecla F
[16:57:12.522] DETECÇÃO  Vida do pokémon: 71%
[16:57:12.597] TIRO      Vida 71% (≤ 88%): tecla F
[16:57:12.638] INFO      Revive confirmado: a foto mudou (1.1% dos pixels) após 0.7s e 1 toque(s) no E (E saiu 0.56s depois do R)
[16:57:12.638] INFO      Shooter: procedimento concluído (R repetido + E); o bot volta a andar
[16:57:13.396] BOLA      Shiny (Premier Ball): toque na tecla SPACE em (1583, 422) | similaridade 0.86 | 0.707s depois da captura | ajuste +0,+0 px
[16:57:13.564] BOLA      Shiny (Premier Ball): toque na tecla SPACE em (1492, 240) | similaridade 0.86 | 0.876s depois da captura | ajuste +0,+0 px
[16:57:13.656] DETECÇÃO  Vida do pokémon: 100%
[16:57:13.657] RETOMOU   Voltou a andar: 0 sprites (limite 4), ficou parado 10.4s
[16:57:13.721] INFO      Velocidade: muito rápido (0 sprite(s) na tela) | tecla contínua, previsão 100 ms
[16:57:13.722] DECISÃO   Teclas W | pos (37, 73) -> alvo (41.608000457123815, 59.99276245537513) | similaridade 1.00 (rastreio)
[16:57:13.763] BOLA      Shiny (Premier Ball): toque na tecla SPACE em (1583, 331) | similaridade 0.84 | 1.074s depois da captura | ajuste +0,+0 px
[16:57:13.852] DECISÃO   Teclas D+W | pos (37, 71) -> alvo (42.65784494785192, 59.50372281568208) | similaridade 1.00 (rastreio)
[16:57:13.966] BOLA      Shiny (Premier Ball): toque na tecla SPACE em (1675, 422) | similaridade 0.84 | 1.278s depois da captura | ajuste +0,+0 px
[16:57:14.904] BOLA      Shiny (Premier Ball): toque na tecla SPACE em (1675, 514) | similaridade 0.80 | 0.857s depois da captura | ajuste +0,+0 px
[16:57:15.747] BOLA      Shiny (Premier Ball): toque na tecla SPACE em (1626, 653) | similaridade 0.90 | 0.759s depois da captura | ajuste +0,+0 px
[16:57:15.905] BOLA      Shiny (Premier Ball): toque na tecla SPACE em (1717, 653) | similaridade 0.86 | 0.917s depois da captura | ajuste +0,+0 px
[16:57:16.103] BOLA      Shiny (Premier Ball): toque na tecla SPACE em (1443, 562) | similaridade 0.86 | 1.115s depois da captura | ajuste +0,+0 px
[16:57:16.286] BOLA      Shiny (Premier Ball): toque na tecla SPACE em (1535, 653) | similaridade 0.85 | 1.298s depois da captura | ajuste +0,+0 px
[16:57:17.191] BOLA      Shiny (Premier Ball): toque na tecla SPACE em (1232, 773) | similaridade 0.90 | 0.826s depois da captura | ajuste +0,+0 px
[16:57:17.259] DETECÇÃO  1 sprite(s) na tela (melhor similaridade 0.99; para com >= 4)
[16:57:17.355] BOLA      Shiny (Premier Ball): toque na tecla SPACE em (1415, 864) | similaridade 0.89 | 0.989s depois da captura | ajuste +0,+0 px
[16:57:17.375] INFO      Velocidade: rápido (1 sprite(s) na tela) | passo de 200 ms, previsão 50 ms
[16:57:17.507] BOLA      Shiny (Premier Ball): toque na tecla SPACE em (1506, 864) | similaridade 0.89 | 1.141s depois da captura | ajuste +0,+0 px
[16:57:17.661] BOLA      Shiny (Premier Ball): toque na tecla SPACE em (1598, 682) | similaridade 0.87 | 1.296s depois da captura | ajuste +0,+0 px
[16:57:17.813] BOLA      Shiny (Premier Ball): toque na tecla SPACE em (1324, 864) | similaridade 0.82 | 1.448s depois da captura | ajuste +0,+0 px
[16:57:18.298] DECISÃO   Teclas W | pos (53, 57) -> alvo (57.07373934681647, 39.699981207967355) | similaridade 1.00 (rastreio)
[16:57:18.714] BOLA      Shiny (Premier Ball): toque na tecla SPACE em (955, 970) | similaridade 0.86 | 0.799s depois da captura | ajuste +0,+0 px
[16:57:19.111] DETECÇÃO  3 sprite(s) na tela (melhor similaridade 0.99; para com >= 4)
[16:57:19.538] DECISÃO   Teclas D+W | pos (53, 51) -> alvo (63.84170489856807, 29.940524111835973) | similaridade 1.00 (rastreio)
[16:57:21.032] DETECÇÃO  4 sprite(s) na tela (melhor similaridade 0.99; para com >= 4)
[16:57:21.082] PAROU     Parou: 4 sprites na tela (limite 4)
[16:57:21.763] TIRO      Tiro inicial: tecla P em (978, 352) na tela, na sprite mais distante (613 px do pokémon, 4 sprite(s) na tela)
[16:57:21.763] INFO      Shooter ligado: atira com a tecla P na sprite além de 400 px do pokémon que ficar parada por 0.5s (oscilação até 40 px)
[16:57:21.783] DETECÇÃO  Shooter: 1 sprite(s) além de 400 px do pokémon (a mais distante: 613 px) | vigiando
[16:57:22.236] DETECÇÃO  Shooter: 0 sprite(s) além de 400 px do pokémon | vigiando
[16:57:22.236] INFO      Shooter: todas as 4 sprite(s) dentro de 400 px; confirmo por 1.5s antes de dar o R
[16:57:24.272] TIRO      Todas as 4 sprite(s) dentro de 400 px: sequência R (repetido por 1.0s) e, 0.50s depois do R, revive (E)
[16:57:25.285] TIRO      Shooter: R apertado 7x em 1.01s
[16:57:25.651] DETECÇÃO  0 sprite(s) na tela (melhor similaridade 0.25; para com >= 4)
[16:57:25.834] TIRO      Revive: toque rápido em E e verifico a foto por 2.5s — tentativa 1/3
[16:57:26.505] INFO      Revive confirmado: a foto mudou (2.2% dos pixels) após 0.7s e 1 toque(s) no E (E saiu 0.55s depois do R)
[16:57:26.506] INFO      Shooter: procedimento concluído (R repetido + E); o bot volta a andar
[16:57:26.916] BOLA      Shiny (Premier Ball): toque na tecla SPACE em (853, 331) | similaridade 0.90 | 0.741s depois da captura | ajuste +0,+0 px
[16:57:26.919] RETOMOU   Voltou a andar: 0 sprites (limite 4), ficou parado 5.8s
[16:57:26.979] INFO      Velocidade: muito rápido (0 sprite(s) na tela) | tecla contínua, previsão 100 ms
[16:57:26.980] DECISÃO   Teclas D+W | pos (57, 47) -> alvo (72.12459761844842, 24.990214844669794) | similaridade 1.00 (rastreio)
[16:57:27.096] BOLA      Shiny (Premier Ball): toque na tecla SPACE em (944, 422) | similaridade 0.85 | 0.920s depois da captura | ajuste +0,+0 px
[16:57:27.297] BOLA      Shiny (Premier Ball): toque na tecla SPACE em (853, 422) | similaridade 0.82 | 1.121s depois da captura | ajuste +0,+0 px
[16:57:28.205] BOLA      Shiny (Premier Ball): toque na tecla SPACE em (893, 656) | similaridade 0.89 | 0.815s depois da captura | ajuste +0,+0 px
[16:57:28.376] BOLA      Shiny (Premier Ball): toque na tecla SPACE em (893, 474) | similaridade 0.84 | 0.986s depois da captura | ajuste +0,+0 px
[16:57:29.065] DETECÇÃO  1 sprite(s) na tela (melhor similaridade 0.99; para com >= 4)
[16:57:29.176] INFO      Velocidade: rápido (1 sprite(s) na tela) | passo de 200 ms, previsão 50 ms
[16:57:29.283] BOLA      Shiny (Premier Ball): toque na tecla SPACE em (739, 628) | similaridade 0.83 | 0.809s depois da captura | ajuste +0,+0 px
[16:57:29.985] DETECÇÃO  3 sprite(s) na tela (melhor similaridade 0.99; para com >= 4)
[16:57:30.198] BOLA      Shiny (Premier Ball): toque na tecla SPACE em (607, 941) | similaridade 0.90 | 0.821s depois da captura | ajuste +0,+0 px
[16:57:30.395] BOLA      Shiny (Premier Ball): toque na tecla SPACE em (607, 759) | similaridade 0.70 | 1.018s depois da captura | ajuste +0,+0 px
[16:57:30.403] DECISÃO   Teclas D | pos (67, 35) -> alvo (87.14984528111933, 27.05690092777891) | similaridade 1.00 (rastreio)
[16:57:31.237] BOLA      Shiny (Premier Ball): toque na tecla SPACE em (442, 924) | similaridade 0.85 | 0.762s depois da captura | ajuste +0,+0 px
[16:57:31.860] DETECÇÃO  4 sprite(s) na tela (melhor similaridade 0.98; para com >= 4)
[16:57:31.911] PAROU     Parou: 4 sprites na tela (limite 4)
[16:57:32.065] BOLA      Shiny (Premier Ball): toque na tecla SPACE em (396, 970) | similaridade 0.87 | 0.741s depois da captura | ajuste +0,+0 px
[16:57:32.500] ALERTA    Shooter: nome do pokémon não encontrado na área de busca; sem ele não dá para medir as distâncias (confira a similaridade mínima).
[16:57:32.501] INFO      Shooter ligado: atira com a tecla P na sprite além de 400 px do pokémon que ficar parada por 0.5s (oscilação até 40 px)
[16:57:32.857] BOLA      Shiny (Premier Ball): toque na tecla SPACE em (305, 970) | similaridade 0.85 | 0.710s depois da captura | ajuste +0,+0 px
[16:57:33.454] DETECÇÃO  6 sprite(s) na tela (melhor similaridade 0.98; para com >= 4)
[16:57:33.494] DETECÇÃO  Vida do pokémon: 86%
[16:57:33.546] TIRO      Vida 86% (≤ 88%): tecla F
[16:57:34.222] TIRO      Tiro inicial: tecla P em (1906, 986) na tela, na sprite mais distante (1143 px do pokémon, 6 sprite(s) na tela)
[16:57:34.242] DETECÇÃO  Shooter: 3 sprite(s) além de 400 px do pokémon (a mais distante: 1143 px) | vigiando
[16:57:34.730] TIRO      Vida 82% (≤ 88%): tecla F
[16:57:35.357] DETECÇÃO  Shooter: 2 sprite(s) além de 400 px do pokémon (a mais distante: 912 px) | vigiando
[16:57:35.763] DETECÇÃO  7 sprite(s) na tela (melhor similaridade 0.98; para com >= 4)
[16:57:35.814] DETECÇÃO  Vida do pokémon: 80%
[16:57:35.867] TIRO      Vida 80% (≤ 88%): tecla F
[16:57:36.425] DETECÇÃO  Shooter: 4 sprite(s) além de 400 px do pokémon (a mais distante: 474 px) | esperando
[16:57:36.539] TIRO      Tecla P em (776, 620) na tela (+75 px da sprite): sprite a 423 px do pokémon (limite 400), parada há 1.6s. Aguardando todas as sprites entrarem na distância limite
[16:57:37.020] TIRO      Vida 79% (≤ 88%): tecla F
[16:57:37.581] DETECÇÃO  Shooter: 5 sprite(s) além de 400 px do pokémon (a mais distante: 881 px) | esperando
[16:57:38.066] TIRO      Vida 75% (≤ 88%): tecla F
[16:57:38.668] DETECÇÃO  Shooter: 0 sprite(s) além de 400 px do pokémon | vigiando
[16:57:38.669] INFO      Shooter: todas as sprites dentro de 400 px; voltou a vigiar
[16:57:38.670] INFO      Shooter: todas as 7 sprite(s) dentro de 400 px; confirmo por 1.5s antes de dar o R
[16:57:39.082] DETECÇÃO  Vida do pokémon: 70%
[16:57:39.133] TIRO      Vida 70% (≤ 88%): tecla F
[16:57:39.738] DETECÇÃO  Shooter: 2 sprite(s) além de 400 px do pokémon (a mais distante: 546 px) | vigiando
[16:57:39.739] ALERTA    Shooter: apareceu/ficou sprite além de 400 px durante a confirmação; o R NÃO foi dado, espero todas entrarem de novo
[16:57:40.240] TIRO      Vida 67% (≤ 88%): tecla F
[16:57:40.259] DETECÇÃO  Shooter: 1 sprite(s) além de 400 px do pokémon (a mais distante: 437 px) | vigiando
[16:57:40.700] DETECÇÃO  Vida do pokémon: 60%
[16:57:40.752] TIRO      Vida 60% (≤ 88%): tecla F
[16:57:41.765] DETECÇÃO  Vida do pokémon: 54%
[16:57:41.816] TIRO      Vida 54% (≤ 88%): tecla F
[16:57:41.834] DETECÇÃO  Shooter: 0 sprite(s) além de 400 px do pokémon | vigiando
[16:57:41.835] INFO      Shooter: todas as 7 sprite(s) dentro de 400 px; confirmo por 1.5s antes de dar o R
[16:57:42.342] TIRO      Vida 53% (≤ 88%): tecla F
[16:57:43.315] DETECÇÃO  5 sprite(s) na tela (melhor similaridade 0.98; para com >= 4)
[16:57:43.407] TIRO      Vida 51% (≤ 88%): tecla F
[16:57:43.431] TIRO      Todas as 5 sprite(s) dentro de 400 px: sequência R (repetido por 1.0s) e, 0.50s depois do R, revive (E)
[16:57:43.818] DETECÇÃO  6 sprite(s) na tela (melhor similaridade 0.98; para com >= 4)
[16:57:43.909] TIRO      Vida 50% (≤ 88%): tecla F
[16:57:44.327] DETECÇÃO  2 sprite(s) na tela (melhor similaridade 0.97; para com >= 4)
[16:57:44.425] TIRO      Vida 50% (≤ 88%): tecla F
[16:57:44.445] TIRO      Shooter: R apertado 7x em 1.01s
[16:57:45.007] TIRO      Revive: toque rápido em E e verifico a foto por 2.5s — tentativa 1/3
[16:57:45.484] BOLA      Shiny (Premier Ball): toque na tecla SPACE em (670, 696) | similaridade 0.81 | 0.828s depois da captura | ajuste +0,+0 px
[16:57:45.534] DETECÇÃO  0 sprite(s) na tela (melhor similaridade 0.22; para com >= 4)
[16:57:45.575] DETECÇÃO  Vida do pokémon: 83%
[16:57:45.648] TIRO      Vida 83% (≤ 88%): tecla F
[16:57:45.648] BOLA      Shiny (Premier Ball): toque na tecla SPACE em (761, 513) | similaridade 0.77 | 0.992s depois da captura | ajuste +0,+0 px
[16:57:45.705] INFO      Revive confirmado: a foto mudou (2.5% dos pixels) após 0.7s e 1 toque(s) no E (E saiu 0.56s depois do R)
[16:57:45.753] INFO      Shooter: procedimento concluído (R repetido + E); o bot volta a andar
[16:57:46.467] BOLA      Shiny (Premier Ball): toque na tecla SPACE em (579, 696) | similaridade 0.90 | 0.726s depois da captura | ajuste +0,+0 px
[16:57:46.653] BOLA      Shiny (Premier Ball): toque na tecla SPACE em (853, 696) | similaridade 0.87 | 0.912s depois da captura | ajuste +0,+0 px
[16:57:46.789] DETECÇÃO  Vida do pokémon: 100%
[16:57:46.790] RETOMOU   Voltou a andar: 0 sprites (limite 4), ficou parado 14.9s
[16:57:46.835] BOLA      Shiny (Premier Ball): toque na tecla SPACE em (761, 696) | similaridade 0.85 | 1.094s depois da captura | ajuste +0,+0 px
[16:57:46.854] INFO      Velocidade: muito rápido (0 sprite(s) na tela) | tecla contínua, previsão 100 ms
[16:57:46.855] DECISÃO   Teclas D | pos (69, 35) -> alvo (88.8595149402036, 28.338318175244964) | similaridade 1.00 (rastreio)
[16:57:47.033] BOLA      Shiny (Premier Ball): toque na tecla SPACE em (761, 513) | similaridade 0.81 | 1.292s depois da captura | ajuste +0,+0 px
[16:57:47.904] BOLA      Shiny (Premier Ball): toque na tecla SPACE em (790, 696) | similaridade 0.89 | 0.760s depois da captura | ajuste +0,+0 px
[16:57:48.083] BOLA      Shiny (Premier Ball): toque na tecla SPACE em (790, 513) | similaridade 0.79 | 0.939s depois da captura | ajuste +0,+0 px
[16:57:48.406] DECISÃO   Teclas D+S | pos (81, 35) -> alvo (99.43753493378676, 43.71285892660043) | similaridade 1.00 (rastreio)
[16:57:48.898] BOLA      Shiny (Premier Ball): toque na tecla SPACE em (433, 696) | similaridade 0.90 | 0.736s depois da captura | ajuste +0,+0 px
[16:57:49.086] BOLA      Shiny (Premier Ball): toque na tecla SPACE em (433, 605) | similaridade 0.88 | 0.924s depois da captura | ajuste +0,+0 px
[16:57:49.304] BOLA      Shiny (Premier Ball): toque na tecla SPACE em (433, 513) | similaridade 0.80 | 1.141s depois da captura | ajuste +0,+0 px
[16:57:50.011] DECISÃO   Teclas D | pos (87, 41) -> alvo (110.66349417282152, 51.22789759784065) | similaridade 1.00 (rastreio)
[16:57:50.132] DECISÃO   Teclas D+S | pos (87, 41) -> alvo (110.66349417282152, 51.22789759784065) | similaridade 1.00 (rastreio)
[16:57:50.290] BOLA      Shiny (Premier Ball): toque na tecla SPACE em (188, 488) | similaridade 0.87 | 0.900s depois da captura | ajuste +0,+0 px
[16:57:50.414] DETECÇÃO  1 sprite(s) na tela (melhor similaridade 0.98; para com >= 4)
[16:57:50.505] BOLA      Shiny (Premier Ball): toque na tecla SPACE em (188, 579) | similaridade 0.87 | 1.115s depois da captura | ajuste +0,+0 px
[16:57:50.507] INFO      Velocidade: rápido (1 sprite(s) na tela) | passo de 200 ms, previsão 50 ms
[16:57:50.659] BOLA      Shiny (Premier Ball): toque na tecla SPACE em (188, 397) | similaridade 0.84 | 1.269s depois da captura | ajuste +0,+0 px
[16:57:50.794] DECISÃO   Teclas D | pos (89, 43) -> alvo (110.66349417282152, 51.22789759784065) | similaridade 1.00 (rastreio)
[16:57:51.301] DETECÇÃO  2 sprite(s) na tela (melhor similaridade 0.98; para com >= 4)
[16:57:51.761] DECISÃO   Teclas D+S | pos (91, 43) -> alvo (110.66349417282152, 51.22789759784065) | similaridade 1.00 (rastreio)
[16:57:52.364] DECISÃO   Teclas D | pos (93, 45) -> alvo (114.05795472259011, 53.109285742921955) | similaridade 1.00 (rastreio)
[16:57:52.662] DECISÃO   Teclas D+S | pos (95, 45) -> alvo (119.24163687066725, 56.56582074632516) | similaridade 1.00 (rastreio)
[16:57:53.632] DECISÃO   Teclas D | pos (99, 49) -> alvo (120.90165986482825, 57.93963241770944) | similaridade 1.00 (rastreio)
[16:57:54.236] TIRO      Vida 97% (≤ 99%): tecla G
[16:57:54.792] DETECÇÃO  3 sprite(s) na tela (melhor similaridade 0.99; para com >= 4)
[16:57:54.885] TIRO      Vida 97% (≤ 99%): tecla G
[16:57:54.947] DECISÃO   Teclas D+S | pos (101, 49) -> alvo (120.90165986482825, 57.93963241770944) | similaridade 1.00 (rastreio)
[16:57:55.569] TIRO      Vida 98% (≤ 99%): tecla G
[16:57:56.210] TIRO      Vida 98% (≤ 99%): tecla G
[16:57:56.824] DETECÇÃO  2 sprite(s) na tela (melhor similaridade 0.98; para com >= 4)
[16:57:56.921] TIRO      Vida 98% (≤ 99%): tecla G
[16:57:57.499] DETECÇÃO  6 sprite(s) na tela (melhor similaridade 0.98; para com >= 4)
[16:57:57.605] TIRO      Vida 98% (≤ 99%): tecla G
[16:57:57.605] PAROU     Parou: 6 sprites na tela (limite 4)
[16:57:58.296] TIRO      Tiro inicial: tecla P em (1852, 957) na tela, na sprite mais distante (1225 px do pokémon, 6 sprite(s) na tela)
[16:57:58.297] INFO      Shooter ligado: atira com a tecla P na sprite além de 400 px do pokémon que ficar parada por 0.5s (oscilação até 40 px)
[16:57:58.315] DETECÇÃO  Shooter: 4 sprite(s) além de 400 px do pokémon (a mais distante: 1225 px) | vigiando
[16:57:58.707] DETECÇÃO  7 sprite(s) na tela (melhor similaridade 0.99; para com >= 4)
[16:57:58.752] DETECÇÃO  Vida do pokémon: 90%
[16:57:58.806] TIRO      Vida 90% (≤ 99%): tecla G
[16:57:59.306] TIRO      Vida 90% (≤ 99%): tecla G
[16:58:00.357] TIRO      Vida 90% (≤ 99%): tecla G
[16:58:00.941] DETECÇÃO  Shooter: 1 sprite(s) além de 400 px do pokémon (a mais distante: 432 px) | vigiando
[16:58:01.377] DETECÇÃO  Vida do pokémon: 80%
[16:58:01.430] TIRO      Vida 80% (≤ 88%): tecla F
[16:58:02.014] DETECÇÃO  Shooter: 2 sprite(s) além de 400 px do pokémon (a mais distante: 530 px) | vigiando
[16:58:02.400] DETECÇÃO  6 sprite(s) na tela (melhor similaridade 0.98; para com >= 4)
[16:58:02.487] TIRO      Vida 77% (≤ 88%): tecla F
[16:58:03.079] DETECÇÃO  Shooter: 5 sprite(s) além de 400 px do pokémon (a mais distante: 621 px) | vigiando
[16:58:03.454] DETECÇÃO  8 sprite(s) na tela (melhor similaridade 0.99; para com >= 4)
[16:58:03.492] DETECÇÃO  Vida do pokémon: 67%
[16:58:03.567] TIRO      Vida 67% (≤ 88%): tecla F
[16:58:04.157] DETECÇÃO  Shooter: 6 sprite(s) além de 400 px do pokémon (a mais distante: 737 px) | vigiando
[16:58:04.643] TIRO      Vida 66% (≤ 88%): tecla F
[16:58:04.653] DETECÇÃO  Shooter: 4 sprite(s) além de 400 px do pokémon (a mais distante: 631 px) | vigiando
[16:58:05.804] TIRO      Tecla P em (1536, 712) na tela (+75 px da sprite): sprite a 514 px do pokémon (limite 400), parada há 1.5s. Aguardando todas as sprites entrarem na distância limite
[16:58:06.179] DETECÇÃO  6 sprite(s) na tela (melhor similaridade 0.98; para com >= 4)
[16:58:06.230] DETECÇÃO  Vida do pokémon: 60%
[16:58:06.282] TIRO      Vida 60% (≤ 88%): tecla F
[16:58:06.291] DETECÇÃO  Shooter: 1 sprite(s) além de 400 px do pokémon (a mais distante: 418 px) | esperando
[16:58:06.676] DETECÇÃO  7 sprite(s) na tela (melhor similaridade 0.98; para com >= 4)
[16:58:06.736] DETECÇÃO  Vida do pokémon: 50%
[16:58:06.745] ALERTA    Shooter: passaram 2s e ainda há sprite além de 400 px; voltou a vigiar (ela precisa ficar parada de novo para receber outro tiro)
[16:58:07.142] DETECÇÃO  8 sprite(s) na tela (melhor similaridade 0.98; para com >= 4)
[16:58:07.242] TIRO      Vida 50% (≤ 88%): tecla F
[16:58:07.835] DETECÇÃO  Shooter: 0 sprite(s) além de 400 px do pokémon | vigiando
[16:58:07.835] INFO      Shooter: todas as 8 sprite(s) dentro de 400 px; confirmo por 1.5s antes de dar o R
[16:58:08.261] DETECÇÃO  10 sprite(s) na tela (melhor similaridade 0.99; para com >= 4)
[16:58:08.314] DETECÇÃO  Vida do pokémon: 36%
[16:58:08.367] TIRO      Vida 36% (≤ 45%): tecla C
[16:58:09.484] DETECÇÃO  Vida do pokémon: 59%
[16:58:09.537] TIRO      Vida 59% (≤ 88%): tecla F
[16:58:10.127] TIRO      Todas as 10 sprite(s) dentro de 400 px: sequência R (repetido por 1.0s) e, 0.50s depois do R, revive (E)
[16:58:10.510] DETECÇÃO  11 sprite(s) na tela (melhor similaridade 0.99; para com >= 4)
[16:58:10.547] DETECÇÃO  Vida do pokémon: 51%
[16:58:10.599] TIRO      Vida 51% (≤ 88%): tecla F
[16:58:11.137] TIRO      Shooter: R apertado 7x em 1.01s
[16:58:11.406] BOLA      Shiny (Premier Ball): toque na tecla SPACE em (1401, 696) | similaridade 0.86 | 0.673s depois da captura | ajuste +0,+0 px
[16:58:11.593] DETECÇÃO  0 sprite(s) na tela (melhor similaridade 0.22; para com >= 4)
[16:58:11.683] TIRO      Revive: toque rápido em E e verifico a foto por 2.5s — tentativa 1/3
[16:58:11.685] TIRO      Vida 50% (≤ 88%): tecla F
[16:58:12.362] BOLA      Shiny (Premier Ball): toque na tecla SPACE em (1675, 605) | similaridade 0.73 | 0.876s depois da captura | ajuste +0,+0 px
[16:58:12.367] INFO      Revive confirmado: a foto mudou (0.7% dos pixels) após 0.7s e 1 toque(s) no E (E saiu 0.55s depois do R)
[16:58:12.368] INFO      Shooter: procedimento concluído (R repetido + E); o bot volta a andar
[16:58:12.448] ALERTA    Shooter: nome do pokémon não encontrado na área de busca; sem ele não dá para medir as distâncias (confira a similaridade mínima).
[16:58:12.516] BOLA      Shiny (Premier Ball): toque na tecla SPACE em (1401, 787) | similaridade 0.73 | 1.030s depois da captura | ajuste +0,+0 px
[16:58:12.697] BOLA      Shiny (Premier Ball): toque na tecla SPACE em (1583, 696) | similaridade 0.72 | 1.211s depois da captura | ajuste +0,+0 px
[16:58:12.902] DETECÇÃO  Vida do pokémon: 100%
[16:58:12.903] RETOMOU   Voltou a andar: 0 sprites (limite 4), ficou parado 15.3s
[16:58:12.964] INFO      Velocidade: muito rápido (0 sprite(s) na tela) | tecla contínua, previsão 100 ms
[16:58:12.965] DECISÃO   Teclas D+S | pos (109, 57) -> alvo (129.39932497576066, 70.78571966887216) | similaridade 1.00 (rastreio)
[16:58:13.546] BOLA      Shiny (Premier Ball): toque na tecla SPACE em (1492, 787) | similaridade 0.90 | 0.765s depois da captura | ajuste +0,+0 px
[16:58:13.699] BOLA      Shiny (Premier Ball): toque na tecla SPACE em (1309, 787) | similaridade 0.88 | 0.918s depois da captura | ajuste +0,+0 px
[16:58:13.911] BOLA      Shiny (Premier Ball): toque na tecla SPACE em (1583, 787) | similaridade 0.87 | 1.131s depois da captura | ajuste +0,+0 px
[16:58:14.079] BOLA      Shiny (Premier Ball): toque na tecla SPACE em (1675, 605) | similaridade 0.86 | 1.298s depois da captura | ajuste +0,+0 px
[16:58:14.232] BOLA      Shiny (Premier Ball): toque na tecla SPACE em (1583, 605) | similaridade 0.81 | 1.452s depois da captura | ajuste +0,+0 px
[16:58:14.412] BOLA      Shiny (Premier Ball): toque na tecla SPACE em (1675, 513) | similaridade 0.81 | 1.631s depois da captura | ajuste +0,+0 px
[16:58:14.613] BOLA      Shiny (Premier Ball): toque na tecla SPACE em (1401, 879) | similaridade 0.77 | 1.833s depois da captura | ajuste +0,+0 px
[16:58:15.625] BOLA      Shiny (Premier Ball): toque na tecla SPACE em (1612, 268) | similaridade 0.92 | 0.925s depois da captura | ajuste +0,+0 px
[16:58:15.814] BOLA      Shiny (Premier Ball): toque na tecla SPACE em (1064, 542) | similaridade 0.92 | 1.115s depois da captura | ajuste +0,+0 px
[16:58:15.997] BOLA      Shiny (Premier Ball): toque na tecla SPACE em (1429, 268) | similaridade 0.87 | 1.297s depois da captura | ajuste +0,+0 px
[16:58:16.165] BOLA      Shiny (Premier Ball): toque na tecla SPACE em (1429, 359) | similaridade 0.84 | 1.466s depois da captura | ajuste +0,+0 px
[16:58:16.319] BOLA      Shiny (Premier Ball): toque na tecla SPACE em (1338, 359) | similaridade 0.80 | 1.619s depois da captura | ajuste +0,+0 px
[16:58:16.483] BOLA      Shiny (Premier Ball): toque na tecla SPACE em (1155, 633) | similaridade 0.79 | 1.783s depois da captura | ajuste +0,+0 px
[16:58:16.502] DECISÃO   Teclas S | pos (121, 69) -> alvo (126.88745213160183, 88.77380171960996) | similaridade 1.00 (rastreio)
[16:58:16.682] BOLA      Shiny (Premier Ball): toque na tecla SPACE em (1247, 542) | similaridade 0.78 | 1.983s depois da captura | ajuste +0,+0 px
[16:58:17.601] BOLA      Shiny (Premier Ball): toque na tecla SPACE em (944, 168) | similaridade 0.88 | 0.792s depois da captura | ajuste +0,+0 px
[16:58:17.779] BOLA      Shiny (Premier Ball): toque na tecla SPACE em (1035, 168) | similaridade 0.86 | 0.970s depois da captura | ajuste +0,+0 px
[16:58:17.879] DETECÇÃO  1 sprite(s) na tela (melhor similaridade 0.98; para com >= 4)
[16:58:17.968] BOLA      Shiny (Premier Ball): toque na tecla SPACE em (853, 168) | similaridade 0.84 | 1.159s depois da captura | ajuste +0,+0 px
[16:58:17.988] INFO      Velocidade: rápido (1 sprite(s) na tela) | passo de 200 ms, previsão 50 ms
[16:58:18.158] BOLA      Shiny (Premier Ball): toque na tecla SPACE em (853, 260) | similaridade 0.77 | 1.349s depois da captura | ajuste +0,+0 px
[16:58:18.834] DETECÇÃO  3 sprite(s) na tela (melhor similaridade 0.98; para com >= 4)
[16:58:21.816] DECISÃO   Teclas A+S | pos (121, 93) -> alvo (117.93130588320889, 121.7452762420274) | similaridade 1.00 (rastreio)
[16:58:22.160] DECISÃO   Teclas S | pos (119, 95) -> alvo (118.0, 124.0) | similaridade 1.00 (rastreio)
[16:58:22.661] DETECÇÃO  4 sprite(s) na tela (melhor similaridade 0.98; para com >= 4)
[16:58:22.713] PAROU     Parou: 4 sprites na tela (limite 4)
[16:58:23.383] TIRO      Tiro inicial: tecla P em (386, 1094) na tela, na sprite mais distante (768 px do pokémon, 4 sprite(s) na tela)
[16:58:23.384] INFO      Shooter ligado: atira com a tecla P na sprite além de 400 px do pokémon que ficar parada por 0.5s (oscilação até 40 px)
[16:58:23.405] DETECÇÃO  Shooter: 1 sprite(s) além de 400 px do pokémon (a mais distante: 768 px) | vigiando
[16:58:23.812] DETECÇÃO  3 sprite(s) na tela (melhor similaridade 0.99; para com >= 4)
[16:58:23.917] TIRO      Vida 98% (≤ 99%): tecla G
[16:58:23.917] RETOMOU   Voltou a andar: 3 sprites (limite 4), ficou parado 1.2s
[16:58:23.977] DECISÃO   Teclas S | pos (119, 95) -> alvo (118.0, 124.0) | similaridade 1.00 (rastreio)
[16:58:24.483] DETECÇÃO  5 sprite(s) na tela (melhor similaridade 0.98; para com >= 4)
[16:58:24.535] DETECÇÃO  Vida do pokémon: 90%
[16:58:24.587] TIRO      Vida 90% (≤ 99%): tecla G
[16:58:24.588] PAROU     Parou: 5 sprites na tela (limite 4)
[16:58:25.153] ALERTA    Shooter: nome do pokémon não encontrado na área de busca; sem ele não dá para medir as distâncias (confira a similaridade mínima).
[16:58:25.154] INFO      Shooter ligado: atira com a tecla P na sprite além de 400 px do pokémon que ficar parada por 0.5s (oscilação até 40 px)
[16:58:26.151] DETECÇÃO  Vida do pokémon: 73%
[16:58:26.203] TIRO      Vida 73% (≤ 88%): tecla F
[16:58:27.734] DETECÇÃO  Vida do pokémon: 66%
[16:58:27.786] TIRO      Vida 66% (≤ 88%): tecla F
[16:58:28.338] ALERTA    Tiro inicial: não consegui mirar em 3.0s (nome do pokémon ou sprites não encontrados); desisti desta parada
[16:58:29.374] DETECÇÃO  Vida do pokémon: 59%
[16:58:29.426] TIRO      Vida 59% (≤ 88%): tecla F
[16:58:29.971] DETECÇÃO  Shooter: 0 sprite(s) além de 400 px do pokémon | vigiando
[16:58:29.972] INFO      Shooter: todas as 5 sprite(s) dentro de 400 px; confirmo por 1.5s antes de dar o R
[16:58:30.473] TIRO      Vida 54% (≤ 88%): tecla F
[16:58:31.492] DETECÇÃO  Vida do pokémon: 50%
[16:58:31.544] TIRO      Vida 50% (≤ 88%): tecla F
[16:58:31.562] TIRO      Todas as 5 sprite(s) dentro de 400 px: sequência R (repetido por 1.0s) e, 0.50s depois do R, revive (E)
[16:58:32.091] TIRO      Vida 50% (≤ 88%): tecla F
[16:58:32.507] DETECÇÃO  0 sprite(s) na tela (melhor similaridade 0.26; para com >= 4)
[16:58:32.566] TIRO      Shooter: R apertado 7x em 1.00s
[16:58:32.605] TIRO      Vida 50% (≤ 88%): tecla F
[16:58:33.121] TIRO      Revive: toque rápido em E e verifico a foto por 2.5s — tentativa 1/3
[16:58:33.631] BOLA      Shiny (Premier Ball): toque na tecla SPACE em (761, 422) | similaridade 0.79 | 0.861s depois da captura | ajuste +0,+0 px
[16:58:33.811] INFO      Revive confirmado: a foto mudou (2.0% dos pixels) após 0.7s e 1 toque(s) no E (E saiu 0.55s depois do R)
[16:58:33.812] INFO      Shooter: procedimento concluído (R repetido + E); o bot volta a andar
[16:58:33.887] DETECÇÃO  Vida do pokémon: 98%
[16:58:33.939] TIRO      Vida 98% (≤ 99%): tecla G
[16:58:33.939] RETOMOU   Voltou a andar: 0 sprites (limite 4), ficou parado 9.4s
[16:58:34.019] INFO      Velocidade: muito rápido (0 sprite(s) na tela) | tecla contínua, previsão 100 ms
[16:58:34.020] DECISÃO   Teclas S | pos (119, 97) -> alvo (118.0, 124.0) | similaridade 1.00 (rastreio)
[16:58:34.603] DECISÃO   Teclas A+S | pos (119, 101) -> alvo (114.51774931717435, 127.78672102980916) | similaridade 1.00 (rastreio)
[16:58:34.800] DECISÃO   Teclas S | pos (117, 103) -> alvo (112.94651796569991, 129.479925399653) | similaridade 1.00 (rastreio)
[16:58:35.256] DETECÇÃO  1 sprite(s) na tela (melhor similaridade 0.98; para com >= 4)
[16:58:35.375] INFO      Velocidade: rápido (1 sprite(s) na tela) | passo de 200 ms, previsão 50 ms
[16:58:36.166] DETECÇÃO  3 sprite(s) na tela (melhor similaridade 0.98; para com >= 4)
[16:58:37.194] DECISÃO   Teclas A+S | pos (117, 111) -> alvo (107.02136547125968, 133.25484783300413) | similaridade 1.00 (rastreio)
[16:58:39.931] DETECÇÃO  4 sprite(s) na tela (melhor similaridade 0.98; para com >= 4)
[16:58:39.980] PAROU     Parou: 4 sprites na tela (limite 4)
[16:58:40.705] TIRO      Tiro inicial: tecla P em (1214, 184) na tela, na sprite mais distante (314 px do pokémon, 4 sprite(s) na tela)
[16:58:40.706] INFO      Shooter ligado: atira com a tecla P na sprite além de 400 px do pokémon que ficar parada por 0.5s (oscilação até 40 px)
[16:58:40.726] DETECÇÃO  Shooter: 0 sprite(s) além de 400 px do pokémon | vigiando
[16:58:40.726] INFO      Shooter: todas as 4 sprite(s) dentro de 400 px; confirmo por 1.5s antes de dar o R
[16:58:41.108] DETECÇÃO  7 sprite(s) na tela (melhor similaridade 0.98; para com >= 4)
[16:58:41.223] TIRO      Vida 94% (≤ 99%): tecla G
[16:58:41.814] DETECÇÃO  Shooter: 3 sprite(s) além de 400 px do pokémon (a mais distante: 988 px) | vigiando
[16:58:41.814] ALERTA    Shooter: apareceu/ficou sprite além de 400 px durante a confirmação; o R NÃO foi dado, espero todas entrarem de novo
[16:58:42.250] DETECÇÃO  Vida do pokémon: 90%
[16:58:42.302] TIRO      Vida 90% (≤ 99%): tecla G
[16:58:43.334] DETECÇÃO  Vida do pokémon: 83%
[16:58:43.387] TIRO      Vida 83% (≤ 88%): tecla F
[16:58:43.778] DETECÇÃO  6 sprite(s) na tela (melhor similaridade 0.98; para com >= 4)
[16:58:44.322] TIRO      Vida 79% (≤ 88%): tecla F
[16:58:44.927] DETECÇÃO  Shooter: 2 sprite(s) além de 400 px do pokémon (a mais distante: 914 px) | vigiando
[16:58:45.352] DETECÇÃO  Vida do pokémon: 77%
[16:58:45.405] TIRO      Vida 77% (≤ 88%): tecla F
[16:58:45.812] DETECÇÃO  5 sprite(s) na tela (melhor similaridade 0.98; para com >= 4)
[16:58:45.867] DETECÇÃO  Shooter: 1 sprite(s) além de 400 px do pokémon (a mais distante: 665 px) | vigiando
[16:58:46.302] DETECÇÃO  Vida do pokémon: 63%
[16:58:46.354] TIRO      Vida 63% (≤ 88%): tecla F
[16:58:46.751] DETECÇÃO  6 sprite(s) na tela (melhor similaridade 0.99; para com >= 4)
[16:58:46.802] DETECÇÃO  Vida do pokémon: 54%
[16:58:47.303] TIRO      Vida 54% (≤ 88%): tecla F
[16:58:47.750] DETECÇÃO  Shooter: 0 sprite(s) além de 400 px do pokémon | vigiando
[16:58:47.752] INFO      Shooter: todas as 6 sprite(s) dentro de 400 px; confirmo por 1.5s antes de dar o R
[16:58:48.256] TIRO      Vida 50% (≤ 88%): tecla F
[16:58:49.306] TIRO      Vida 53% (≤ 88%): tecla F
[16:58:49.322] TIRO      Todas as 6 sprite(s) dentro de 400 px: sequência R (repetido por 1.0s) e, 0.50s depois do R, revive (E)
[16:58:50.152] DETECÇÃO  1 sprite(s) na tela (melhor similaridade 0.97; para com >= 4)
[16:58:50.286] TIRO      Vida 51% (≤ 88%): tecla F
[16:58:50.336] TIRO      Shooter: R apertado 7x em 1.01s
[16:58:50.674] DETECÇÃO  0 sprite(s) na tela (melhor similaridade 0.24; para com >= 4)
[16:58:50.776] TIRO      Vida 51% (≤ 88%): tecla F
[16:58:50.873] TIRO      Revive: toque rápido em E e verifico a foto por 2.5s — tentativa 1/3
[16:58:51.377] DETECÇÃO  Vida do pokémon: 83%
[16:58:51.452] TIRO      Vida 83% (≤ 88%): tecla F
[16:58:51.634] INFO      Revive confirmado: a foto mudou (2.0% dos pixels) após 0.8s e 1 toque(s) no E (E saiu 0.54s depois do R)
[16:58:51.635] INFO      Shooter: procedimento concluído (R repetido + E); o bot volta a andar
[16:58:51.942] DETECÇÃO  Vida do pokémon: 100%
[16:58:51.944] RETOMOU   Voltou a andar: 0 sprites (limite 4), ficou parado 12.0s
[16:58:52.010] INFO      Velocidade: muito rápido (0 sprite(s) na tela) | tecla contínua, previsão 100 ms
[16:58:52.011] DECISÃO   Teclas A+S | pos (111, 119) -> alvo (95.01758107902009, 136.0477195991736) | similaridade 1.00 (rastreio)
[16:58:52.201] BOLA      Shiny (Premier Ball): toque na tecla SPACE em (1309, 240) | similaridade 0.84 | 1.009s depois da captura | ajuste +0,+0 px
[16:58:52.372] BOLA      Shiny (Premier Ball): toque na tecla SPACE em (1127, 148) | similaridade 0.83 | 1.180s depois da captura | ajuste +0,+0 px
[16:58:52.525] BOLA      Shiny (Premier Ball): toque na tecla SPACE em (1218, 240) | similaridade 0.78 | 1.334s depois da captura | ajuste +0,+0 px
[16:58:53.652] BOLA      Shiny (Premier Ball): toque na tecla SPACE em (1207, 160) | similaridade 0.84 | 1.004s depois da captura | ajuste +0,+0 px
[16:58:53.835] BOLA      Shiny (Premier Ball): toque na tecla SPACE em (1298, 160) | similaridade 0.83 | 1.186s depois da captura | ajuste +0,+0 px
[16:58:54.104] DETECÇÃO  1 sprite(s) na tela (melhor similaridade 0.98; para com >= 4)
[16:58:54.208] INFO      Velocidade: rápido (1 sprite(s) na tela) | passo de 200 ms, previsão 50 ms
[16:58:54.209] DECISÃO   Teclas A | pos (103, 127) -> alvo (76.03938816763842, 136.42840156587874) | similaridade 1.00 (rastreio)
[16:58:55.043] DETECÇÃO  3 sprite(s) na tela (melhor similaridade 0.98; para com >= 4)
[16:58:56.927] DETECÇÃO  4 sprite(s) na tela (melhor similaridade 0.99; para com >= 4)
[16:58:56.978] PAROU     Parou: 4 sprites na tela (limite 4)
[16:58:57.661] TIRO      Tiro inicial: tecla P em (548, 620) na tela, na sprite mais distante (627 px do pokémon, 4 sprite(s) na tela)
[16:58:57.662] INFO      Shooter ligado: atira com a tecla P na sprite além de 400 px do pokémon que ficar parada por 0.5s (oscilação até 40 px)
[16:58:57.683] DETECÇÃO  Shooter: 2 sprite(s) além de 400 px do pokémon (a mais distante: 627 px) | vigiando
[16:58:58.077] DETECÇÃO  5 sprite(s) na tela (melhor similaridade 0.99; para com >= 4)
[16:59:00.644] DETECÇÃO  Shooter: 3 sprite(s) além de 400 px do pokémon (a mais distante: 495 px) | vigiando
[16:59:01.667] DETECÇÃO  Shooter: 2 sprite(s) além de 400 px do pokémon (a mais distante: 524 px) | vigiando
[16:59:02.172] TIRO      Vida 97% (≤ 99%): tecla G
[16:59:02.192] DETECÇÃO  Shooter: 1 sprite(s) além de 400 px do pokémon (a mais distante: 407 px) | vigiando
[16:59:02.645] DETECÇÃO  Shooter: 0 sprite(s) além de 400 px do pokémon | vigiando
[16:59:02.645] INFO      Shooter: todas as 5 sprite(s) dentro de 400 px; confirmo por 1.5s antes de dar o R
[16:59:03.122] TIRO      Vida 95% (≤ 99%): tecla G
[16:59:04.086] DETECÇÃO  4 sprite(s) na tela (melhor similaridade 0.98; para com >= 4)
[16:59:04.139] DETECÇÃO  Vida do pokémon: 82%
[16:59:04.192] TIRO      Vida 82% (≤ 88%): tecla F
[16:59:04.212] TIRO      Todas as 4 sprite(s) dentro de 400 px: sequência R (repetido por 1.0s) e, 0.50s depois do R, revive (E)
[16:59:04.687] TIRO      Vida 79% (≤ 88%): tecla F
[16:59:05.216] TIRO      Shooter: R apertado 7x em 1.00s
[16:59:05.714] DETECÇÃO  0 sprite(s) na tela (melhor similaridade 0.22; para com >= 4)
[16:59:05.792] TIRO      Revive: toque rápido em E e verifico a foto por 2.5s — tentativa 1/3
[16:59:05.845] TIRO      Vida 79% (≤ 88%): tecla F
[16:59:06.514] DETECÇÃO  Vida do pokémon: 73%
[16:59:06.517] INFO      Revive confirmado: a foto mudou (1.0% dos pixels) após 0.7s e 1 toque(s) no E (E saiu 0.58s depois do R)
[16:59:06.518] INFO      Shooter: procedimento concluído (R repetido + E); o bot volta a andar
[16:59:06.566] TIRO      Vida 73% (≤ 88%): tecla F
[16:59:07.369] BOLA      Shiny (Premier Ball): toque na tecla SPACE em (396, 513) | similaridade 0.84 | 0.708s depois da captura | ajuste +0,+0 px
[16:59:07.522] BOLA      Shiny (Premier Ball): toque na tecla SPACE em (487, 513) | similaridade 0.83 | 0.861s depois da captura | ajuste +0,+0 px
[16:59:07.585] DETECÇÃO  Vida do pokémon: 100%
[16:59:07.586] RETOMOU   Voltou a andar: 0 sprites (limite 4), ficou parado 10.6s
[16:59:07.633] INFO      Velocidade: muito rápido (0 sprite(s) na tela) | tecla contínua, previsão 100 ms
[16:59:07.633] DECISÃO   Teclas A | pos (93, 127) -> alvo (65.23569877153112, 136.6968385096679) | similaridade 1.00 (rastreio)
[16:59:07.680] BOLA      Shiny (Premier Ball): toque na tecla SPACE em (579, 605) | similaridade 0.82 | 1.019s depois da captura | ajuste +0,+0 px
[16:59:08.564] BOLA      Shiny (Premier Ball): toque na tecla SPACE em (419, 696) | similaridade 0.88 | 0.789s depois da captura | ajuste +0,+0 px
[16:59:08.733] BOLA      Shiny (Premier Ball): toque na tecla SPACE em (510, 513) | similaridade 0.84 | 0.958s depois da captura | ajuste +0,+0 px
[16:59:08.917] BOLA      Shiny (Premier Ball): toque na tecla SPACE em (601, 513) | similaridade 0.81 | 1.142s depois da captura | ajuste +0,+0 px
[16:59:09.903] BOLA      Shiny (Premier Ball): toque na tecla SPACE em (790, 696) | similaridade 0.89 | 0.853s depois da captura | ajuste +0,+0 px
[16:59:09.924] DECISÃO   Teclas A+S | pos (77, 127) -> alvo (54.0, 134.0) | similaridade 1.00 (rastreio)
[16:59:10.370] DETECÇÃO  2 sprite(s) na tela (melhor similaridade 0.98; para com >= 4)
[16:59:10.473] INFO      Velocidade: rápido (2 sprite(s) na tela) | passo de 200 ms, previsão 50 ms
[16:59:10.474] DECISÃO   Teclas A | pos (75, 129) -> alvo (49.764225432117144, 133.30849357243423) | similaridade 1.00 (rastreio)
[16:59:10.751] BOLA      Shiny (Premier Ball): toque na tecla SPACE em (1090, 696) | similaridade 0.85 | 0.734s depois da captura | ajuste +0,+0 px
[16:59:10.904] BOLA      Shiny (Premier Ball): toque na tecla SPACE em (1181, 513) | similaridade 0.84 | 0.888s depois da captura | ajuste +0,+0 px
[16:59:11.058] BOLA      Shiny (Premier Ball): toque na tecla SPACE em (1272, 513) | similaridade 0.84 | 1.041s depois da captura | ajuste +0,+0 px
[16:59:11.673] DECISÃO   Teclas A+S | pos (71, 129) -> alvo (45.24110366978457, 131.4953228034778) | similaridade 1.00 (rastreio)
[16:59:11.829] BOLA      Shiny (Premier Ball): toque na tecla SPACE em (1492, 422) | similaridade 0.88 | 0.684s depois da captura | ajuste +0,+0 px
[16:59:12.005] BOLA      Shiny (Premier Ball): toque na tecla SPACE em (1401, 422) | similaridade 0.86 | 0.861s depois da captura | ajuste +0,+0 px
[16:59:12.135] DETECÇÃO  3 sprite(s) na tela (melhor similaridade 0.98; para com >= 4)
[16:59:12.175] BOLA      Shiny (Premier Ball): toque na tecla SPACE em (1309, 605) | similaridade 0.85 | 1.030s depois da captura | ajuste +0,+0 px
[16:59:12.284] DECISÃO   Teclas A | pos (69, 131) -> alvo (43.227509751612175, 130.35524602588765) | similaridade 1.00 (rastreio)
[16:59:13.010] BOLA      Shiny (Premier Ball): toque na tecla SPACE em (1663, 342) | similaridade 0.86 | 0.752s depois da captura | ajuste +0,+0 px
[16:59:13.226] BOLA      Shiny (Premier Ball): toque na tecla SPACE em (1481, 525) | similaridade 0.85 | 0.968s depois da captura | ajuste +0,+0 px
[16:59:13.735] DETECÇÃO  4 sprite(s) na tela (melhor similaridade 0.99; para com >= 4)
[16:59:13.783] PAROU     Parou: 4 sprites na tela (limite 4)
[16:59:13.988] BOLA      Shiny (Premier Ball): toque na tecla SPACE em (1675, 513) | similaridade 0.81 | 0.679s depois da captura | ajuste +0,+0 px
[16:59:14.494] TIRO      Tiro inicial: tecla P em (526, 164) na tela, na sprite mais distante (716 px do pokémon, 4 sprite(s) na tela)
[16:59:14.494] INFO      Shooter ligado: atira com a tecla P na sprite além de 400 px do pokémon que ficar parada por 0.5s (oscilação até 40 px)
[16:59:14.514] DETECÇÃO  Shooter: 1 sprite(s) além de 400 px do pokémon (a mais distante: 716 px) | vigiando
[16:59:14.894] DETECÇÃO  5 sprite(s) na tela (melhor similaridade 0.98; para com >= 4)
[16:59:14.991] TIRO      Vida 95% (≤ 99%): tecla G
[16:59:15.406] DETECÇÃO  6 sprite(s) na tela (melhor similaridade 0.99; para com >= 4)
[16:59:15.500] TIRO      Vida 95% (≤ 99%): tecla G
[16:59:16.566] TIRO      Vida 95% (≤ 99%): tecla G
[16:59:17.155] DETECÇÃO  Shooter: 3 sprite(s) além de 400 px do pokémon (a mais distante: 543 px) | vigiando
[16:59:17.648] DETECÇÃO  Vida do pokémon: 92%
[16:59:17.701] TIRO      Vida 92% (≤ 99%): tecla G
[16:59:18.274] DETECÇÃO  Shooter: 2 sprite(s) além de 400 px do pokémon (a mais distante: 545 px) | esperando
[16:59:18.404] TIRO      Tecla P em (1022, 438) na tela (+75 px da sprite): sprite a 545 px do pokémon (limite 400), parada há 2.7s. Aguardando todas as sprites entrarem na distância limite
[16:59:18.822] DETECÇÃO  4 sprite(s) na tela (melhor similaridade 0.98; para com >= 4)
[16:59:18.924] TIRO      Vida 90% (≤ 99%): tecla G
[16:59:19.510] DETECÇÃO  Shooter: 0 sprite(s) além de 400 px do pokémon | vigiando
[16:59:19.512] INFO      Shooter: todas as sprites dentro de 400 px; voltou a vigiar
[16:59:19.513] INFO      Shooter: todas as 4 sprite(s) dentro de 400 px; confirmo por 1.5s antes de dar o R
[16:59:19.990] TIRO      Vida 87% (≤ 88%): tecla F
[16:59:20.988] DETECÇÃO  5 sprite(s) na tela (melhor similaridade 0.98; para com >= 4)
[16:59:21.087] TIRO      Vida 87% (≤ 88%): tecla F
[16:59:21.679] DETECÇÃO  Shooter: 2 sprite(s) além de 400 px do pokémon (a mais distante: 550 px) | vigiando
[16:59:21.680] ALERTA    Shooter: apareceu/ficou sprite além de 400 px durante a confirmação; o R NÃO foi dado, espero todas entrarem de novo
[16:59:22.089] DETECÇÃO  6 sprite(s) na tela (melhor similaridade 0.99; para com >= 4)
[16:59:22.143] DETECÇÃO  Vida do pokémon: 85%
[16:59:22.196] TIRO      Vida 85% (≤ 88%): tecla F
[16:59:22.215] DETECÇÃO  Shooter: 1 sprite(s) além de 400 px do pokémon (a mais distante: 529 px) | vigiando
[16:59:22.692] TIRO      Vida 83% (≤ 88%): tecla F
[16:59:23.707] DETECÇÃO  Vida do pokémon: 73%
[16:59:23.758] TIRO      Vida 73% (≤ 88%): tecla F
[16:59:23.776] DETECÇÃO  Shooter: 0 sprite(s) além de 400 px do pokémon | vigiando
[16:59:23.777] INFO      Shooter: todas as 6 sprite(s) dentro de 400 px; confirmo por 1.5s antes de dar o R
[16:59:24.165] DETECÇÃO  7 sprite(s) na tela (melhor similaridade 0.98; para com >= 4)
[16:59:24.262] TIRO      Vida 73% (≤ 88%): tecla F
[16:59:24.281] DETECÇÃO  Shooter: 1 sprite(s) além de 400 px do pokémon (a mais distante: 561 px) | vigiando
[16:59:24.282] ALERTA    Shooter: apareceu/ficou sprite além de 400 px durante a confirmação; o R NÃO foi dado, espero todas entrarem de novo
[16:59:24.690] DETECÇÃO  Vida do pokémon: 56%
[16:59:25.697] DETECÇÃO  6 sprite(s) na tela (melhor similaridade 0.99; para com >= 4)
[16:59:25.795] TIRO      Vida 53% (≤ 88%): tecla F
[16:59:26.349] DETECÇÃO  Shooter: 0 sprite(s) além de 400 px do pokémon | vigiando
[16:59:26.350] INFO      Shooter: todas as 6 sprite(s) dentro de 400 px; confirmo por 1.5s antes de dar o R
[16:59:26.749] DETECÇÃO  7 sprite(s) na tela (melhor similaridade 0.98; para com >= 4)
[16:59:26.845] TIRO      Vida 51% (≤ 88%): tecla F
[16:59:27.236] DETECÇÃO  6 sprite(s) na tela (melhor similaridade 0.98; para com >= 4)
[16:59:27.854] TIRO      Todas as 6 sprite(s) dentro de 400 px: sequência R (repetido por 1.0s) e, 0.50s depois do R, revive (E)
[16:59:28.255] DETECÇÃO  7 sprite(s) na tela (melhor similaridade 0.98; para com >= 4)
[16:59:28.301] DETECÇÃO  Vida do pokémon: 50%
[16:59:28.355] TIRO      Vida 50% (≤ 88%): tecla F
[16:59:28.758] DETECÇÃO  0 sprite(s) na tela (melhor similaridade 0.24; para com >= 4)
[16:59:28.847] TIRO      Vida 50% (≤ 88%): tecla F
[16:59:28.865] TIRO      Shooter: R apertado 7x em 1.01s
[16:59:29.463] TIRO      Revive: toque rápido em E e verifico a foto por 2.5s — tentativa 1/3
[16:59:29.832] DETECÇÃO  Vida do pokémon: 84%
[16:59:29.937] TIRO      Vida 84% (≤ 88%): tecla F
[16:59:30.160] BOLA      Shiny (Premier Ball): toque na tecla SPACE em (944, 422) | similaridade 0.76 | 1.015s depois da captura | ajuste +0,+0 px
[16:59:30.164] INFO      Revive confirmado: a foto mudou (11.1% dos pixels) após 0.7s e 1 toque(s) no E (E saiu 0.60s depois do R)
[16:59:30.166] INFO      Shooter: procedimento concluído (R repetido + E); o bot volta a andar
[16:59:30.313] BOLA      Shiny (Premier Ball): toque na tecla SPACE em (1035, 240) | similaridade 0.75 | 1.168s depois da captura | ajuste +0,+0 px
[16:59:30.444] DETECÇÃO  Vida do pokémon: 100%
[16:59:30.444] RETOMOU   Voltou a andar: 0 sprites (limite 4), ficou parado 16.7s
[16:59:30.509] INFO      Velocidade: muito rápido (0 sprite(s) na tela) | tecla contínua, previsão 100 ms
[16:59:30.510] DECISÃO   Teclas A | pos (63, 131) -> alvo (36.74377363097024, 124.57114771203106) | similaridade 1.00 (rastreio)
[16:59:30.557] BOLA      Shiny (Premier Ball): toque na tecla SPACE em (944, 696) | similaridade 0.75 | 1.411s depois da captura | ajuste +0,+0 px
[16:59:30.757] BOLA      Shiny (Premier Ball): toque na tecla SPACE em (1127, 331) | similaridade 0.72 | 1.611s depois da captura | ajuste +0,+0 px
[16:59:31.277] DECISÃO   Teclas A+W | pos (57, 131) -> alvo (34.620666664677536, 121.01879170692717) | similaridade 1.00 (rastreio)
[16:59:31.758] BOLA      Shiny (Premier Ball): toque na tecla SPACE em (1121, 240) | similaridade 0.89 | 0.916s depois da captura | ajuste +0,+0 px
[16:59:31.938] BOLA      Shiny (Premier Ball): toque na tecla SPACE em (1030, 422) | similaridade 0.85 | 1.095s depois da captura | ajuste +0,+0 px
[16:59:32.143] BOLA      Shiny (Premier Ball): toque na tecla SPACE em (1030, 331) | similaridade 0.84 | 1.300s depois da captura | ajuste +0,+0 px
[16:59:32.306] BOLA      Shiny (Premier Ball): toque na tecla SPACE em (1121, 513) | similaridade 0.82 | 1.463s depois da captura | ajuste +0,+0 px
[16:59:32.461] BOLA      Shiny (Premier Ball): toque na tecla SPACE em (1212, 513) | similaridade 0.81 | 1.618s depois da captura | ajuste +0,+0 px
[16:59:32.623] BOLA      Shiny (Premier Ball): toque na tecla SPACE em (1212, 331) | similaridade 0.79 | 1.780s depois da captura | ajuste +0,+0 px
[16:59:33.559] BOLA      Shiny (Premier Ball): toque na tecla SPACE em (1395, 599) | similaridade 0.89 | 0.857s depois da captura | ajuste +0,+0 px
[16:59:33.726] BOLA      Shiny (Premier Ball): toque na tecla SPACE em (1486, 416) | similaridade 0.86 | 1.024s depois da captura | ajuste +0,+0 px
[16:59:33.890] BOLA      Shiny (Premier Ball): toque na tecla SPACE em (1395, 508) | similaridade 0.86 | 1.189s depois da captura | ajuste +0,+0 px
[16:59:34.044] BOLA      Shiny (Premier Ball): toque na tecla SPACE em (1486, 690) | similaridade 0.83 | 1.343s depois da captura | ajuste +0,+0 px
[16:59:34.241] BOLA      Shiny (Premier Ball): toque na tecla SPACE em (1578, 690) | similaridade 0.82 | 1.539s depois da captura | ajuste +0,+0 px
[16:59:34.409] BOLA      Shiny (Premier Ball): toque na tecla SPACE em (1578, 508) | similaridade 0.78 | 1.707s depois da captura | ajuste +0,+0 px
[16:59:34.672] DETECÇÃO  1 sprite(s) na tela (melhor similaridade 0.98; para com >= 4)
[16:59:34.781] INFO      Velocidade: rápido (1 sprite(s) na tela) | passo de 200 ms, previsão 50 ms
[16:59:35.208] BOLA      Shiny (Premier Ball): toque na tecla SPACE em (1752, 682) | similaridade 0.90 | 0.717s depois da captura | ajuste +0,+0 px
[16:59:35.363] BOLA      Shiny (Premier Ball): toque na tecla SPACE em (1660, 864) | similaridade 0.85 | 0.873s depois da captura | ajuste +0,+0 px
[16:59:35.518] BOLA      Shiny (Premier Ball): toque na tecla SPACE em (1660, 773) | similaridade 0.84 | 1.027s depois da captura | ajuste +0,+0 px
[16:59:35.615] DECISÃO   Teclas W | pos (43, 117) -> alvo (35.31221911391866, 97.64974443196841) | similaridade 1.00 (rastreio)
[16:59:35.697] BOLA      Shiny (Premier Ball): toque na tecla SPACE em (1752, 956) | similaridade 0.83 | 1.206s depois da captura | ajuste +0,+0 px
[16:59:35.850] BOLA      Shiny (Premier Ball): toque na tecla SPACE em (1843, 956) | similaridade 0.82 | 1.359s depois da captura | ajuste +0,+0 px
[16:59:36.003] BOLA      Shiny (Premier Ball): toque na tecla SPACE em (1843, 773) | similaridade 0.80 | 1.513s depois da captura | ajuste +0,+0 px
[16:59:36.909] BOLA      Shiny (Premier Ball): toque na tecla SPACE em (1857, 1055) | similaridade 0.82 | 0.805s depois da captura | ajuste +0,+0 px
[16:59:37.302] DETECÇÃO  2 sprite(s) na tela (melhor similaridade 0.98; para com >= 4)
[16:59:38.256] DETECÇÃO  3 sprite(s) na tela (melhor similaridade 0.98; para com >= 4)
[16:59:39.614] DECISÃO   Teclas A+W | pos (43, 101) -> alvo (34.7880638250147, 82.4064922833533) | similaridade 1.00 (rastreio)
[16:59:40.145] DETECÇÃO  4 sprite(s) na tela (melhor similaridade 0.99; para com >= 4)
[16:59:40.190] PAROU     Parou: 4 sprites na tela (limite 4)
[16:59:40.887] TIRO      Tiro inicial: tecla P em (800, 407) na tela, na sprite mais distante (591 px do pokémon, 4 sprite(s) na tela)
[16:59:40.887] INFO      Shooter ligado: atira com a tecla P na sprite além de 400 px do pokémon que ficar parada por 0.5s (oscilação até 40 px)
[16:59:40.909] DETECÇÃO  Shooter: 1 sprite(s) além de 400 px do pokémon (a mais distante: 591 px) | vigiando
[16:59:41.302] DETECÇÃO  5 sprite(s) na tela (melhor similaridade 0.97; para com >= 4)
[16:59:41.393] TIRO      Vida 98% (≤ 99%): tecla G
[16:59:41.415] DETECÇÃO  Shooter: 0 sprite(s) além de 400 px do pokémon | vigiando
[16:59:41.416] INFO      Shooter: todas as 5 sprite(s) dentro de 400 px; confirmo por 1.5s antes de dar o R
[16:59:41.843] DETECÇÃO  Vida do pokémon: 90%
[16:59:42.260] DETECÇÃO  6 sprite(s) na tela (melhor similaridade 0.98; para com >= 4)
[16:59:42.365] TIRO      Vida 90% (≤ 99%): tecla G
[16:59:42.383] DETECÇÃO  Shooter: 1 sprite(s) além de 400 px do pokémon (a mais distante: 483 px) | vigiando
[16:59:42.384] ALERTA    Shooter: apareceu/ficou sprite além de 400 px durante a confirmação; o R NÃO foi dado, espero todas entrarem de novo
[16:59:42.770] DETECÇÃO  5 sprite(s) na tela (melhor similaridade 0.98; para com >= 4)
[16:59:42.870] TIRO      Vida 90% (≤ 99%): tecla G
[16:59:43.448] DETECÇÃO  Shooter: 2 sprite(s) além de 400 px do pokémon (a mais distante: 428 px) | vigiando
[16:59:43.875] DETECÇÃO  6 sprite(s) na tela (melhor similaridade 0.99; para com >= 4)
[16:59:43.930] DETECÇÃO  Vida do pokémon: 85%
[16:59:43.983] TIRO      Vida 85% (≤ 88%): tecla F
[16:59:44.559] DETECÇÃO  Shooter: 0 sprite(s) além de 400 px do pokémon | vigiando
[16:59:44.560] INFO      Shooter: todas as 6 sprite(s) dentro de 400 px; confirmo por 1.5s antes de dar o R
[16:59:45.048] TIRO      Vida 85% (≤ 88%): tecla F
[16:59:45.549] TIRO      Vida 80% (≤ 88%): tecla F
[16:59:46.107] TIRO      Todas as 6 sprite(s) dentro de 400 px: sequência R (repetido por 1.0s) e, 0.50s depois do R, revive (E)
[16:59:46.567] DETECÇÃO  Vida do pokémon: 79%
[16:59:46.620] TIRO      Vida 79% (≤ 88%): tecla F
[16:59:47.111] TIRO      Shooter: R apertado 7x em 1.00s
[16:59:47.588] DETECÇÃO  1 sprite(s) na tela (melhor similaridade 0.95; para com >= 4)
[16:59:47.668] TIRO      Revive: toque rápido em E e verifico a foto por 2.5s — tentativa 1/3
[16:59:47.721] TIRO      Vida 79% (≤ 88%): tecla F
[16:59:47.944] BOLA      Shiny (Premier Ball): toque na tecla SPACE em (853, 331) | similaridade 0.77 | 0.767s depois da captura | ajuste +0,+0 px
[16:59:48.349] INFO      Revive confirmado: a foto mudou (11.3% dos pixels) após 0.7s e 1 toque(s) no E (E saiu 0.56s depois do R)
[16:59:48.350] INFO      Shooter: procedimento concluído (R repetido + E); o bot volta a andar
[16:59:48.778] BOLA      Shiny (Premier Ball): toque na tecla SPACE em (670, 513) | similaridade 0.87 | 0.724s depois da captura | ajuste +0,+0 px
[16:59:48.933] BOLA      Shiny (Premier Ball): toque na tecla SPACE em (761, 513) | similaridade 0.81 | 0.879s depois da captura | ajuste +0,+0 px
[16:59:49.031] DETECÇÃO  Vida do pokémon: 100%
[16:59:49.033] RETOMOU   Voltou a andar: 1 sprites (limite 4), ficou parado 8.8s
[16:59:49.102] DECISÃO   Teclas W | pos (41, 99) -> alvo (34.368261120246785, 80.93077725134856) | similaridade 1.00 (rastreio)
[16:59:49.829] BOLA      Shiny (Premier Ball): toque na tecla SPACE em (761, 513) | similaridade 0.82 | 0.789s depois da captura | ajuste +0,+0 px
[16:59:50.000] BOLA      Shiny (Premier Ball): toque na tecla SPACE em (761, 605) | similaridade 0.72 | 0.960s depois da captura | ajuste +0,+0 px
[16:59:50.015] DECISÃO   Teclas A+W | pos (41, 95) -> alvo (33.53978326555848, 78.05637611720303) | similaridade 1.00 (rastreio)
[16:59:50.613] DECISÃO   Teclas W | pos (39, 93) -> alvo (32.9123957663555, 75.12478105854052) | similaridade 1.00 (rastreio)
[16:59:51.387] DETECÇÃO  2 sprite(s) na tela (melhor similaridade 0.95; para com >= 4)
[16:59:51.627] BOLA      Shiny (Premier Ball): toque na tecla SPACE em (853, 958) | similaridade 0.79 | 0.677s depois da captura | ajuste +0,+0 px
[16:59:51.795] BOLA      Shiny (Premier Ball): toque na tecla SPACE em (853, 867) | similaridade 0.79 | 0.844s depois da captura | ajuste +0,+0 px
[16:59:52.389] DECISÃO   Teclas A+W | pos (39, 85) -> alvo (32.75307586334097, 70.79510143617965) | similaridade 1.00 (rastreio)
[16:59:52.682] DECISÃO   Teclas W | pos (37, 83) -> alvo (33.931054152851324, 66.8046587978182) | similaridade 1.00 (rastreio)
[16:59:54.139] DETECÇÃO  3 sprite(s) na tela (melhor similaridade 0.98; para com >= 4)
[16:59:55.192] TIRO      Vida 97% (≤ 99%): tecla G
[16:59:55.755] DETECÇÃO  5 sprite(s) na tela (melhor similaridade 0.98; para com >= 4)
[16:59:55.809] DETECÇÃO  Vida do pokémon: 85%
[16:59:55.862] TIRO      Vida 85% (≤ 88%): tecla F
[16:59:55.862] PAROU     Parou: 5 sprites na tela (limite 4)
[16:59:56.426] ALERTA    Shooter: nome do pokémon não encontrado na área de busca; sem ele não dá para medir as distâncias (confira a similaridade mínima).
[16:59:56.427] INFO      Shooter ligado: atira com a tecla P na sprite além de 400 px do pokémon que ficar parada por 0.5s (oscilação até 40 px)
[16:59:57.392] DETECÇÃO  7 sprite(s) na tela (melhor similaridade 0.98; para com >= 4)
[16:59:57.496] TIRO      Vida 82% (≤ 88%): tecla F
[16:59:59.104] TIRO      Vida 80% (≤ 88%): tecla F
[16:59:59.674] ALERTA    Tiro inicial: não consegui mirar em 3.0s (nome do pokémon ou sprites não encontrados); desisti desta parada
[17:00:00.695] DETECÇÃO  Vida do pokémon: 59%
[17:00:00.747] TIRO      Vida 59% (≤ 88%): tecla F
[17:00:01.693] DETECÇÃO  6 sprite(s) na tela (melhor similaridade 0.98; para com >= 4)
[17:00:01.777] DETECÇÃO  Vida do pokémon: 51%
[17:00:01.830] TIRO      Vida 51% (≤ 88%): tecla F
[17:00:02.379] DETECÇÃO  Shooter: 0 sprite(s) além de 400 px do pokémon | vigiando
[17:00:02.380] INFO      Shooter: todas as 6 sprite(s) dentro de 400 px; confirmo por 1.5s antes de dar o R
[17:00:02.866] TIRO      Vida 50% (≤ 88%): tecla F
[17:00:03.810] DETECÇÃO  7 sprite(s) na tela (melhor similaridade 0.98; para com >= 4)
[17:00:03.904] TIRO      Vida 49% (≤ 88%): tecla F
[17:00:03.923] TIRO      Todas as 7 sprite(s) dentro de 400 px: sequência R (repetido por 1.0s) e, 0.50s depois do R, revive (E)
[17:00:04.773] DETECÇÃO  2 sprite(s) na tela (melhor similaridade 0.97; para com >= 4)
[17:00:04.873] TIRO      Vida 48% (≤ 88%): tecla F
[17:00:04.941] TIRO      Shooter: R apertado 7x em 1.02s
[17:00:05.502] TIRO      Revive: toque rápido em E e verifico a foto por 2.5s — tentativa 1/3
[17:00:06.117] DETECÇÃO  Vida do pokémon: 74%
[17:00:06.195] INFO      Revive confirmado: a foto mudou (3.6% dos pixels) após 0.7s e 1 toque(s) no E (E saiu 0.56s depois do R)
[17:00:06.196] INFO      Shooter: procedimento concluído (R repetido + E); o bot volta a andar
[17:00:06.211] TIRO      Vida 74% (≤ 88%): tecla F
[17:00:06.301] BOLA      Shiny (Premier Ball): toque na tecla SPACE em (1035, 696) | similaridade 0.71 | 1.053s depois da captura | ajuste +0,+0 px
[17:00:06.455] BOLA      Shiny (Premier Ball): toque na tecla SPACE em (1035, 605) | similaridade 0.71 | 1.207s depois da captura | ajuste +0,+0 px
[17:00:07.209] BOLA      Shiny (Premier Ball): toque na tecla SPACE em (853, 696) | similaridade 0.83 | 0.670s depois da captura | ajuste +0,+0 px
[17:00:07.213] DETECÇÃO  Vida do pokémon: 100%
[17:00:07.214] RETOMOU   Voltou a andar: 2 sprites (limite 4), ficou parado 11.4s
[17:00:07.262] DECISÃO   Teclas W | pos (37, 73) -> alvo (41.608000457123815, 59.99276245537513) | similaridade 1.00 (rastreio)
[17:00:07.362] BOLA      Shiny (Premier Ball): toque na tecla SPACE em (853, 605) | similaridade 0.79 | 0.823s depois da captura | ajuste +0,+0 px
[17:00:07.517] DECISÃO   Teclas D+W | pos (37, 71) -> alvo (42.65784494785192, 59.50372281568208) | similaridade 1.00 (rastreio)
[17:00:08.245] BOLA      Shiny (Premier Ball): toque na tecla SPACE em (1035, 645) | similaridade 0.76 | 0.808s depois da captura | ajuste +0,+0 px
[17:00:09.197] BOLA      Shiny (Premier Ball): toque na tecla SPACE em (927, 804) | similaridade 0.83 | 0.857s depois da captura | ajuste +0,+0 px
[17:00:09.897] DETECÇÃO  0 sprite(s) na tela (melhor similaridade 0.22; para com >= 4)
[17:00:10.009] INFO      Velocidade: muito rápido (0 sprite(s) na tela) | tecla contínua, previsão 100 ms
[17:00:10.129] BOLA      Shiny (Premier Ball): toque na tecla SPACE em (650, 899) | similaridade 0.83 | 0.821s depois da captura | ajuste +0,+0 px
[17:00:10.315] BOLA      Shiny (Premier Ball): toque na tecla SPACE em (833, 899) | similaridade 0.81 | 1.007s depois da captura | ajuste +0,+0 px
[17:00:10.535] BOLA      Shiny (Premier Ball): toque na tecla SPACE em (741, 898) | similaridade 0.80 | 1.226s depois da captura | ajuste +0,+0 px
[17:00:11.375] DETECÇÃO  1 sprite(s) na tela (melhor similaridade 0.98; para com >= 4)
[17:00:11.487] INFO      Velocidade: rápido (1 sprite(s) na tela) | passo de 200 ms, previsão 50 ms
[17:00:11.803] DECISÃO   Teclas W | pos (51, 57) -> alvo (56.0, 44.0) | similaridade 1.00 (rastreio)
[17:00:12.285] DETECÇÃO  2 sprite(s) na tela (melhor similaridade 0.99; para com >= 4)
[17:00:12.373] TIRO      Vida 98% (≤ 99%): tecla G
[17:00:12.720] DECISÃO   Teclas D+W | pos (51, 55) -> alvo (57.07373934681647, 39.699981207967355) | similaridade 1.00 (rastreio)
[17:00:13.291] TIRO      Vida 98% (≤ 99%): tecla G
[17:00:13.393] DECISÃO   Teclas W | pos (53, 53) -> alvo (60.545620993531976, 33.62685124522484) | similaridade 1.00 (rastreio)
[17:00:13.892] DETECÇÃO  3 sprite(s) na tela (melhor similaridade 0.98; para com >= 4)
[17:00:13.998] TIRO      Vida 95% (≤ 99%): tecla G
[17:00:14.054] DECISÃO   Teclas D+W | pos (53, 51) -> alvo (63.84170489856807, 29.940524111835973) | similaridade 1.00 (rastreio)
[17:00:14.660] TIRO      Vida 95% (≤ 99%): tecla G
[17:00:15.228] DETECÇÃO  4 sprite(s) na tela (melhor similaridade 0.98; para com >= 4)
[17:00:15.331] TIRO      Vida 95% (≤ 99%): tecla G
[17:00:15.332] PAROU     Parou: 4 sprites na tela (limite 4)
[17:00:15.993] TIRO      Tiro inicial: tecla P em (994, 421) na tela, na sprite mais distante (543 px do pokémon, 4 sprite(s) na tela)
[17:00:15.994] INFO      Shooter ligado: atira com a tecla P na sprite além de 400 px do pokémon que ficar parada por 0.5s (oscilação até 40 px)
[17:00:16.012] DETECÇÃO  Shooter: 2 sprite(s) além de 400 px do pokémon (a mais distante: 543 px) | vigiando
[17:00:16.452] DETECÇÃO  5 sprite(s) na tela (melhor similaridade 0.99; para com >= 4)
[17:00:16.512] DETECÇÃO  Vida do pokémon: 94%
[17:00:16.564] TIRO      Vida 94% (≤ 99%): tecla G
[17:00:16.583] DETECÇÃO  Shooter: 1 sprite(s) além de 400 px do pokémon (a mais distante: 439 px) | vigiando
[17:00:17.979] DETECÇÃO  6 sprite(s) na tela (melhor similaridade 0.98; para com >= 4)
[17:00:18.081] TIRO      Vida 94% (≤ 99%): tecla G
[17:00:18.646] DETECÇÃO  Shooter: 2 sprite(s) além de 400 px do pokémon (a mais distante: 656 px) | vigiando
[17:00:19.098] DETECÇÃO  Vida do pokémon: 79%
[17:00:19.152] TIRO      Vida 79% (≤ 88%): tecla F
[17:00:19.171] DETECÇÃO  Shooter: 1 sprite(s) além de 400 px do pokémon (a mais distante: 489 px) | vigiando
[17:00:19.541] DETECÇÃO  7 sprite(s) na tela (melhor similaridade 0.98; para com >= 4)
[17:00:20.179] DETECÇÃO  Shooter: 2 sprite(s) além de 400 px do pokémon (a mais distante: 462 px) | vigiando
[17:00:20.598] DETECÇÃO  5 sprite(s) na tela (melhor similaridade 0.98; para com >= 4)
[17:00:20.651] DETECÇÃO  Vida do pokémon: 39%
[17:00:20.703] TIRO      Vida 39% (≤ 45%): tecla C
[17:00:20.722] DETECÇÃO  Shooter: 0 sprite(s) além de 400 px do pokémon | vigiando
[17:00:20.723] INFO      Shooter: todas as 5 sprite(s) dentro de 400 px; confirmo por 1.5s antes de dar o R
[17:00:21.121] DETECÇÃO  6 sprite(s) na tela (melhor similaridade 0.99; para com >= 4)
[17:00:21.167] DETECÇÃO  Vida do pokémon: 94%
[17:00:21.222] TIRO      Vida 94% (≤ 99%): tecla G
[17:00:22.283] TIRO      Vida 90% (≤ 99%): tecla G
[17:00:22.300] TIRO      Todas as 6 sprite(s) dentro de 400 px: sequência R (repetido por 1.0s) e, 0.50s depois do R, revive (E)
[17:00:22.694] DETECÇÃO  7 sprite(s) na tela (melhor similaridade 0.98; para com >= 4)
[17:00:22.788] TIRO      Vida 90% (≤ 99%): tecla G
[17:00:23.180] DETECÇÃO  1 sprite(s) na tela (melhor similaridade 0.98; para com >= 4)
[17:00:23.311] TIRO      Shooter: R apertado 7x em 1.01s
[17:00:23.721] BOLA      Normal (Ultra Ball): toque na tecla T em (1115, 496) | similaridade 0.89 | 0.412s depois da captura | ajuste +0,+0 px
[17:00:23.871] TIRO      Revive: toque rápido em E e verifico a foto por 2.5s — tentativa 1/3
[17:00:24.352] DETECÇÃO  Vida do pokémon: 63%
[17:00:24.404] TIRO      Vida 63% (≤ 88%): tecla F
[17:00:24.995] BOLA      Shiny (Premier Ball): toque na tecla SPACE em (1035, 422) | similaridade 0.85 | 0.837s depois da captura | ajuste +0,+0 px
[17:00:25.113] TIRO      Vida 63% (≤ 88%): tecla F
[17:00:25.962] BOLA      Shiny (Premier Ball): toque na tecla SPACE em (1035, 422) | similaridade 0.87 | 0.871s depois da captura | ajuste +0,+0 px
[17:00:26.133] BOLA      Shiny (Premier Ball): toque na tecla SPACE em (1035, 331) | similaridade 0.86 | 1.042s depois da captura | ajuste +0,+0 px
[17:00:26.381] BOLA      Shiny (Premier Ball): toque na tecla SPACE em (853, 422) | similaridade 0.70 | 1.291s depois da captura | ajuste +0,+0 px
[17:00:26.388] ALERTA    Revive: a foto NÃO mudou em 2.5s (máximo 0.0% dos pixels, mínimo 0.6%): o E não foi usado; tento de novo
[17:00:26.432] TIRO      Revive: toque rápido em E e verifico a foto por 2.5s — tentativa 2/3
[17:00:26.547] TIRO      Vida 63% (≤ 88%): tecla F
[17:00:27.283] BOLA      Shiny (Premier Ball): toque na tecla SPACE em (1035, 422) | similaridade 0.87 | 0.814s depois da captura | ajuste +0,+0 px
[17:00:27.446] BOLA      Shiny (Premier Ball): toque na tecla SPACE em (1035, 331) | similaridade 0.86 | 0.978s depois da captura | ajuste +0,+0 px
[17:00:28.001] TIRO      Vida 63% (≤ 88%): tecla F
[17:00:28.405] BOLA      Shiny (Premier Ball): toque na tecla SPACE em (1035, 422) | similaridade 0.87 | 0.861s depois da captura | ajuste +0,+0 px
[17:00:28.602] BOLA      Shiny (Premier Ball): toque na tecla SPACE em (1035, 331) | similaridade 0.86 | 1.057s depois da captura | ajuste +0,+0 px
[17:00:28.757] ALERTA    Shooter: nome do pokémon não encontrado na área de busca; sem ele não dá para medir as distâncias (confira a similaridade mínima).
[17:00:28.799] BOLA      Shiny (Premier Ball): toque na tecla SPACE em (853, 422) | similaridade 0.77 | 1.255s depois da captura | ajuste +0,+0 px
[17:00:28.934] ALERTA    Revive: a foto NÃO mudou em 2.5s (máximo 0.0% dos pixels, mínimo 0.6%): o E não foi usado; tento de novo
[17:00:28.943] TIRO      Revive: toque rápido em E e verifico a foto por 2.5s — tentativa 3/3
[17:00:29.502] TIRO      Vida 63% (≤ 88%): tecla F
[17:00:29.851] BOLA      Shiny (Premier Ball): toque na tecla SPACE em (1035, 422) | similaridade 0.87 | 0.916s depois da captura | ajuste +0,+0 px
[17:00:30.035] BOLA      Shiny (Premier Ball): toque na tecla SPACE em (1035, 331) | similaridade 0.86 | 1.100s depois da captura | ajuste +0,+0 px
[17:00:30.190] BOLA      Shiny (Premier Ball): toque na tecla SPACE em (853, 422) | similaridade 0.85 | 1.255s depois da captura | ajuste +0,+0 px
[17:00:30.976] TIRO      Vida 63% (≤ 88%): tecla F
[17:00:31.287] BOLA      Shiny (Premier Ball): toque na tecla SPACE em (1035, 422) | similaridade 0.87 | 0.981s depois da captura | ajuste +0,+0 px
[17:00:31.441] BOLA      Shiny (Premier Ball): toque na tecla SPACE em (1035, 331) | similaridade 0.86 | 1.135s depois da captura | ajuste +0,+0 px
[17:00:31.526] ALERTA    Revive: a foto NÃO mudou em 2.5s (máximo 0.0% dos pixels, mínimo 0.6%): o E não foi usado
[17:00:31.527] ALERTA    Revive: a foto NÃO mudou em 3 toque(s) no E (máximo 0.0% dos pixels, mínimo 0.6%). Confira a área da foto e a sensibilidade.
[17:00:31.527] INFO      Shooter: procedimento concluído (R repetido + E); o bot volta a andar
[17:00:31.622] BOLA      Shiny (Premier Ball): toque na tecla SPACE em (853, 422) | similaridade 0.85 | 1.316s depois da captura | ajuste +0,+0 px
[17:00:32.299] TIRO      Vida 63% (≤ 88%): tecla F
[17:00:32.300] RETOMOU   Voltou a andar: 1 sprites (limite 4), ficou parado 17.0s
[17:00:32.359] DECISÃO   Teclas D+W | pos (55, 47) -> alvo (69.91068703497038, 25.850483555701246) | similaridade 1.00 (rastreio)
[17:00:32.469] BOLA      Shiny (Premier Ball): toque na tecla SPACE em (1035, 422) | similaridade 0.87 | 0.756s depois da captura | ajuste +0,+0 px
[17:00:32.689] BOLA      Shiny (Premier Ball): toque na tecla SPACE em (1035, 331) | similaridade 0.86 | 0.977s depois da captura | ajuste +0,+0 px
[17:00:32.843] BOLA      Shiny (Premier Ball): toque na tecla SPACE em (853, 422) | similaridade 0.85 | 1.131s depois da captura | ajuste +0,+0 px
[17:00:33.026] TIRO      Vida 63% (≤ 88%): tecla F
[17:00:33.702] TIRO      Vida 63% (≤ 88%): tecla F
[17:00:33.789] BOLA      Shiny (Premier Ball): toque na tecla SPACE em (1035, 422) | similaridade 0.87 | 0.824s depois da captura | ajuste +0,+0 px
[17:00:33.943] BOLA      Shiny (Premier Ball): toque na tecla SPACE em (1035, 331) | similaridade 0.86 | 0.978s depois da captura | ajuste +0,+0 px
[17:00:34.097] BOLA      Shiny (Premier Ball): toque na tecla SPACE em (853, 422) | similaridade 0.85 | 1.133s depois da captura | ajuste +0,+0 px
[17:00:34.350] TIRO      Vida 63% (≤ 88%): tecla F
[17:00:34.853] BOLA      Shiny (Premier Ball): toque na tecla SPACE em (1035, 422) | similaridade 0.87 | 0.676s depois da captura | ajuste +0,+0 px
[17:00:34.977] TIRO      Vida 63% (≤ 88%): tecla F
[17:00:35.021] BOLA      Shiny (Premier Ball): toque na tecla SPACE em (1035, 331) | similaridade 0.86 | 0.844s depois da captura | ajuste +0,+0 px
[17:00:35.024] TRAVADO   Seta sem sair do lugar há 2500 ms; tentativa alternativa nº 1
[17:00:35.025] DECISÃO   Teclas W | pos (55, 47) -> alvo (69.91068703497038, 25.850483555701246) | similaridade 1.00 (rastreio)
[17:00:35.176] BOLA      Shiny (Premier Ball): toque na tecla SPACE em (853, 422) | similaridade 0.85 | 0.999s depois da captura | ajuste +0,+0 px
[17:00:35.951] TIRO      Vida 63% (≤ 88%): tecla F
[17:00:36.041] BOLA      Shiny (Premier Ball): toque na tecla SPACE em (1035, 422) | similaridade 0.87 | 0.730s depois da captura | ajuste +0,+0 px
[17:00:36.199] BOLA      Shiny (Premier Ball): toque na tecla SPACE em (1035, 331) | similaridade 0.86 | 0.888s depois da captura | ajuste +0,+0 px
[17:00:36.366] BOLA      Shiny (Premier Ball): toque na tecla SPACE em (853, 422) | similaridade 0.85 | 1.055s depois da captura | ajuste +0,+0 px
[17:00:36.635] TIRO      Vida 63% (≤ 88%): tecla F
[17:00:37.008] INFO      Bot DESATIVADO
[17:03:57.512] INFO      Pokeball: perfis ativos: Normal (Ultra Ball) → T (prioridade 1); Shiny (Premier Ball) → SPACE (prioridade 2)
[17:03:57.951] BOLA      Normal (Ultra Ball): toque na tecla T em (1389, 587) | similaridade 0.87 | 0.398s depois da captura | ajuste +0,+0 px
[17:03:58.105] BOLA      Normal (Ultra Ball): toque na tecla T em (1206, 496) | similaridade 0.83 | 0.552s depois da captura | ajuste +0,+0 px
[17:03:58.524] BOLA      Shiny (Premier Ball): toque na tecla SPACE em (1218, 696) | similaridade 0.90 | 0.972s depois da captura | ajuste +0,+0 px
[17:03:58.700] BOLA      Shiny (Premier Ball): toque na tecla SPACE em (1309, 513) | similaridade 0.86 | 1.148s depois da captura | ajuste +0,+0 px
[17:03:58.854] BOLA      Shiny (Premier Ball): toque na tecla SPACE em (1492, 513) | similaridade 0.85 | 1.301s depois da captura | ajuste +0,+0 px
[17:03:59.007] BOLA      Shiny (Premier Ball): toque na tecla SPACE em (1127, 696) | similaridade 0.85 | 1.455s depois da captura | ajuste +0,+0 px
[17:03:59.161] BOLA      Shiny (Premier Ball): toque na tecla SPACE em (1127, 513) | similaridade 0.83 | 1.609s depois da captura | ajuste +0,+0 px
[17:03:59.315] BOLA      Shiny (Premier Ball): toque na tecla SPACE em (1127, 787) | similaridade 0.81 | 1.762s depois da captura | ajuste +0,+0 px
[17:03:59.468] BOLA      Shiny (Premier Ball): toque na tecla SPACE em (1218, 605) | similaridade 0.81 | 1.915s depois da captura | ajuste +0,+0 px
[17:03:59.946] BOLA      Normal (Ultra Ball): toque na tecla T em (1206, 496) | similaridade 0.83 | 0.391s depois da captura | ajuste +0,+0 px
[17:04:00.503] BOLA      Shiny (Premier Ball): toque na tecla SPACE em (1492, 513) | similaridade 0.85 | 0.948s depois da captura | ajuste +0,+0 px
[17:04:00.654] BOLA      Shiny (Premier Ball): toque na tecla SPACE em (1127, 513) | similaridade 0.83 | 1.099s depois da captura | ajuste +0,+0 px
[17:04:00.806] BOLA      Shiny (Premier Ball): toque na tecla SPACE em (1401, 513) | similaridade 0.80 | 1.251s depois da captura | ajuste +0,+0 px
[17:04:01.504] BOLA      Shiny (Premier Ball): toque na tecla SPACE em (1218, 605) | similaridade 0.86 | 0.613s depois da captura | ajuste +0,+0 px
[17:04:01.656] BOLA      Shiny (Premier Ball): toque na tecla SPACE em (1127, 513) | similaridade 0.84 | 0.765s depois da captura | ajuste +0,+0 px
[17:04:02.350] BOLA      Shiny (Premier Ball): toque na tecla SPACE em (1127, 513) | similaridade 0.84 | 0.611s depois da captura | ajuste +0,+0 px
[17:04:15.652] INFO      ===== Sessão iniciada em 03/10/2026 17:04:15 =====
[17:04:15.653] INFO      Bot ATIVADO
[17:04:15.654] INFO      Envio de teclas: pyautogui | movimento por WASD
[17:04:15.690] INFO      Seta localizada pela sprite da seta (12x12px, similaridade mínima 0.75)
[17:04:15.691] INFO      Mapa completo 149x160: 37% corredor, 63% obstáculo, 0% sem marcar (conta como obstáculo)
[17:04:15.692] INFO      Rota calculada: 180 pontos, sentido horário, curvas abertas em 85% do corredor
[17:04:15.692] INFO      Tolerância de travamento: 2500 ms sem a seta sair do lugar
[17:04:15.693] INFO      Detecção de sprites ligada: parar com >= 4 (limiar 0.9, a cada 0.35s)
[17:04:15.723] INFO      Posição da seta: um recorte de 97px ao redor da seta será comparado com o mapa completo (escala salva 0.5007 (recalibra sozinho se não casar))
[17:04:15.773] INFO      Revive: foto de referência guardada na memória (35x36px)
[17:04:15.833] INFO      Pokeball: perfis ativos: Normal (Ultra Ball) → T (prioridade 1); Shiny (Premier Ball) → SPACE (prioridade 2)
[17:04:16.143] DETECÇÃO  0 sprite(s) na tela (melhor similaridade 0.22; para com >= 4)
[17:04:16.145] INFO      Habilidades por vida ligadas: ≤45% → C, ≤88% → F, ≤99% → G (barra achada pela sprite life bar)
[17:04:16.189] DETECÇÃO  Vida do pokémon: 100%
[17:04:16.252] INFO      Janela que recebe as teclas: 'PokeAlliance - Ze Pilintra'
[17:04:16.284] INFO      Seta localizada no mapa completo em (65, 37), sobre corredor
[17:04:16.285] INFO      Velocidade: muito rápido (0 sprite(s) na tela) | tecla contínua, previsão 100 ms
[17:04:16.286] DECISÃO   Teclas D+W | pos (65, 37) -> alvo (85.27823913915839, 25.98209439136292) | similaridade 1.00 (busca)
[17:04:16.297] INFO      Windows registrou a tecla enviada (pyautogui). Se mesmo assim a janela não reage, ela filtra teclas enviadas por software.
[17:04:16.890] DECISÃO   Teclas D | pos (69, 35) -> alvo (88.8595149402036, 28.338318175244964) | similaridade 1.00 (rastreio)
[17:04:18.224] DETECÇÃO  2 sprite(s) na tela (melhor similaridade 0.98; para com >= 4)
[17:04:18.341] INFO      Velocidade: rápido (2 sprite(s) na tela) | passo de 200 ms, previsão 50 ms
[17:04:19.241] DECISÃO   Teclas D+S | pos (83, 35) -> alvo (102.0, 47.0) | similaridade 1.00 (rastreio)
[17:04:20.038] DETECÇÃO  3 sprite(s) na tela (melhor similaridade 0.98; para com >= 4)
[17:04:21.442] DECISÃO   Teclas D | pos (89, 43) -> alvo (110.66349417282152, 51.22789759784065) | similaridade 1.00 (rastreio)
[17:04:21.947] DETECÇÃO  4 sprite(s) na tela (melhor similaridade 0.98; para com >= 4)
[17:04:21.998] PAROU     Parou: 4 sprites na tela (limite 4)
[17:04:22.671] TIRO      Tiro inicial: tecla P em (1312, 909) na tela, na sprite mais distante (752 px do pokémon, 4 sprite(s) na tela)
[17:04:22.672] INFO      Shooter ligado: atira com a tecla P na sprite além de 400 px do pokémon que ficar parada por 0.5s (oscilação até 40 px)
[17:04:22.692] DETECÇÃO  Shooter: 2 sprite(s) além de 400 px do pokémon (a mais distante: 752 px) | vigiando
[17:04:24.709] DETECÇÃO  Shooter: 0 sprite(s) além de 400 px do pokémon | vigiando
[17:04:24.710] INFO      Shooter: todas as 4 sprite(s) dentro de 400 px; confirmo por 1.5s antes de dar o R
[17:04:25.183] TIRO      Vida 97% (≤ 99%): tecla G
[17:04:26.239] TIRO      Vida 97% (≤ 99%): tecla G
[17:04:26.788] DETECÇÃO  Shooter: 1 sprite(s) além de 400 px do pokémon (a mais distante: 404 px) | vigiando
[17:04:26.789] ALERTA    Shooter: apareceu/ficou sprite além de 400 px durante a confirmação; o R NÃO foi dado, espero todas entrarem de novo
[17:04:27.173] DETECÇÃO  5 sprite(s) na tela (melhor similaridade 0.98; para com >= 4)
[17:04:27.271] TIRO      Vida 98% (≤ 99%): tecla G
[17:04:28.283] DETECÇÃO  Vida do pokémon: 90%
[17:04:28.334] TIRO      Vida 90% (≤ 99%): tecla G
[17:04:28.351] DETECÇÃO  Shooter: 0 sprite(s) além de 400 px do pokémon | vigiando
[17:04:28.352] INFO      Shooter: todas as 5 sprite(s) dentro de 400 px; confirmo por 1.5s antes de dar o R
[17:04:28.843] TIRO      Vida 90% (≤ 99%): tecla G
[17:04:29.913] TIRO      Vida 87% (≤ 88%): tecla F
[17:04:29.937] TIRO      Todas as 5 sprite(s) dentro de 400 px: sequência R (repetido por 1.5s) e, 0.50s depois do R, revive (E)
[17:04:30.423] TIRO      Vida 86% (≤ 88%): tecla F
[17:04:30.838] DETECÇÃO  6 sprite(s) na tela (melhor similaridade 0.98; para com >= 4)
[17:04:30.939] TIRO      Vida 86% (≤ 88%): tecla F
[17:04:31.449] TIRO      Shooter: R apertado 10x em 1.51s
[17:04:31.919] DETECÇÃO  0 sprite(s) na tela (melhor similaridade 0.22; para com >= 4)
[17:04:31.955] DETECÇÃO  Vida do pokémon: 100%
[17:04:32.034] TIRO      Revive: toque rápido em E e verifico a foto por 2.5s — tentativa 1/3
[17:04:32.598] DETECÇÃO  Vida do pokémon: 82%
[17:04:32.681] TIRO      Vida 82% (≤ 88%): tecla F
[17:04:32.738] INFO      Revive confirmado: a foto mudou (2.0% dos pixels) após 0.7s e 1 toque(s) no E (E saiu 0.59s depois do R)
[17:04:32.738] INFO      Shooter: procedimento concluído (R repetido + E); o bot volta a andar
[17:04:32.867] BOLA      Shiny (Premier Ball): toque na tecla SPACE em (1309, 787) | similaridade 0.90 | 0.841s depois da captura | ajuste +0,+0 px
[17:04:33.020] BOLA      Shiny (Premier Ball): toque na tecla SPACE em (1218, 787) | similaridade 0.89 | 0.995s depois da captura | ajuste +0,+0 px
[17:04:33.174] BOLA      Shiny (Premier Ball): toque na tecla SPACE em (1583, 1061) | similaridade 0.87 | 1.149s depois da captura | ajuste +0,+0 px
[17:04:33.338] BOLA      Shiny (Premier Ball): toque na tecla SPACE em (1218, 970) | similaridade 0.85 | 1.312s depois da captura | ajuste +0,+0 px
[17:04:33.504] BOLA      Shiny (Premier Ball): toque na tecla SPACE em (1218, 879) | similaridade 0.74 | 1.479s depois da captura | ajuste +0,+0 px
[17:04:33.740] DETECÇÃO  Vida do pokémon: 100%
[17:04:33.741] RETOMOU   Voltou a andar: 0 sprites (limite 4), ficou parado 11.7s
[17:04:33.803] INFO      Velocidade: muito rápido (0 sprite(s) na tela) | tecla contínua, previsão 100 ms
[17:04:33.804] DECISÃO   Teclas D | pos (89, 43) -> alvo (110.66349417282152, 51.22789759784065) | similaridade 1.00 (rastreio)
[17:04:33.945] DECISÃO   Teclas D+S | pos (91, 43) -> alvo (110.66349417282152, 51.22789759784065) | similaridade 1.00 (rastreio)
[17:04:34.372] BOLA      Shiny (Premier Ball): toque na tecla SPACE em (1218, 970) | similaridade 0.87 | 0.784s depois da captura | ajuste +0,+0 px
[17:04:34.522] DECISÃO   Teclas D | pos (93, 45) -> alvo (114.05795472259011, 53.109285742921955) | similaridade 1.00 (rastreio)
[17:04:34.567] BOLA      Shiny (Premier Ball): toque na tecla SPACE em (1583, 1061) | similaridade 0.87 | 0.979s depois da captura | ajuste +0,+0 px
[17:04:34.764] BOLA      Shiny (Premier Ball): toque na tecla SPACE em (1309, 970) | similaridade 0.84 | 1.176s depois da captura | ajuste +0,+0 px
[17:04:35.248] DECISÃO   Teclas D+S | pos (97, 45) -> alvo (119.24163687066725, 56.56582074632516) | similaridade 1.00 (rastreio)
[17:04:35.688] BOLA      Shiny (Premier Ball): toque na tecla SPACE em (1381, 970) | similaridade 0.90 | 0.827s depois da captura | ajuste +0,+0 px
[17:04:36.530] BOLA      Shiny (Premier Ball): toque na tecla SPACE em (1158, 910) | similaridade 0.94 | 0.758s depois da captura | ajuste +0,+0 px
[17:04:36.786] BOLA      Shiny (Premier Ball): toque na tecla SPACE em (793, 819) | similaridade 0.85 | 1.014s depois da captura | ajuste +0,+0 px
[17:04:37.653] BOLA      Shiny (Premier Ball): toque na tecla SPACE em (569, 504) | similaridade 0.92 | 0.771s depois da captura | ajuste -61,-61 px
[17:04:37.816] BOLA      Shiny (Premier Ball): toque na tecla SPACE em (630, 656) | similaridade 0.88 | 0.934s depois da captura | ajuste +0,+0 px
[17:04:38.022] BOLA      Shiny (Premier Ball): toque na tecla SPACE em (995, 747) | similaridade 0.87 | 1.140s depois da captura | ajuste +0,+0 px
[17:04:38.521] DETECÇÃO  1 sprite(s) na tela (melhor similaridade 0.98; para com >= 4)
[17:04:38.630] INFO      Velocidade: rápido (1 sprite(s) na tela) | passo de 200 ms, previsão 50 ms
[17:04:38.827] BOLA      Shiny (Premier Ball): toque na tecla SPACE em (813, 565) | similaridade 0.90 | 0.710s depois da captura | ajuste +0,+0 px
[17:04:39.724] BOLA      Shiny (Premier Ball): toque na tecla SPACE em (625, 377) | similaridade 0.94 | 0.773s depois da captura | ajuste -65,-65 px
[17:04:40.418] DETECÇÃO  3 sprite(s) na tela (melhor similaridade 0.98; para com >= 4)
[17:04:42.393] DETECÇÃO  4 sprite(s) na tela (melhor similaridade 0.98; para com >= 4)
[17:04:42.432] PAROU     Parou: 4 sprites na tela (limite 4)
[17:04:43.084] TIRO      Tiro inicial: tecla P em (1562, 911) na tela, na sprite mais distante (972 px do pokémon, 4 sprite(s) na tela)
[17:04:43.085] INFO      Shooter ligado: atira com a tecla P na sprite além de 400 px do pokémon que ficar parada por 0.5s (oscilação até 40 px)
[17:04:43.107] DETECÇÃO  Shooter: 1 sprite(s) além de 400 px do pokémon (a mais distante: 972 px) | vigiando
[17:04:44.935] DETECÇÃO  5 sprite(s) na tela (melhor similaridade 0.99; para com >= 4)
[17:04:46.040] TIRO      Vida 98% (≤ 99%): tecla G
[17:04:46.629] DETECÇÃO  Shooter: 2 sprite(s) além de 400 px do pokémon (a mais distante: 523 px) | vigiando
[17:04:47.013] DETECÇÃO  4 sprite(s) na tela (melhor similaridade 0.98; para com >= 4)
[17:04:47.052] DETECÇÃO  Vida do pokémon: 85%
[17:04:47.104] TIRO      Vida 85% (≤ 88%): tecla F
[17:04:47.705] DETECÇÃO  Shooter: 1 sprite(s) além de 400 px do pokémon (a mais distante: 469 px) | vigiando
[17:04:48.104] DETECÇÃO  5 sprite(s) na tela (melhor similaridade 0.98; para com >= 4)
[17:04:48.207] TIRO      Vida 80% (≤ 88%): tecla F
[17:04:48.771] DETECÇÃO  Shooter: 0 sprite(s) além de 400 px do pokémon | vigiando
[17:04:48.772] INFO      Shooter: todas as 5 sprite(s) dentro de 400 px; confirmo por 1.5s antes de dar o R
[17:04:49.220] DETECÇÃO  Vida do pokémon: 50%
[17:04:49.272] TIRO      Vida 50% (≤ 88%): tecla F
[17:04:50.214] DETECÇÃO  6 sprite(s) na tela (melhor similaridade 0.98; para com >= 4)
[17:04:50.313] TIRO      Vida 51% (≤ 88%): tecla F
[17:04:50.860] ALERTA    Shooter: nome do pokémon não encontrado na área de busca; sem ele não dá para medir as distâncias (confira a similaridade mínima).
[17:04:51.266] DETECÇÃO  7 sprite(s) na tela (melhor similaridade 0.98; para com >= 4)
[17:04:51.365] TIRO      Vida 52% (≤ 88%): tecla F
[17:04:51.383] TIRO      Todas as 7 sprite(s) dentro de 400 px: sequência R (repetido por 1.5s) e, 0.50s depois do R, revive (E)
[17:04:51.878] TIRO      Vida 50% (≤ 88%): tecla F
[17:04:52.281] DETECÇÃO  3 sprite(s) na tela (melhor similaridade 0.97; para com >= 4)
[17:04:52.383] TIRO      Vida 50% (≤ 88%): tecla F
[17:04:52.898] TIRO      Shooter: R apertado 10x em 1.51s
[17:04:53.246] BOLA      Shiny (Premier Ball): toque na tecla SPACE em (1492, 879) | similaridade 0.76 | 0.720s depois da captura | ajuste +0,+0 px
[17:04:53.350] DETECÇÃO  0 sprite(s) na tela (melhor similaridade 0.22; para com >= 4)
[17:04:53.392] DETECÇÃO  Vida do pokémon: 100%
[17:04:53.453] BOLA      Shiny (Premier Ball): toque na tecla SPACE em (1492, 787) | similaridade 0.74 | 0.927s depois da captura | ajuste +0,+0 px
[17:04:53.461] TIRO      Revive: toque rápido em E e verifico a foto por 2.5s — tentativa 1/3
[17:04:54.147] INFO      Revive confirmado: a foto mudou (2.0% dos pixels) após 0.7s e 1 toque(s) no E (E saiu 0.56s depois do R)
[17:04:54.148] INFO      Shooter: procedimento concluído (R repetido + E); o bot volta a andar
[17:04:54.389] BOLA      Shiny (Premier Ball): toque na tecla SPACE em (1675, 787) | similaridade 0.87 | 0.836s depois da captura | ajuste +0,+0 px
[17:04:54.542] BOLA      Shiny (Premier Ball): toque na tecla SPACE em (1583, 787) | similaridade 0.87 | 0.990s depois da captura | ajuste +0,+0 px
[17:04:54.659] RETOMOU   Voltou a andar: 0 sprites (limite 4), ficou parado 12.2s
[17:04:54.708] INFO      Velocidade: muito rápido (0 sprite(s) na tela) | tecla contínua, previsão 100 ms
[17:04:54.708] DECISÃO   Teclas D+S | pos (117, 65) -> alvo (129.36809781653074, 83.60538692578604) | similaridade 1.00 (rastreio)
[17:04:54.755] BOLA      Shiny (Premier Ball): toque na tecla SPACE em (1492, 970) | similaridade 0.87 | 1.202s depois da captura | ajuste +0,+0 px
[17:04:54.909] DECISÃO   Teclas S | pos (119, 67) -> alvo (127.91525044831515, 87.30302204240365) | similaridade 1.00 (rastreio)
[17:04:54.954] BOLA      Shiny (Premier Ball): toque na tecla SPACE em (1675, 1061) | similaridade 0.82 | 1.401s depois da captura | ajuste +0,+0 px
[17:04:55.039] DECISÃO   Teclas D+S | pos (119, 67) -> alvo (127.91525044831515, 87.30302204240365) | similaridade 1.00 (rastreio)
[17:04:55.499] DECISÃO   Teclas S | pos (121, 69) -> alvo (126.88745213160183, 88.77380171960996) | similaridade 1.00 (rastreio)
[17:04:55.943] BOLA      Shiny (Premier Ball): toque na tecla SPACE em (1535, 921) | similaridade 0.85 | 0.893s depois da captura | ajuste +0,+0 px
[17:04:56.122] BOLA      Shiny (Premier Ball): toque na tecla SPACE em (1626, 1013) | similaridade 0.83 | 1.072s depois da captura | ajuste +0,+0 px
[17:04:57.044] BOLA      Shiny (Premier Ball): toque na tecla SPACE em (1437, 618) | similaridade 0.87 | 0.827s depois da captura | ajuste -55,-115 px
[17:04:57.244] BOLA      Shiny (Premier Ball): toque na tecla SPACE em (1401, 642) | similaridade 0.86 | 1.026s depois da captura | ajuste +0,+0 px
[17:04:57.592] DETECÇÃO  1 sprite(s) na tela (melhor similaridade 0.98; para com >= 4)
[17:04:57.707] INFO      Velocidade: rápido (1 sprite(s) na tela) | passo de 200 ms, previsão 50 ms
[17:04:58.166] BOLA      Shiny (Premier Ball): toque na tecla SPACE em (1492, 223) | similaridade 0.86 | 0.826s depois da captura | ajuste +0,-148 px
[17:04:58.324] BOLA      Shiny (Premier Ball): toque na tecla SPACE em (1401, 280) | similaridade 0.83 | 0.984s depois da captura | ajuste +0,+0 px
[17:04:58.510] DETECÇÃO  2 sprite(s) na tela (melhor similaridade 0.98; para com >= 4)
[17:04:59.403] DETECÇÃO  3 sprite(s) na tela (melhor similaridade 0.98; para com >= 4)
[17:04:59.833] DECISÃO   Teclas A+S | pos (121, 93) -> alvo (117.93130588320889, 121.7452762420274) | similaridade 1.00 (rastreio)
[17:05:00.447] DECISÃO   Teclas S | pos (119, 95) -> alvo (118.0, 124.0) | similaridade 1.00 (rastreio)
[17:05:01.272] DETECÇÃO  2 sprite(s) na tela (melhor similaridade 0.98; para com >= 4)
[17:05:01.705] DECISÃO   Teclas A+S | pos (119, 101) -> alvo (114.51774931717435, 127.78672102980916) | similaridade 1.00 (rastreio)
[17:05:02.338] DECISÃO   Teclas S | pos (117, 103) -> alvo (112.94651796569991, 129.479925399653) | similaridade 1.00 (rastreio)
[17:05:03.149] DETECÇÃO  3 sprite(s) na tela (melhor similaridade 0.98; para com >= 4)
[17:05:03.239] TIRO      Vida 97% (≤ 99%): tecla G
[17:05:03.780] DETECÇÃO  5 sprite(s) na tela (melhor similaridade 0.98; para com >= 4)
[17:05:03.819] DETECÇÃO  Vida do pokémon: 85%
[17:05:03.872] TIRO      Vida 85% (≤ 88%): tecla F
[17:05:03.873] PAROU     Parou: 5 sprites na tela (limite 4)
[17:05:04.576] TIRO      Tiro inicial: tecla P em (1050, 832) na tela, na sprite mais distante (403 px do pokémon, 5 sprite(s) na tela)
[17:05:04.577] INFO      Shooter ligado: atira com a tecla P na sprite além de 400 px do pokémon que ficar parada por 0.5s (oscilação até 40 px)
[17:05:04.594] DETECÇÃO  Shooter: 1 sprite(s) além de 400 px do pokémon (a mais distante: 403 px) | vigiando
[17:05:05.016] DETECÇÃO  7 sprite(s) na tela (melhor similaridade 0.98; para com >= 4)
[17:05:05.113] TIRO      Vida 83% (≤ 88%): tecla F
[17:05:06.180] TIRO      Vida 83% (≤ 88%): tecla F
[17:05:06.755] DETECÇÃO  Shooter: 5 sprite(s) além de 400 px do pokémon (a mais distante: 666 px) | vigiando
[17:05:07.239] TIRO      Vida 82% (≤ 88%): tecla F
[17:05:07.256] DETECÇÃO  Shooter: 3 sprite(s) além de 400 px do pokémon (a mais distante: 689 px) | esperando
[17:05:07.385] TIRO      Tecla P em (868, 255) na tela (+75 px da sprite): sprite a 689 px do pokémon (limite 400), parada há 2.7s. Aguardando todas as sprites entrarem na distância limite
[17:05:07.813] DETECÇÃO  Vida do pokémon: 79%
[17:05:07.864] TIRO      Vida 79% (≤ 88%): tecla F
[17:05:08.499] DETECÇÃO  Shooter: 2 sprite(s) além de 400 px do pokémon (a mais distante: 587 px) | esperando
[17:05:08.887] DETECÇÃO  8 sprite(s) na tela (melhor similaridade 0.98; para com >= 4)
[17:05:08.976] TIRO      Vida 79% (≤ 88%): tecla F
[17:05:09.566] DETECÇÃO  Shooter: 1 sprite(s) além de 400 px do pokémon (a mais distante: 482 px) | vigiando
[17:05:09.567] ALERTA    Shooter: passaram 2s e ainda há sprite além de 400 px; voltou a vigiar (ela precisa ficar parada de novo para receber outro tiro)
[17:05:10.068] TIRO      Vida 76% (≤ 88%): tecla F
[17:05:10.636] DETECÇÃO  Shooter: 0 sprite(s) além de 400 px do pokémon | vigiando
[17:05:10.637] INFO      Shooter: todas as 8 sprite(s) dentro de 400 px; confirmo por 1.5s antes de dar o R
[17:05:11.095] DETECÇÃO  Vida do pokémon: 74%
[17:05:11.148] TIRO      Vida 74% (≤ 88%): tecla F
[17:05:12.230] DETECÇÃO  Vida do pokémon: 66%
[17:05:12.287] TIRO      Vida 66% (≤ 88%): tecla F
[17:05:12.310] TIRO      Todas as 8 sprite(s) dentro de 400 px: sequência R (repetido por 1.5s) e, 0.50s depois do R, revive (E)
[17:05:13.702] DETECÇÃO  1 sprite(s) na tela (melhor similaridade 0.97; para com >= 4)
[17:05:13.799] TIRO      Vida 63% (≤ 88%): tecla F
[17:05:13.821] TIRO      Shooter: R apertado 10x em 1.51s
[17:05:14.139] BOLA      Shiny (Premier Ball): toque na tecla SPACE em (579, 422) | similaridade 0.73 | 0.686s depois da captura | ajuste +0,+0 px
[17:05:14.267] DETECÇÃO  Vida do pokémon: 100%
[17:05:14.381] TIRO      Revive: toque rápido em E e verifico a foto por 2.5s — tentativa 1/3
[17:05:14.936] DETECÇÃO  Vida do pokémon: 78%
[17:05:15.025] TIRO      Vida 78% (≤ 88%): tecla F
[17:05:15.078] INFO      Revive confirmado: a foto mudou (1.0% dos pixels) após 0.7s e 1 toque(s) no E (E saiu 0.56s depois do R)
[17:05:15.079] INFO      Shooter: procedimento concluído (R repetido + E); o bot volta a andar
[17:05:16.011] BOLA      Shiny (Premier Ball): toque na tecla SPACE em (944, 331) | similaridade 0.89 | 0.694s depois da captura | ajuste +0,+0 px
[17:05:16.083] DETECÇÃO  Vida do pokémon: 100%
[17:05:16.083] RETOMOU   Voltou a andar: 1 sprites (limite 4), ficou parado 12.2s
[17:05:16.145] DECISÃO   Teclas S | pos (117, 109) -> alvo (109.15134992636138, 132.15631006521184) | similaridade 1.00 (rastreio)
[17:05:16.178] BOLA      Shiny (Premier Ball): toque na tecla SPACE em (853, 331) | similaridade 0.82 | 0.862s depois da captura | ajuste +0,+0 px
[17:05:16.331] BOLA      Shiny (Premier Ball): toque na tecla SPACE em (761, 240) | similaridade 0.77 | 1.014s depois da captura | ajuste +0,+0 px
[17:05:16.487] DECISÃO   Teclas A+S | pos (117, 111) -> alvo (107.02136547125968, 133.25484783300413) | similaridade 1.00 (rastreio)
[17:05:17.954] DETECÇÃO  0 sprite(s) na tela (melhor similaridade 0.22; para com >= 4)
[17:05:18.076] INFO      Velocidade: muito rápido (0 sprite(s) na tela) | tecla contínua, previsão 100 ms
[17:05:19.459] DETECÇÃO  2 sprite(s) na tela (melhor similaridade 0.98; para com >= 4)
[17:05:19.633] INFO      Velocidade: rápido (2 sprite(s) na tela) | passo de 200 ms, previsão 50 ms
[17:05:20.597] DECISÃO   Teclas A | pos (105, 127) -> alvo (78.25511593658129, 136.33426461500326) | similaridade 1.00 (rastreio)
[17:05:21.088] DETECÇÃO  4 sprite(s) na tela (melhor similaridade 0.99; para com >= 4)
[17:05:21.138] PAROU     Parou: 4 sprites na tela (limite 4)
[17:05:21.805] TIRO      Tiro inicial: tecla P em (554, 911) na tela, na sprite mais distante (840 px do pokémon, 4 sprite(s) na tela)
[17:05:21.805] INFO      Shooter ligado: atira com a tecla P na sprite além de 400 px do pokémon que ficar parada por 0.5s (oscilação até 40 px)
[17:05:21.825] DETECÇÃO  Shooter: 3 sprite(s) além de 400 px do pokémon (a mais distante: 840 px) | vigiando
[17:05:22.211] DETECÇÃO  6 sprite(s) na tela (melhor similaridade 0.98; para com >= 4)
[17:05:22.732] DETECÇÃO  Shooter: 2 sprite(s) além de 400 px do pokémon (a mais distante: 759 px) | vigiando
[17:05:23.108] DETECÇÃO  7 sprite(s) na tela (melhor similaridade 0.98; para com >= 4)
[17:05:24.828] DETECÇÃO  Shooter: 3 sprite(s) além de 400 px do pokémon (a mais distante: 594 px) | vigiando
[17:05:25.869] DETECÇÃO  Shooter: 5 sprite(s) além de 400 px do pokémon (a mais distante: 727 px) | vigiando
[17:05:26.307] DETECÇÃO  8 sprite(s) na tela (melhor similaridade 0.98; para com >= 4)
[17:05:26.376] DETECÇÃO  Shooter: 4 sprite(s) além de 400 px do pokémon (a mais distante: 616 px) | vigiando
[17:05:26.759] DETECÇÃO  7 sprite(s) na tela (melhor similaridade 0.98; para com >= 4)
[17:05:26.845] TIRO      Vida 97% (≤ 99%): tecla G
[17:05:27.463] DETECÇÃO  Shooter: 2 sprite(s) além de 400 px do pokémon (a mais distante: 531 px) | vigiando
[17:05:27.888] DETECÇÃO  8 sprite(s) na tela (melhor similaridade 0.99; para com >= 4)
[17:05:27.925] DETECÇÃO  Vida do pokémon: 79%
[17:05:27.978] TIRO      Vida 79% (≤ 88%): tecla F
[17:05:27.997] DETECÇÃO  Shooter: 0 sprite(s) além de 400 px do pokémon | vigiando
[17:05:27.998] INFO      Shooter: todas as 8 sprite(s) dentro de 400 px; confirmo por 1.5s antes de dar o R
[17:05:28.484] TIRO      Vida 77% (≤ 88%): tecla F
[17:05:28.507] DETECÇÃO  Shooter: 1 sprite(s) além de 400 px do pokémon (a mais distante: 416 px) | esperando
[17:05:28.620] TIRO      Tecla P em (776, 638) na tela (+75 px da sprite): sprite a 416 px do pokémon (limite 400), parada há 3.2s. Aguardando todas as sprites entrarem na distância limite
[17:05:28.621] ALERTA    Shooter: apareceu/ficou sprite além de 400 px durante a confirmação; o R NÃO foi dado, espero todas entrarem de novo
[17:05:29.084] DETECÇÃO  Vida do pokémon: 73%
[17:05:29.137] TIRO      Vida 73% (≤ 88%): tecla F
[17:05:29.156] DETECÇÃO  Shooter: 0 sprite(s) além de 400 px do pokémon | vigiando
[17:05:29.157] INFO      Shooter: todas as sprites dentro de 400 px; voltou a vigiar
[17:05:29.157] INFO      Shooter: todas as 8 sprite(s) dentro de 400 px; confirmo por 1.5s antes de dar o R
[17:05:29.527] DETECÇÃO  7 sprite(s) na tela (melhor similaridade 0.98; para com >= 4)
[17:05:30.635] DETECÇÃO  Vida do pokémon: 54%
[17:05:30.687] TIRO      Vida 54% (≤ 88%): tecla F
[17:05:31.264] TIRO      Todas as 7 sprite(s) dentro de 400 px: sequência R (repetido por 1.5s) e, 0.50s depois do R, revive (E)
[17:05:31.769] TIRO      Vida 50% (≤ 88%): tecla F
[17:05:32.746] DETECÇÃO  0 sprite(s) na tela (melhor similaridade 0.24; para com >= 4)
[17:05:32.776] TIRO      Shooter: R apertado 10x em 1.51s
[17:05:32.777] BOLA      Normal (Ultra Ball): toque na tecla T em (658, 496) | similaridade 0.74 | 0.434s depois da captura | ajuste +0,+0 px
[17:05:32.834] TIRO      Vida 50% (≤ 88%): tecla F
[17:05:33.352] TIRO      Revive: toque rápido em E e verifico a foto por 2.5s — tentativa 1/3
[17:05:33.356] DETECÇÃO  Vida do pokémon: 100%
[17:05:33.937] DETECÇÃO  Vida do pokémon: 84%
[17:05:34.030] TIRO      Vida 84% (≤ 88%): tecla F
[17:05:34.081] BOLA      Shiny (Premier Ball): toque na tecla SPACE em (487, 605) | similaridade 0.87 | 0.880s depois da captura | ajuste +0,+0 px
[17:05:34.084] INFO      Revive confirmado: a foto mudou (10.1% dos pixels) após 0.7s e 1 toque(s) no E (E saiu 0.58s depois do R)
[17:05:34.085] INFO      Shooter: procedimento concluído (R repetido + E); o bot volta a andar
[17:05:34.244] BOLA      Shiny (Premier Ball): toque na tecla SPACE em (670, 696) | similaridade 0.85 | 1.043s depois da captura | ajuste +0,+0 px
[17:05:34.397] BOLA      Shiny (Premier Ball): toque na tecla SPACE em (853, 787) | similaridade 0.81 | 1.196s depois da captura | ajuste +0,+0 px
[17:05:34.551] BOLA      Shiny (Premier Ball): toque na tecla SPACE em (579, 605) | similaridade 0.75 | 1.350s depois da captura | ajuste +0,+0 px
[17:05:35.037] DETECÇÃO  Vida do pokémon: 100%
[17:05:35.038] RETOMOU   Voltou a andar: 0 sprites (limite 4), ficou parado 13.9s
[17:05:35.106] INFO      Velocidade: muito rápido (0 sprite(s) na tela) | tecla contínua, previsão 100 ms
[17:05:35.107] DECISÃO   Teclas A | pos (105, 127) -> alvo (78.25511593658129, 136.33426461500326) | similaridade 1.00 (rastreio)
[17:05:35.506] BOLA      Shiny (Premier Ball): toque na tecla SPACE em (487, 605) | similaridade 0.87 | 0.870s depois da captura | ajuste +0,+0 px
[17:05:35.659] BOLA      Shiny (Premier Ball): toque na tecla SPACE em (853, 696) | similaridade 0.86 | 1.024s depois da captura | ajuste +0,+0 px
[17:05:35.847] BOLA      Shiny (Premier Ball): toque na tecla SPACE em (761, 696) | similaridade 0.82 | 1.211s depois da captura | ajuste +0,+0 px
[17:05:36.028] BOLA      Shiny (Premier Ball): toque na tecla SPACE em (853, 787) | similaridade 0.81 | 1.392s depois da captura | ajuste +0,+0 px
[17:05:36.973] BOLA      Shiny (Premier Ball): toque na tecla SPACE em (1127, 696) | similaridade 0.86 | 0.857s depois da captura | ajuste +0,+0 px
[17:05:37.131] BOLA      Shiny (Premier Ball): toque na tecla SPACE em (1035, 696) | similaridade 0.82 | 1.016s depois da captura | ajuste +0,+0 px
[17:05:37.314] BOLA      Shiny (Premier Ball): toque na tecla SPACE em (1127, 787) | similaridade 0.81 | 1.199s depois da captura | ajuste +0,+0 px
[17:05:37.720] DETECÇÃO  1 sprite(s) na tela (melhor similaridade 0.98; para com >= 4)
[17:05:37.834] INFO      Velocidade: rápido (1 sprite(s) na tela) | passo de 200 ms, previsão 50 ms
[17:05:38.244] BOLA      Shiny (Premier Ball): toque na tecla SPACE em (1552, 696) | similaridade 0.88 | 0.838s depois da captura | ajuste +0,+0 px
[17:05:38.416] BOLA      Shiny (Premier Ball): toque na tecla SPACE em (1187, 605) | similaridade 0.87 | 1.010s depois da captura | ajuste +0,+0 px
[17:05:38.570] BOLA      Shiny (Premier Ball): toque na tecla SPACE em (1369, 605) | similaridade 0.85 | 1.164s depois da captura | ajuste +0,+0 px
[17:05:38.592] DETECÇÃO  2 sprite(s) na tela (melhor similaridade 0.98; para com >= 4)
[17:05:38.731] BOLA      Shiny (Premier Ball): toque na tecla SPACE em (1552, 787) | similaridade 0.82 | 1.324s depois da captura | ajuste +0,+0 px
[17:05:38.885] BOLA      Shiny (Premier Ball): toque na tecla SPACE em (1461, 696) | similaridade 0.82 | 1.478s depois da captura | ajuste +0,+0 px
[17:05:39.676] BOLA      Shiny (Premier Ball): toque na tecla SPACE em (1583, 605) | similaridade 0.87 | 0.682s depois da captura | ajuste +0,+0 px
[17:05:39.820] DECISÃO   Teclas A+S | pos (77, 127) -> alvo (54.0, 134.0) | similaridade 1.00 (rastreio)
[17:05:39.868] BOLA      Shiny (Premier Ball): toque na tecla SPACE em (1766, 605) | similaridade 0.86 | 0.873s depois da captura | ajuste +0,+0 px
[17:05:40.021] BOLA      Shiny (Premier Ball): toque na tecla SPACE em (1857, 696) | similaridade 0.82 | 1.026s depois da captura | ajuste +0,+0 px
[17:05:40.324] DETECÇÃO  4 sprite(s) na tela (melhor similaridade 0.98; para com >= 4)
[17:05:40.375] PAROU     Parou: 4 sprites na tela (limite 4)
[17:05:40.823] BOLA      Shiny (Premier Ball): toque na tecla SPACE em (1766, 605) | similaridade 0.90 | 0.719s depois da captura | ajuste +0,+0 px
[17:05:41.085] TIRO      Tiro inicial: tecla P em (320, 971) na tela, na sprite mais distante (559 px do pokémon, 4 sprite(s) na tela)
[17:05:41.086] INFO      Shooter ligado: atira com a tecla P na sprite além de 400 px do pokémon que ficar parada por 0.5s (oscilação até 40 px)
[17:05:41.106] DETECÇÃO  Shooter: 2 sprite(s) além de 400 px do pokémon (a mais distante: 559 px) | vigiando
[17:05:41.647] TIRO      Vida 97% (≤ 99%): tecla G
[17:05:41.665] DETECÇÃO  Shooter: 0 sprite(s) além de 400 px do pokémon | vigiando
[17:05:41.665] INFO      Shooter: todas as 4 sprite(s) dentro de 400 px; confirmo por 1.5s antes de dar o R
[17:05:42.595] TIRO      Vida 98% (≤ 99%): tecla G
[17:05:43.057] DETECÇÃO  5 sprite(s) na tela (melhor similaridade 0.98; para com >= 4)
[17:05:43.148] TIRO      Vida 98% (≤ 99%): tecla G
[17:05:43.168] DETECÇÃO  Shooter: 1 sprite(s) além de 400 px do pokémon (a mais distante: 527 px) | vigiando
[17:05:43.169] ALERTA    Shooter: apareceu/ficou sprite além de 400 px durante a confirmação; o R NÃO foi dado, espero todas entrarem de novo
[17:05:43.539] DETECÇÃO  6 sprite(s) na tela (melhor similaridade 0.98; para com >= 4)
[17:05:44.166] DETECÇÃO  Shooter: 2 sprite(s) além de 400 px do pokémon (a mais distante: 691 px) | esperando
[17:05:44.280] TIRO      Tecla P em (776, 638) na tela (+75 px da sprite): sprite a 494 px do pokémon (limite 400), parada há 2.5s. Aguardando todas as sprites entrarem na distância limite
[17:05:44.767] TIRO      Vida 95% (≤ 99%): tecla G
[17:05:45.767] DETECÇÃO  Vida do pokémon: 82%
[17:05:45.819] TIRO      Vida 82% (≤ 88%): tecla F
[17:05:46.416] DETECÇÃO  Shooter: 1 sprite(s) além de 400 px do pokémon (a mais distante: 446 px) | vigiando
[17:05:46.417] ALERTA    Shooter: passaram 2s e ainda há sprite além de 400 px; voltou a vigiar (ela precisa ficar parada de novo para receber outro tiro)
[17:05:46.810] DETECÇÃO  5 sprite(s) na tela (melhor similaridade 0.98; para com >= 4)
[17:05:46.903] TIRO      Vida 79% (≤ 88%): tecla F
[17:05:47.484] DETECÇÃO  Shooter: 0 sprite(s) além de 400 px do pokémon | vigiando
[17:05:47.486] INFO      Shooter: todas as 5 sprite(s) dentro de 400 px; confirmo por 1.5s antes de dar o R
[17:05:47.875] DETECÇÃO  7 sprite(s) na tela (melhor similaridade 0.98; para com >= 4)
[17:05:47.916] DETECÇÃO  Vida do pokémon: 60%
[17:05:47.968] TIRO      Vida 60% (≤ 88%): tecla F
[17:05:48.549] DETECÇÃO  Shooter: 1 sprite(s) além de 400 px do pokémon (a mais distante: 739 px) | vigiando
[17:05:48.550] ALERTA    Shooter: apareceu/ficou sprite além de 400 px durante a confirmação; o R NÃO foi dado, espero todas entrarem de novo
[17:05:49.056] TIRO      Vida 59% (≤ 88%): tecla F
[17:05:49.503] DETECÇÃO  Vida do pokémon: 54%
[17:05:49.555] TIRO      Vida 54% (≤ 88%): tecla F
[17:05:51.006] DETECÇÃO  Vida do pokémon: 48%
[17:05:51.061] TIRO      Vida 48% (≤ 88%): tecla F
[17:05:51.663] DETECÇÃO  Shooter: 0 sprite(s) além de 400 px do pokémon | vigiando
[17:05:51.663] INFO      Shooter: todas as 7 sprite(s) dentro de 400 px; confirmo por 1.5s antes de dar o R
[17:05:52.091] DETECÇÃO  Vida do pokémon: 30%
[17:05:52.143] TIRO      Vida 30% (≤ 45%): tecla C
[17:05:52.607] DETECÇÃO  Vida do pokémon: 87%
[17:05:52.660] TIRO      Vida 87% (≤ 88%): tecla F
[17:05:53.173] TIRO      Vida 85% (≤ 88%): tecla F
[17:05:53.191] TIRO      Todas as 7 sprite(s) dentro de 400 px: sequência R (repetido por 1.5s) e, 0.50s depois do R, revive (E)
[17:05:54.125] TIRO      Vida 85% (≤ 88%): tecla F
[17:05:54.526] DETECÇÃO  1 sprite(s) na tela (melhor similaridade 0.97; para com >= 4)
[17:05:54.625] TIRO      Vida 85% (≤ 88%): tecla F
[17:05:54.692] TIRO      Shooter: R apertado 10x em 1.50s
[17:05:55.291] TIRO      Revive: toque rápido em E e verifico a foto por 2.5s — tentativa 1/3
[17:05:55.741] DETECÇÃO  Vida do pokémon: 60%
[17:05:55.836] TIRO      Vida 60% (≤ 88%): tecla F
[17:05:56.019] INFO      Revive confirmado: a foto mudou (10.7% dos pixels) após 0.7s e 1 toque(s) no E (E saiu 0.60s depois do R)
[17:05:56.020] INFO      Shooter: procedimento concluído (R repetido + E); o bot volta a andar
[17:05:56.201] BOLA      Shiny (Premier Ball): toque na tecla SPACE em (761, 787) | similaridade 0.79 | 0.920s depois da captura | ajuste +0,+0 px
[17:05:56.324] DETECÇÃO  Vida do pokémon: 100%
[17:05:56.325] RETOMOU   Voltou a andar: 1 sprites (limite 4), ficou parado 15.9s
[17:05:56.396] DECISÃO   Teclas A+S | pos (77, 127) -> alvo (54.0, 134.0) | similaridade 1.00 (rastreio)
[17:05:57.015] DECISÃO   Teclas A | pos (75, 129) -> alvo (49.764225432117144, 133.30849357243423) | similaridade 1.00 (rastreio)
[17:05:57.135] BOLA      Shiny (Premier Ball): toque na tecla SPACE em (853, 696) | similaridade 0.87 | 0.804s depois da captura | ajuste +0,+0 px
[17:05:57.304] BOLA      Shiny (Premier Ball): toque na tecla SPACE em (853, 605) | similaridade 0.85 | 0.973s depois da captura | ajuste +0,+0 px
[17:05:57.456] BOLA      Shiny (Premier Ball): toque na tecla SPACE em (761, 696) | similaridade 0.75 | 1.125s depois da captura | ajuste +0,+0 px
[17:05:57.622] BOLA      Shiny (Premier Ball): toque na tecla SPACE em (853, 513) | similaridade 0.73 | 1.291s depois da captura | ajuste +0,+0 px
[17:05:58.363] BOLA      Shiny (Premier Ball): toque na tecla SPACE em (1035, 605) | similaridade 0.85 | 0.658s depois da captura | ajuste +0,+0 px
[17:05:58.556] BOLA      Shiny (Premier Ball): toque na tecla SPACE em (1035, 422) | similaridade 0.84 | 0.851s depois da captura | ajuste +0,+0 px
[17:05:58.774] BOLA      Shiny (Premier Ball): toque na tecla SPACE em (1035, 513) | similaridade 0.81 | 1.069s depois da captura | ajuste +0,+0 px
[17:05:59.531] BOLA      Shiny (Premier Ball): toque na tecla SPACE em (1035, 422) | similaridade 0.84 | 0.673s depois da captura | ajuste +0,+0 px
[17:06:00.036] TRAVADO   Seta sem sair do lugar há 2500 ms; tentativa alternativa nº 1
[17:06:00.037] DECISÃO   Teclas A+S | pos (73, 129) -> alvo (47.34284986379561, 132.35958458467442) | similaridade 1.00 (rastreio)
[17:06:00.660] INFO      Seta voltou a se mover (destravou)
[17:06:00.662] DECISÃO   Teclas A | pos (71, 131) -> alvo (45.24110366978457, 131.4953228034778) | similaridade 1.00 (rastreio)
[17:06:02.298] BOLA      Shiny (Premier Ball): toque na tecla SPACE em (1127, 514) | similaridade 0.82 | 0.732s depois da captura | ajuste +0,+0 px
[17:06:03.108] BOLA      Shiny (Premier Ball): toque na tecla SPACE em (1400, 513) | similaridade 0.83 | 0.723s depois da captura | ajuste +91,-0 px
[17:06:03.767] DECISÃO   Teclas A+W | pos (57, 131) -> alvo (34.620666664677536, 121.01879170692717) | similaridade 1.00 (rastreio)
[17:06:03.894] BOLA      Shiny (Premier Ball): toque na tecla SPACE em (1572, 513) | similaridade 0.86 | 0.697s depois da captura | ajuste +0,+0 px
[17:06:04.062] BOLA      Shiny (Premier Ball): toque na tecla SPACE em (1481, 514) | similaridade 0.83 | 0.865s depois da captura | ajuste +0,+0 px
[17:06:04.827] BOLA      Shiny (Premier Ball): toque na tecla SPACE em (1720, 559) | similaridade 0.78 | 0.680s depois da captura | ajuste +0,+0 px
[17:06:05.694] BOLA      Shiny (Premier Ball): toque na tecla SPACE em (1899, 738) | similaridade 0.86 | 0.769s depois da captura | ajuste +65,+65 px
[17:06:07.067] DETECÇÃO  3 sprite(s) na tela (melhor similaridade 0.99; para com >= 4)
[17:06:08.441] TIRO      Vida 97% (≤ 99%): tecla G
[17:06:09.001] DETECÇÃO  4 sprite(s) na tela (melhor similaridade 0.98; para com >= 4)
[17:06:09.095] TIRO      Vida 97% (≤ 99%): tecla G
[17:06:09.095] PAROU     Parou: 4 sprites na tela (limite 4)
[17:06:09.771] TIRO      Tiro inicial: tecla P em (670, 204) na tela, na sprite mais distante (889 px do pokémon, 4 sprite(s) na tela)
[17:06:09.772] INFO      Shooter ligado: atira com a tecla P na sprite além de 400 px do pokémon que ficar parada por 0.5s (oscilação até 40 px)
[17:06:09.791] DETECÇÃO  Shooter: 3 sprite(s) além de 400 px do pokémon (a mais distante: 889 px) | vigiando
[17:06:10.245] DETECÇÃO  Vida do pokémon: 80%
[17:06:10.297] TIRO      Vida 80% (≤ 88%): tecla F
[17:06:10.316] DETECÇÃO  Shooter: 1 sprite(s) além de 400 px do pokémon (a mais distante: 487 px) | vigiando
[17:06:10.842] TIRO      Vida 80% (≤ 88%): tecla F
[17:06:10.867] DETECÇÃO  Shooter: 0 sprite(s) além de 400 px do pokémon | vigiando
[17:06:10.867] INFO      Shooter: todas as 4 sprite(s) dentro de 400 px; confirmo por 1.5s antes de dar o R
[17:06:12.382] TIRO      Vida 79% (≤ 88%): tecla F
[17:06:12.950] TIRO      Todas as 4 sprite(s) dentro de 400 px: sequência R (repetido por 1.5s) e, 0.50s depois do R, revive (E)
[17:06:13.445] TIRO      Vida 79% (≤ 88%): tecla F
[17:06:14.388] DETECÇÃO  2 sprite(s) na tela (melhor similaridade 0.98; para com >= 4)
[17:06:14.459] TIRO      Shooter: R apertado 10x em 1.51s
[17:06:14.483] TIRO      Vida 79% (≤ 88%): tecla F
[17:06:15.016] TIRO      Revive: toque rápido em E e verifico a foto por 2.5s — tentativa 1/3
[17:06:15.713] INFO      Revive confirmado: a foto mudou (3.9% dos pixels) após 0.7s e 1 toque(s) no E (E saiu 0.56s depois do R)
[17:06:15.714] INFO      Shooter: procedimento concluído (R repetido + E); o bot volta a andar
[17:06:15.759] TIRO      Vida 84% (≤ 88%): tecla F
[17:06:15.842] BOLA      Shiny (Premier Ball): toque na tecla SPACE em (853, 148) | similaridade 0.83 | 0.914s depois da captura | ajuste +0,+0 px
[17:06:16.830] DETECÇÃO  Vida do pokémon: 100%
[17:06:16.831] RETOMOU   Voltou a andar: 2 sprites (limite 4), ficou parado 7.7s
[17:06:16.930] DECISÃO   Teclas W | pos (43, 119) -> alvo (34.80952877216193, 99.38472202275818) | similaridade 1.00 (rastreio)
[17:06:17.748] DETECÇÃO  3 sprite(s) na tela (melhor similaridade 0.97; para com >= 4)
[17:06:18.426] DETECÇÃO  1 sprite(s) na tela (melhor similaridade 0.93; para com >= 4)
[17:06:18.647] BOLA      Shiny (Premier Ball): toque na tecla SPACE em (487, 240) | similaridade 0.86 | 0.761s depois da captura | ajuste +0,+0 px
[17:06:19.268] BOLA      Normal (Ultra Ball): toque na tecla T em (841, 430) | similaridade 0.84 | 0.499s depois da captura | ajuste +0,+0 px
[17:06:19.328] DETECÇÃO  0 sprite(s) na tela (melhor similaridade 0.24; para com >= 4)
[17:06:19.433] INFO      Velocidade: muito rápido (0 sprite(s) na tela) | tecla contínua, previsão 100 ms
[17:06:19.600] INFO      Bot DESATIVADO
[17:06:44.126] INFO      ===== Sessão iniciada em 03/10/2026 17:06:44 =====
[17:06:44.127] INFO      Bot ATIVADO
[17:06:44.128] INFO      Envio de teclas: pyautogui | movimento por WASD
[17:06:44.161] INFO      Seta localizada pela sprite da seta (12x12px, similaridade mínima 0.75)
[17:06:44.162] INFO      Mapa completo 149x160: 37% corredor, 63% obstáculo, 0% sem marcar (conta como obstáculo)
[17:06:44.162] INFO      Rota calculada: 180 pontos, sentido horário, curvas abertas em 85% do corredor
[17:06:44.163] INFO      Tolerância de travamento: 2500 ms sem a seta sair do lugar
[17:06:44.163] INFO      Detecção de sprites ligada: parar com >= 4 (limiar 0.9, a cada 0.35s)
[17:06:44.193] INFO      Posição da seta: um recorte de 97px ao redor da seta será comparado com o mapa completo (escala salva 0.5007 (recalibra sozinho se não casar))
[17:06:44.246] INFO      Revive: foto de referência guardada na memória (35x36px)
[17:06:44.287] INFO      Pokeball: perfis ativos: Normal (Ultra Ball) → T (prioridade 1); Shiny (Premier Ball) → SPACE (prioridade 2)
[17:06:44.605] DETECÇÃO  0 sprite(s) na tela (melhor similaridade 0.22; para com >= 4)
[17:06:44.607] INFO      Habilidades por vida ligadas: ≤45% → C, ≤88% → F, ≤99% → G (barra achada pela sprite life bar)
[17:06:44.659] DETECÇÃO  Vida do pokémon: 100%
[17:06:44.723] INFO      Janela que recebe as teclas: 'PokeAlliance - Ze Pilintra'
[17:06:44.753] INFO      Seta localizada no mapa completo em (43, 113), sobre corredor
[17:06:44.754] INFO      Velocidade: muito rápido (0 sprite(s) na tela) | tecla contínua, previsão 100 ms
[17:06:44.755] DECISÃO   Teclas W | pos (43, 113) -> alvo (38.0, 91.0) | similaridade 1.00 (busca)
[17:06:44.767] INFO      Windows registrou a tecla enviada (pyautogui). Se mesmo assim a janela não reage, ela filtra teclas enviadas por software.
[17:06:45.588] DECISÃO   Teclas A+W | pos (45, 109) -> alvo (36.664330167853095, 87.49883624231241) | similaridade 1.00 (rastreio)
[17:06:46.152] BOLA      Shiny (Premier Ball): toque na tecla SPACE em (396, 451) | similaridade 0.90 | 0.798s depois da captura | ajuste +0,+0 px
[17:06:46.280] DECISÃO   Teclas W | pos (43, 105) -> alvo (36.0, 87.0) | similaridade 1.00 (rastreio)
[17:06:46.893] DECISÃO   Teclas A+W | pos (43, 103) -> alvo (35.0, 82.0) | similaridade 1.00 (rastreio)
[17:06:47.013] DECISÃO   Teclas W | pos (43, 103) -> alvo (35.0, 82.0) | similaridade 1.00 (rastreio)
[17:06:47.121] BOLA      Shiny (Premier Ball): toque na tecla SPACE em (481, 778) | similaridade 0.91 | 0.875s depois da captura | ajuste +31,+119 px
[17:06:47.371] DETECÇÃO  1 sprite(s) na tela (melhor similaridade 0.97; para com >= 4)
[17:06:47.475] INFO      Velocidade: rápido (1 sprite(s) na tela) | passo de 200 ms, previsão 50 ms
[17:06:47.476] DECISÃO   Teclas A+W | pos (43, 99) -> alvo (33.899726520576735, 79.2434097962794) | similaridade 1.00 (rastreio)
[17:06:47.924] BOLA      Shiny (Premier Ball): toque na tecla SPACE em (502, 1022) | similaridade 0.85 | 0.691s depois da captura | ajuste +15,+104 px
[17:06:49.249] DETECÇÃO  2 sprite(s) na tela (melhor similaridade 0.98; para com >= 4)
[17:06:49.364] DECISÃO   Teclas W | pos (37, 93) -> alvo (33.19158069485781, 76.59184884683526) | similaridade 1.00 (rastreio)
[17:06:50.192] DETECÇÃO  3 sprite(s) na tela (melhor similaridade 0.97; para com >= 4)
[17:06:52.039] DETECÇÃO  4 sprite(s) na tela (melhor similaridade 0.98; para com >= 4)
[17:06:52.083] PAROU     Parou: 4 sprites na tela (limite 4)
[17:06:52.796] TIRO      Tiro inicial: tecla P em (1324, 244) na tela, na sprite mais distante (659 px do pokémon, 4 sprite(s) na tela)
[17:06:52.797] INFO      Shooter ligado: atira com a tecla P na sprite além de 400 px do pokémon que ficar parada por 0.5s (oscilação até 40 px)
[17:06:52.817] DETECÇÃO  Shooter: 1 sprite(s) além de 400 px do pokémon (a mais distante: 659 px) | vigiando
[17:06:53.213] DETECÇÃO  5 sprite(s) na tela (melhor similaridade 0.99; para com >= 4)
[17:06:53.306] TIRO      Vida 98% (≤ 99%): tecla G
[17:06:54.367] TIRO      Vida 95% (≤ 99%): tecla G
[17:06:54.958] DETECÇÃO  Shooter: 0 sprite(s) além de 400 px do pokémon | vigiando
[17:06:54.959] INFO      Shooter: todas as 5 sprite(s) dentro de 400 px; confirmo por 1.5s antes de dar o R
[17:06:55.420] DETECÇÃO  Vida do pokémon: 94%
[17:06:55.472] TIRO      Vida 94% (≤ 99%): tecla G
[17:06:56.464] DETECÇÃO  6 sprite(s) na tela (melhor similaridade 0.97; para com >= 4)
[17:06:56.556] TIRO      Vida 90% (≤ 99%): tecla G
[17:06:57.146] TIRO      Todas as 6 sprite(s) dentro de 400 px: sequência R (repetido por 1.5s) e, 0.50s depois do R, revive (E)
[17:06:57.591] DETECÇÃO  Vida do pokémon: 85%
[17:06:57.643] TIRO      Vida 85% (≤ 88%): tecla F
[17:06:58.588] DETECÇÃO  1 sprite(s) na tela (melhor similaridade 0.92; para com >= 4)
[17:06:58.649] TIRO      Shooter: R apertado 10x em 1.50s
[17:06:58.691] TIRO      Vida 85% (≤ 88%): tecla F
[17:06:59.194] TIRO      Revive: toque rápido em E e verifico a foto por 2.5s — tentativa 1/3
[17:06:59.343] ALERTA    Shooter: nome do pokémon não encontrado na área de busca; sem ele não dá para medir as distâncias (confira a similaridade mínima).
[17:06:59.840] BOLA      Shiny (Premier Ball): toque na tecla SPACE em (1401, 148) | similaridade 0.82 | 0.900s depois da captura | ajuste +0,+0 px
[17:06:59.918] INFO      Revive confirmado: a foto mudou (2.2% dos pixels) após 0.7s e 1 toque(s) no E (E saiu 0.54s depois do R)
[17:06:59.919] INFO      Shooter: procedimento concluído (R repetido + E); o bot volta a andar
[17:06:59.926] DETECÇÃO  Vida do pokémon: 94%
[17:06:59.978] TIRO      Vida 94% (≤ 99%): tecla G
[17:07:00.017] BOLA      Shiny (Premier Ball): toque na tecla SPACE em (1218, 148) | similaridade 0.81 | 1.077s depois da captura | ajuste +0,+0 px
[17:07:00.171] BOLA      Shiny (Premier Ball): toque na tecla SPACE em (1401, 331) | similaridade 0.72 | 1.231s depois da captura | ajuste +0,+0 px
[17:07:00.968] BOLA      Shiny (Premier Ball): toque na tecla SPACE em (1401, 331) | similaridade 0.91 | 0.713s depois da captura | ajuste +0,+0 px
[17:07:01.025] DETECÇÃO  Vida do pokémon: 99%
[17:07:01.025] RETOMOU   Voltou a andar: 1 sprites (limite 4), ficou parado 8.9s
[17:07:01.088] DECISÃO   Teclas W | pos (37, 81) -> alvo (33.931054152851324, 66.8046587978182) | similaridade 1.00 (rastreio)
[17:07:01.122] BOLA      Shiny (Premier Ball): toque na tecla SPACE em (1401, 148) | similaridade 0.82 | 0.867s depois da captura | ajuste +0,+0 px
[17:07:01.857] DETECÇÃO  2 sprite(s) na tela (melhor similaridade 0.98; para com >= 4)
[17:07:01.904] BOLA      Shiny (Premier Ball): toque na tecla SPACE em (1401, 168) | similaridade 0.83 | 0.701s depois da captura | ajuste +0,+0 px
[17:07:02.572] DETECÇÃO  3 sprite(s) na tela (melhor similaridade 0.98; para com >= 4)
[17:07:02.791] BOLA      Shiny (Premier Ball): toque na tecla SPACE em (1401, 331) | similaridade 0.86 | 0.767s depois da captura | ajuste +0,+0 px
[17:07:02.970] BOLA      Shiny (Premier Ball): toque na tecla SPACE em (1309, 513) | similaridade 0.74 | 0.946s depois da captura | ajuste +0,+0 px
[17:07:02.977] TIRO      Vida 97% (≤ 99%): tecla G
[17:07:03.647] TIRO      Vida 97% (≤ 99%): tecla G
[17:07:03.710] DECISÃO   Teclas D+W | pos (37, 71) -> alvo (42.65784494785192, 59.50372281568208) | similaridade 1.00 (rastreio)
[17:07:03.740] BOLA      Shiny (Premier Ball): toque na tecla SPACE em (1401, 577) | similaridade 0.85 | 0.693s depois da captura | ajuste +0,+69 px
[17:07:03.892] BOLA      Shiny (Premier Ball): toque na tecla SPACE em (1309, 501) | similaridade 0.82 | 0.845s depois da captura | ajuste +0,+85 px
[17:07:04.055] BOLA      Shiny (Premier Ball): toque na tecla SPACE em (1309, 690) | similaridade 0.75 | 1.008s depois da captura | ajuste +0,+0 px
[17:07:04.313] TIRO      Vida 97% (≤ 99%): tecla G
[17:07:04.796] BOLA      Shiny (Premier Ball): toque na tecla SPACE em (1240, 617) | similaridade 0.87 | 0.662s depois da captura | ajuste -18,+52 px
[17:07:04.930] TIRO      Vida 98% (≤ 99%): tecla G
[17:07:04.973] BOLA      Shiny (Premier Ball): toque na tecla SPACE em (1235, 906) | similaridade 0.86 | 0.839s depois da captura | ajuste -23,+67 px
[17:07:05.582] TIRO      Vida 95% (≤ 99%): tecla G
[17:07:05.753] BOLA      Shiny (Premier Ball): toque na tecla SPACE em (1069, 1028) | similaridade 0.87 | 0.702s depois da captura | ajuste -58,+58 px
[17:07:05.943] BOLA      Shiny (Premier Ball): toque na tecla SPACE em (1056, 767) | similaridade 0.86 | 0.892s depois da captura | ajuste -71,+71 px
[17:07:06.097] BOLA      Shiny (Premier Ball): toque na tecla SPACE em (1035, 970) | similaridade 0.85 | 1.046s depois da captura | ajuste +0,+0 px
[17:07:06.247] TIRO      Vida 95% (≤ 99%): tecla G
[17:07:06.829] DETECÇÃO  Vida do pokémon: 86%
[17:07:06.878] BOLA      Shiny (Premier Ball): toque na tecla SPACE em (953, 870) | similaridade 0.85 | 0.692s depois da captura | ajuste +0,+0 px
[17:07:06.881] TIRO      Vida 86% (≤ 88%): tecla F
[17:07:07.497] DETECÇÃO  4 sprite(s) na tela (melhor similaridade 0.99; para com >= 4)
[17:07:07.601] TIRO      Vida 83% (≤ 88%): tecla F
[17:07:07.601] PAROU     Parou: 4 sprites na tela (limite 4)
[17:07:07.682] BOLA      Shiny (Premier Ball): toque na tecla SPACE em (800, 1023) | similaridade 0.86 | 0.717s depois da captura | ajuste -53,+53 px
[17:07:08.308] TIRO      Tiro inicial: tecla P em (1252, 187) na tela, na sprite mais distante (845 px do pokémon, 4 sprite(s) na tela)
[17:07:08.310] INFO      Shooter ligado: atira com a tecla P na sprite além de 400 px do pokémon que ficar parada por 0.5s (oscilação até 40 px)
[17:07:08.332] DETECÇÃO  Shooter: 1 sprite(s) além de 400 px do pokémon (a mais distante: 845 px) | vigiando
[17:07:08.832] TIRO      Vida 83% (≤ 88%): tecla F
[17:07:09.332] TIRO      Vida 83% (≤ 88%): tecla F
[17:07:09.933] DETECÇÃO  Shooter: 0 sprite(s) além de 400 px do pokémon | vigiando
[17:07:09.934] INFO      Shooter: todas as 4 sprite(s) dentro de 400 px; confirmo por 1.5s antes de dar o R
[17:07:10.322] DETECÇÃO  5 sprite(s) na tela (melhor similaridade 0.98; para com >= 4)
[17:07:10.420] TIRO      Vida 83% (≤ 88%): tecla F
[17:07:11.066] DETECÇÃO  Shooter: 1 sprite(s) além de 400 px do pokémon (a mais distante: 890 px) | vigiando
[17:07:11.071] ALERTA    Shooter: apareceu/ficou sprite além de 400 px durante a confirmação; o R NÃO foi dado, espero todas entrarem de novo
[17:07:11.504] DETECÇÃO  Vida do pokémon: 79%
[17:07:11.556] TIRO      Vida 79% (≤ 88%): tecla F
[17:07:12.122] DETECÇÃO  Shooter: 3 sprite(s) além de 400 px do pokémon (a mais distante: 633 px) | vigiando
[17:07:12.642] TIRO      Vida 79% (≤ 88%): tecla F
[17:07:13.242] DETECÇÃO  Shooter: 1 sprite(s) além de 400 px do pokémon (a mais distante: 487 px) | vigiando
[17:07:13.727] TIRO      Vida 77% (≤ 88%): tecla F
[17:07:13.746] DETECÇÃO  Shooter: 0 sprite(s) além de 400 px do pokémon | vigiando
[17:07:13.747] INFO      Shooter: todas as 5 sprite(s) dentro de 400 px; confirmo por 1.5s antes de dar o R
[17:07:14.226] TIRO      Vida 75% (≤ 88%): tecla F
[17:07:15.293] TIRO      Vida 76% (≤ 88%): tecla F
[17:07:15.310] TIRO      Todas as 5 sprite(s) dentro de 400 px: sequência R (repetido por 1.5s) e, 0.50s depois do R, revive (E)
[17:07:15.723] DETECÇÃO  Vida do pokémon: 73%
[17:07:16.128] DETECÇÃO  2 sprite(s) na tela (melhor similaridade 0.98; para com >= 4)
[17:07:16.181] DETECÇÃO  Vida do pokémon: 66%
[17:07:16.234] TIRO      Vida 66% (≤ 88%): tecla F
[17:07:16.612] DETECÇÃO  1 sprite(s) na tela (melhor similaridade 0.96; para com >= 4)
[17:07:16.815] TIRO      Shooter: R apertado 10x em 1.50s
[17:07:17.108] DETECÇÃO  Vida do pokémon: 100%
[17:07:17.379] TIRO      Revive: toque rápido em E e verifico a foto por 2.5s — tentativa 1/3
[17:07:17.644] DETECÇÃO  Vida do pokémon: 72%
[17:07:17.686] BOLA      Shiny (Premier Ball): toque na tecla SPACE em (1401, 240) | similaridade 0.80 | 0.942s depois da captura | ajuste +0,+0 px
[17:07:17.703] TIRO      Vida 72% (≤ 88%): tecla F
[17:07:18.058] INFO      Revive confirmado: a foto mudou (2.5% dos pixels) após 0.7s e 1 toque(s) no E (E saiu 0.56s depois do R)
[17:07:18.059] INFO      Shooter: procedimento concluído (R repetido + E); o bot volta a andar
[17:07:18.196] DETECÇÃO  Vida do pokémon: 100%
[17:07:18.197] RETOMOU   Voltou a andar: 1 sprites (limite 4), ficou parado 10.6s
[17:07:18.258] DECISÃO   Teclas W | pos (51, 59) -> alvo (54.80786438495517, 45.276556542221385) | similaridade 1.00 (rastreio)
[17:07:18.676] BOLA      Shiny (Premier Ball): toque na tecla SPACE em (1401, 240) | similaridade 0.86 | 0.896s depois da captura | ajuste +0,+0 px
[17:07:18.876] BOLA      Shiny (Premier Ball): toque na tecla SPACE em (1309, 240) | similaridade 0.76 | 1.096s depois da captura | ajuste +0,+0 px
[17:07:19.188] DECISÃO   Teclas D+W | pos (51, 55) -> alvo (57.07373934681647, 39.699981207967355) | similaridade 1.00 (rastreio)
[17:07:19.490] DECISÃO   Teclas W | pos (53, 53) -> alvo (60.545620993531976, 33.62685124522484) | similaridade 1.00 (rastreio)
[17:07:19.656] BOLA      Shiny (Premier Ball): toque na tecla SPACE em (1401, 484) | similaridade 0.88 | 0.697s depois da captura | ajuste +0,+62 px
[17:07:19.818] BOLA      Shiny (Premier Ball): toque na tecla SPACE em (1309, 499) | similaridade 0.88 | 0.859s depois da captura | ajuste +0,+77 px
[17:07:19.983] BOLA      Shiny (Premier Ball): toque na tecla SPACE em (1218, 240) | similaridade 0.87 | 1.024s depois da captura | ajuste +0,+0 px
[17:07:20.178] BOLA      Shiny (Premier Ball): toque na tecla SPACE em (1127, 422) | similaridade 0.73 | 1.219s depois da captura | ajuste +0,+0 px
[17:07:20.400] DECISÃO   Teclas D+W | pos (53, 51) -> alvo (63.84170489856807, 29.940524111835973) | similaridade 1.00 (rastreio)
[17:07:21.125] BOLA      Shiny (Premier Ball): toque na tecla SPACE em (1127, 359) | similaridade 0.84 | 0.822s depois da captura | ajuste +0,+0 px
[17:07:21.305] BOLA      Shiny (Premier Ball): toque na tecla SPACE em (1218, 542) | similaridade 0.73 | 1.001s depois da captura | ajuste +0,+0 px
[17:07:22.072] BOLA      Shiny (Premier Ball): toque na tecla SPACE em (1081, 742) | similaridade 0.89 | 0.691s depois da captura | ajuste +0,+0 px
[17:07:22.240] BOLA      Shiny (Premier Ball): toque na tecla SPACE em (898, 650) | similaridade 0.80 | 0.859s depois da captura | ajuste +0,+0 px
[17:07:22.995] BOLA      Shiny (Premier Ball): toque na tecla SPACE em (901, 739) | similaridade 0.91 | 0.676s depois da captura | ajuste +0,+0 px
[17:07:23.161] BOLA      Shiny (Premier Ball): toque na tecla SPACE em (810, 739) | similaridade 0.90 | 0.842s depois da captura | ajuste +0,+0 px
[17:07:23.314] BOLA      Shiny (Premier Ball): toque na tecla SPACE em (992, 921) | similaridade 0.85 | 0.995s depois da captura | ajuste +0,+0 px
[17:07:23.328] DETECÇÃO  2 sprite(s) na tela (melhor similaridade 0.98; para com >= 4)
[17:07:24.166] BOLA      Shiny (Premier Ball): toque na tecla SPACE em (670, 970) | similaridade 0.84 | 0.747s depois da captura | ajuste +0,+0 px
[17:07:24.327] BOLA      Shiny (Premier Ball): toque na tecla SPACE em (670, 879) | similaridade 0.71 | 0.909s depois da captura | ajuste +0,+0 px
[17:07:25.055] BOLA      Shiny (Premier Ball): toque na tecla SPACE em (579, 970) | similaridade 0.88 | 0.644s depois da captura | ajuste +0,+0 px
[17:07:25.101] DETECÇÃO  4 sprite(s) na tela (melhor similaridade 0.99; para com >= 4)
[17:07:25.184] PAROU     Parou: 4 sprites na tela (limite 4)
[17:07:25.907] TIRO      Tiro inicial: tecla P em (1256, 164) na tela, na sprite mais distante (885 px do pokémon, 4 sprite(s) na tela)
[17:07:25.908] INFO      Shooter ligado: atira com a tecla P na sprite além de 400 px do pokémon que ficar parada por 0.5s (oscilação até 40 px)
[17:07:25.926] DETECÇÃO  Shooter: 2 sprite(s) além de 400 px do pokémon (a mais distante: 885 px) | vigiando
[17:07:26.009] BOLA      Shiny (Premier Ball): toque na tecla SPACE em (436, 1104) | similaridade 0.86 | 0.834s depois da captura | ajuste -51,+50 px
[17:07:26.424] DETECÇÃO  Vida do pokémon: 90%
[17:07:26.535] TIRO      Vida 90% (≤ 99%): tecla G
[17:07:26.987] BOLA      Shiny (Premier Ball): toque na tecla SPACE em (487, 1061) | similaridade 0.86 | 0.895s depois da captura | ajuste +0,+0 px
[17:07:27.644] DETECÇÃO  5 sprite(s) na tela (melhor similaridade 0.98; para com >= 4)
[17:07:27.696] DETECÇÃO  Vida do pokémon: 80%
[17:07:27.750] TIRO      Vida 80% (≤ 88%): tecla F
[17:07:28.372] DETECÇÃO  Shooter: 1 sprite(s) além de 400 px do pokémon (a mais distante: 451 px) | vigiando
[17:07:28.871] TIRO      Vida 80% (≤ 88%): tecla F
[17:07:30.024] TIRO      Vida 80% (≤ 88%): tecla F
[17:07:30.631] DETECÇÃO  Shooter: 0 sprite(s) além de 400 px do pokémon | vigiando
[17:07:30.631] INFO      Shooter: todas as 5 sprite(s) dentro de 400 px; confirmo por 1.5s antes de dar o R
[17:07:31.155] TIRO      Vida 79% (≤ 88%): tecla F
[17:07:31.562] DETECÇÃO  6 sprite(s) na tela (melhor similaridade 0.99; para com >= 4)
[17:07:31.662] TIRO      Vida 76% (≤ 88%): tecla F
[17:07:32.338] DETECÇÃO  Shooter: 1 sprite(s) além de 400 px do pokémon (a mais distante: 427 px) | vigiando
[17:07:32.339] ALERTA    Shooter: apareceu/ficou sprite além de 400 px durante a confirmação; o R NÃO foi dado, espero todas entrarem de novo
[17:07:32.794] DETECÇÃO  Vida do pokémon: 59%
[17:07:32.846] TIRO      Vida 59% (≤ 88%): tecla F
[17:07:32.863] DETECÇÃO  Shooter: 0 sprite(s) além de 400 px do pokémon | vigiando
[17:07:32.864] INFO      Shooter: todas as 6 sprite(s) dentro de 400 px; confirmo por 1.5s antes de dar o R
[17:07:33.379] DETECÇÃO  Vida do pokémon: 51%
[17:07:33.431] TIRO      Vida 51% (≤ 88%): tecla F
[17:07:34.479] DETECÇÃO  5 sprite(s) na tela (melhor similaridade 0.99; para com >= 4)
[17:07:34.577] TIRO      Vida 52% (≤ 88%): tecla F
[17:07:34.594] TIRO      Todas as 5 sprite(s) dentro de 400 px: sequência R (repetido por 1.5s) e, 0.50s depois do R, revive (E)
[17:07:35.126] TIRO      Vida 52% (≤ 88%): tecla F
[17:07:36.103] TIRO      Shooter: R apertado 10x em 1.51s
[17:07:36.171] BOLA      Normal (Ultra Ball): toque na tecla T em (1115, 131) | similaridade 0.63 | 0.463s depois da captura | ajuste +0,+0 px
[17:07:36.217] DETECÇÃO  0 sprite(s) na tela (melhor similaridade 0.22; para com >= 4)
[17:07:36.271] DETECÇÃO  Vida do pokémon: 100%
[17:07:36.666] TIRO      Revive: toque rápido em E e verifico a foto por 2.5s — tentativa 1/3
[17:07:36.988] TIRO      Vida 96% (≤ 99%): tecla G
[17:07:37.331] INFO      Revive confirmado: a foto mudou (0.7% dos pixels) após 0.7s e 1 toque(s) no E (E saiu 0.56s depois do R)
[17:07:37.332] INFO      Shooter: procedimento concluído (R repetido + E); o bot volta a andar
[17:07:37.489] BOLA      Shiny (Premier Ball): toque na tecla SPACE em (1127, 240) | similaridade 0.79 | 0.940s depois da captura | ajuste +0,+0 px
[17:07:37.496] RETOMOU   Voltou a andar: 0 sprites (limite 4), ficou parado 12.3s
[17:07:37.611] INFO      Velocidade: muito rápido (0 sprite(s) na tela) | tecla contínua, previsão 100 ms
[17:07:37.612] DECISÃO   Teclas D+W | pos (65, 37) -> alvo (85.27823913915839, 25.98209439136292) | similaridade 1.00 (rastreio)
[17:07:37.810] DECISÃO   Teclas D | pos (67, 35) -> alvo (87.14984528111933, 27.05690092777891) | similaridade 1.00 (rastreio)
[17:07:38.405] BOLA      Shiny (Premier Ball): toque na tecla SPACE em (1218, 240) | similaridade 0.87 | 0.829s depois da captura | ajuste +0,+0 px
[17:07:38.590] BOLA      Shiny (Premier Ball): toque na tecla SPACE em (487, 1061) | similaridade 0.86 | 1.014s depois da captura | ajuste +0,+0 px
[17:07:38.759] BOLA      Shiny (Premier Ball): toque na tecla SPACE em (1309, 240) | similaridade 0.81 | 1.183s depois da captura | ajuste +0,+0 px
[17:07:39.583] DETECÇÃO  1 sprite(s) na tela (melhor similaridade 0.98; para com >= 4)
[17:07:39.694] INFO      Velocidade: rápido (1 sprite(s) na tela) | passo de 200 ms, previsão 50 ms
[17:07:39.783] BOLA      Shiny (Premier Ball): toque na tecla SPACE em (870, 148) | similaridade 0.83 | 0.917s depois da captura | ajuste +0,+0 px
[17:07:39.971] BOLA      Shiny (Premier Ball): toque na tecla SPACE em (961, 331) | similaridade 0.75 | 1.105s depois da captura | ajuste +0,+0 px
[17:07:40.600] DECISÃO   Teclas D+S | pos (83, 35) -> alvo (102.0, 47.0) | similaridade 1.00 (rastreio)
[17:07:40.726] BOLA      Shiny (Premier Ball): toque na tecla SPACE em (391, 331) | similaridade 0.92 | 0.679s depois da captura | ajuste -142,+0 px
[17:07:40.893] BOLA      Shiny (Premier Ball): toque na tecla SPACE em (449, 148) | similaridade 0.82 | 0.846s depois da captura | ajuste -175,+0 px
[17:07:41.078] BOLA      Shiny (Premier Ball): toque na tecla SPACE em (442, 148) | similaridade 0.77 | 1.031s depois da captura | ajuste +0,+0 px
[17:07:42.377] DETECÇÃO  2 sprite(s) na tela (melhor similaridade 0.98; para com >= 4)
[17:07:43.315] DETECÇÃO  3 sprite(s) na tela (melhor similaridade 0.97; para com >= 4)
[17:07:46.131] DETECÇÃO  4 sprite(s) na tela (melhor similaridade 0.98; para com >= 4)
[17:07:46.175] PAROU     Parou: 4 sprites na tela (limite 4)
[17:07:46.934] TIRO      Tiro inicial: tecla P em (1436, 1097) na tela, na sprite mais distante (1018 px do pokémon, 4 sprite(s) na tela)
[17:07:46.935] INFO      Shooter ligado: atira com a tecla P na sprite além de 400 px do pokémon que ficar parada por 0.5s (oscilação até 40 px)
[17:07:46.955] DETECÇÃO  Shooter: 1 sprite(s) além de 400 px do pokémon (a mais distante: 1018 px) | vigiando
[17:07:47.346] DETECÇÃO  5 sprite(s) na tela (melhor similaridade 0.98; para com >= 4)
[17:07:47.439] TIRO      Vida 95% (≤ 99%): tecla G
[17:07:47.461] DETECÇÃO  Shooter: 2 sprite(s) além de 400 px do pokémon (a mais distante: 1261 px) | vigiando
[17:07:47.891] DETECÇÃO  Vida do pokémon: 94%
[17:07:48.865] DETECÇÃO  4 sprite(s) na tela (melhor similaridade 0.98; para com >= 4)
[17:07:48.911] DETECÇÃO  Vida do pokémon: 75%
[17:07:48.964] TIRO      Vida 75% (≤ 88%): tecla F
[17:07:49.935] DETECÇÃO  5 sprite(s) na tela (melhor similaridade 0.99; para com >= 4)
[17:07:50.028] TIRO      Vida 75% (≤ 88%): tecla F
[17:07:50.525] TIRO      Vida 75% (≤ 88%): tecla F
[17:07:51.581] TIRO      Vida 76% (≤ 88%): tecla F
[17:07:52.581] DETECÇÃO  Shooter: 1 sprite(s) além de 400 px do pokémon (a mais distante: 1145 px) | vigiando
[17:07:53.100] TIRO      Vida 74% (≤ 88%): tecla F
[17:07:53.615] TIRO      Vida 73% (≤ 88%): tecla F
[17:07:54.591] DETECÇÃO  4 sprite(s) na tela (melhor similaridade 0.98; para com >= 4)
[17:07:54.681] TIRO      Vida 73% (≤ 88%): tecla F
[17:07:55.201] TIRO      Vida 73% (≤ 88%): tecla F
[17:07:56.304] DETECÇÃO  3 sprite(s) na tela (melhor similaridade 0.97; para com >= 4)
[17:07:56.351] DETECÇÃO  Vida do pokémon: 63%
[17:07:56.403] TIRO      Vida 63% (≤ 88%): tecla F
[17:07:56.403] RETOMOU   Voltou a andar: 3 sprites (limite 4), ficou parado 10.2s
[17:07:56.466] DECISÃO   Teclas D+S | pos (97, 47) -> alvo (119.24163687066725, 56.56582074632516) | similaridade 1.00 (rastreio)
[17:07:57.085] TIRO      Vida 62% (≤ 88%): tecla F
[17:07:57.147] DECISÃO   Teclas D | pos (99, 49) -> alvo (120.90165986482825, 57.93963241770944) | similaridade 1.00 (rastreio)
[17:07:57.667] DETECÇÃO  2 sprite(s) na tela (melhor similaridade 0.99; para com >= 4)
[17:07:57.769] TIRO      Vida 60% (≤ 88%): tecla F
[17:07:57.877] DECISÃO   Teclas D+S | pos (101, 49) -> alvo (120.90165986482825, 57.93963241770944) | similaridade 1.00 (rastreio)
[17:07:58.449] TIRO      Vida 60% (≤ 88%): tecla F
[17:07:58.994] DETECÇÃO  0 sprite(s) na tela (melhor similaridade 0.22; para com >= 4)
[17:07:59.084] TIRO      Vida 60% (≤ 88%): tecla F
[17:07:59.146] INFO      Velocidade: muito rápido (0 sprite(s) na tela) | tecla contínua, previsão 100 ms
[17:07:59.677] DETECÇÃO  2 sprite(s) na tela (melhor similaridade 0.98; para com >= 4)
[17:07:59.721] DETECÇÃO  Vida do pokémon: 53%
[17:07:59.774] TIRO      Vida 53% (≤ 88%): tecla F
[17:07:59.833] INFO      Velocidade: rápido (2 sprite(s) na tela) | passo de 200 ms, previsão 50 ms
[17:08:00.439] TIRO      Vida 50% (≤ 88%): tecla F
[17:08:01.071] TIRO      Vida 50% (≤ 88%): tecla F
[17:08:01.720] TIRO      Vida 53% (≤ 88%): tecla F
[17:08:02.283] DETECÇÃO  4 sprite(s) na tela (melhor similaridade 0.98; para com >= 4)
[17:08:02.373] TIRO      Vida 53% (≤ 88%): tecla F
[17:08:02.374] PAROU     Parou: 4 sprites na tela (limite 4)
[17:08:03.015] TIRO      Tiro inicial: tecla P em (236, 164) na tela, na sprite mais distante (527 px do pokémon, 4 sprite(s) na tela)
[17:08:03.016] INFO      Shooter ligado: atira com a tecla P na sprite além de 400 px do pokémon que ficar parada por 0.5s (oscilação até 40 px)
[17:08:03.036] DETECÇÃO  Shooter: 3 sprite(s) além de 400 px do pokémon (a mais distante: 527 px) | vigiando
[17:08:03.417] DETECÇÃO  6 sprite(s) na tela (melhor similaridade 0.98; para com >= 4)
[17:08:03.507] TIRO      Vida 48% (≤ 88%): tecla F
[17:08:03.528] DETECÇÃO  Shooter: 2 sprite(s) além de 400 px do pokémon (a mais distante: 786 px) | vigiando
[17:08:03.958] DETECÇÃO  Vida do pokémon: 41%
[17:08:04.010] TIRO      Vida 41% (≤ 45%): tecla C
[17:08:04.575] DETECÇÃO  Shooter: 1 sprite(s) além de 400 px do pokémon (a mais distante: 701 px) | vigiando
[17:08:04.970] DETECÇÃO  10 sprite(s) na tela (melhor similaridade 0.99; para com >= 4)
[17:08:05.014] DETECÇÃO  Vida do pokémon: 54%
[17:08:05.067] TIRO      Vida 54% (≤ 88%): tecla F
[17:08:05.668] DETECÇÃO  Shooter: 4 sprite(s) além de 400 px do pokémon (a mais distante: 1017 px) | vigiando
[17:08:06.146] TIRO      Vida 54% (≤ 88%): tecla F
[17:08:06.696] DETECÇÃO  Shooter: 3 sprite(s) além de 400 px do pokémon (a mais distante: 1377 px) | esperando
[17:08:06.809] TIRO      Tecla P em (626, 255) na tela (+75 px da sprite): sprite a 400 px do pokémon (limite 400), parada há 2.1s. Aguardando todas as sprites entrarem na distância limite
[17:08:07.189] DETECÇÃO  9 sprite(s) na tela (melhor similaridade 0.99; para com >= 4)
[17:08:07.276] TIRO      Vida 50% (≤ 88%): tecla F
[17:08:07.879] DETECÇÃO  Shooter: 2 sprite(s) além de 400 px do pokémon (a mais distante: 1218 px) | esperando
[17:08:08.296] DETECÇÃO  7 sprite(s) na tela (melhor similaridade 0.99; para com >= 4)
[17:08:08.398] TIRO      Vida 51% (≤ 88%): tecla F
[17:08:08.973] DETECÇÃO  Shooter: 1 sprite(s) além de 400 px do pokémon (a mais distante: 801 px) | vigiando
[17:08:08.973] ALERTA    Shooter: passaram 2s e ainda há sprite além de 400 px; voltou a vigiar (ela precisa ficar parada de novo para receber outro tiro)
[17:08:09.385] DETECÇÃO  8 sprite(s) na tela (melhor similaridade 0.99; para com >= 4)
[17:08:09.485] TIRO      Vida 51% (≤ 88%): tecla F
[17:08:10.454] DETECÇÃO  9 sprite(s) na tela (melhor similaridade 0.98; para com >= 4)
[17:08:10.500] DETECÇÃO  Vida do pokémon: 46%
[17:08:10.553] TIRO      Vida 46% (≤ 88%): tecla F
[17:08:11.567] DETECÇÃO  4 sprite(s) na tela (melhor similaridade 0.93; para com >= 4)
[17:08:11.664] TIRO      Vida 43% (≤ 45%): tecla C
[17:08:12.256] ALERTA    Shooter: nome do pokémon não encontrado na área de busca; sem ele não dá para medir as distâncias (confira a similaridade mínima).
[17:08:12.442] BOLA      Shiny (Premier Ball): toque na tecla SPACE em (579, 331) | similaridade 0.76 | 0.679s depois da captura | ajuste +0,+0 px
[17:08:12.648] DETECÇÃO  0 sprite(s) na tela (melhor similaridade 0.22; para com >= 4)
[17:08:12.699] DETECÇÃO  Vida do pokémon: 100%
[17:08:12.700] RETOMOU   Voltou a andar: 0 sprites (limite 4), ficou parado 10.3s
[17:08:12.763] INFO      Velocidade: muito rápido (0 sprite(s) na tela) | tecla contínua, previsão 100 ms
[17:08:12.764] DECISÃO   Teclas D+S | pos (113, 59) -> alvo (130.2192392144065, 75.12796013190382) | similaridade 1.00 (rastreio)
[17:08:13.311] BOLA      Shiny (Premier Ball): toque na tecla SPACE em (670, 331) | similaridade 0.92 | 0.793s depois da captura | ajuste +0,+0 px
[17:08:13.491] BOLA      Shiny (Premier Ball): toque na tecla SPACE em (761, 331) | similaridade 0.91 | 0.973s depois da captura | ajuste +0,+0 px
[17:08:13.708] BOLA      Shiny (Premier Ball): toque na tecla SPACE em (670, 148) | similaridade 0.89 | 1.190s depois da captura | ajuste +0,+0 px
[17:08:13.927] BOLA      Shiny (Premier Ball): toque na tecla SPACE em (487, 331) | similaridade 0.88 | 1.409s depois da captura | ajuste +0,+0 px
[17:08:14.093] BOLA      Shiny (Premier Ball): toque na tecla SPACE em (396, 331) | similaridade 0.87 | 1.574s depois da captura | ajuste +0,+0 px
[17:08:14.293] BOLA      Shiny (Premier Ball): toque na tecla SPACE em (579, 148) | similaridade 0.85 | 1.774s depois da captura | ajuste +0,+0 px
[17:08:14.476] BOLA      Shiny (Premier Ball): toque na tecla SPACE em (487, 148) | similaridade 0.84 | 1.958s depois da captura | ajuste +0,+0 px
[17:08:14.644] BOLA      Shiny (Premier Ball): toque na tecla SPACE em (579, 422) | similaridade 0.80 | 2.126s depois da captura | ajuste +0,+0 px
[17:08:14.915] DECISÃO   Teclas S | pos (121, 67) -> alvo (127.91525044831515, 87.30302204240365) | similaridade 1.00 (rastreio)
[17:08:16.268] DETECÇÃO  2 sprite(s) na tela (melhor similaridade 0.98; para com >= 4)
[17:08:16.386] INFO      Velocidade: rápido (2 sprite(s) na tela) | passo de 200 ms, previsão 50 ms
[17:08:17.216] DETECÇÃO  3 sprite(s) na tela (melhor similaridade 0.98; para com >= 4)
[17:08:18.271] TIRO      Vida 97% (≤ 99%): tecla G
[17:08:18.828] DETECÇÃO  4 sprite(s) na tela (melhor similaridade 0.98; para com >= 4)
[17:08:18.925] TIRO      Vida 95% (≤ 99%): tecla G
[17:08:18.926] PAROU     Parou: 4 sprites na tela (limite 4)
[17:08:19.606] TIRO      Tiro inicial: tecla P em (502, 561) na tela, na sprite mais distante (311 px do pokémon, 4 sprite(s) na tela)
[17:08:19.606] INFO      Shooter ligado: atira com a tecla P na sprite além de 400 px do pokémon que ficar parada por 0.5s (oscilação até 40 px)
[17:08:19.625] DETECÇÃO  Shooter: 0 sprite(s) além de 400 px do pokémon | vigiando
[17:08:19.626] INFO      Shooter: todas as 4 sprite(s) dentro de 400 px; confirmo por 1.5s antes de dar o R
[17:08:20.038] DETECÇÃO  5 sprite(s) na tela (melhor similaridade 0.98; para com >= 4)
[17:08:20.091] DETECÇÃO  Vida do pokémon: 90%
[17:08:20.143] TIRO      Vida 90% (≤ 99%): tecla G
[17:08:20.162] DETECÇÃO  Shooter: 1 sprite(s) além de 400 px do pokémon (a mais distante: 591 px) | vigiando
[17:08:20.162] ALERTA    Shooter: apareceu/ficou sprite além de 400 px durante a confirmação; o R NÃO foi dado, espero todas entrarem de novo
[17:08:20.536] DETECÇÃO  4 sprite(s) na tela (melhor similaridade 0.99; para com >= 4)
[17:08:20.578] DETECÇÃO  Vida do pokémon: 66%
[17:08:20.630] TIRO      Vida 66% (≤ 88%): tecla F
[17:08:20.649] DETECÇÃO  Shooter: 0 sprite(s) além de 400 px do pokémon | vigiando
[17:08:20.649] INFO      Shooter: todas as 4 sprite(s) dentro de 400 px; confirmo por 1.5s antes de dar o R
[17:08:21.139] TIRO      Vida 62% (≤ 88%): tecla F
[17:08:21.588] DETECÇÃO  5 sprite(s) na tela (melhor similaridade 0.98; para com >= 4)
[17:08:21.678] TIRO      Vida 62% (≤ 88%): tecla F
[17:08:22.063] DETECÇÃO  6 sprite(s) na tela (melhor similaridade 0.99; para com >= 4)
[17:08:22.108] DETECÇÃO  Vida do pokémon: 60%
[17:08:22.125] DETECÇÃO  Shooter: 1 sprite(s) além de 400 px do pokémon (a mais distante: 643 px) | vigiando
[17:08:22.126] ALERTA    Shooter: apareceu/ficou sprite além de 400 px durante a confirmação; o R NÃO foi dado, espero todas entrarem de novo
[17:08:22.613] TIRO      Vida 59% (≤ 88%): tecla F
[17:08:23.596] DETECÇÃO  5 sprite(s) na tela (melhor similaridade 0.98; para com >= 4)
[17:08:23.697] TIRO      Vida 56% (≤ 88%): tecla F
[17:08:23.720] DETECÇÃO  Shooter: 0 sprite(s) além de 400 px do pokémon | vigiando
[17:08:23.721] INFO      Shooter: todas as 5 sprite(s) dentro de 400 px; confirmo por 1.5s antes de dar o R
[17:08:24.151] DETECÇÃO  6 sprite(s) na tela (melhor similaridade 0.98; para com >= 4)
[17:08:24.194] DETECÇÃO  Vida do pokémon: 50%
[17:08:24.247] TIRO      Vida 50% (≤ 88%): tecla F
[17:08:24.667] DETECÇÃO  5 sprite(s) na tela (melhor similaridade 0.97; para com >= 4)
[17:08:24.764] TIRO      Vida 50% (≤ 88%): tecla F
[17:08:25.351] TIRO      Todas as 5 sprite(s) dentro de 400 px: sequência R (repetido por 1.5s) e, 0.50s depois do R, revive (E)
[17:08:25.739] DETECÇÃO  6 sprite(s) na tela (melhor similaridade 0.99; para com >= 4)
[17:08:25.836] TIRO      Vida 50% (≤ 88%): tecla F
[17:08:26.242] DETECÇÃO  0 sprite(s) na tela (melhor similaridade 0.25; para com >= 4)
[17:08:26.331] TIRO      Vida 50% (≤ 88%): tecla F
[17:08:26.853] TIRO      Shooter: R apertado 10x em 1.50s
[17:08:27.319] BOLA      Shiny (Premier Ball): toque na tecla SPACE em (396, 422) | similaridade 0.75 | 0.688s depois da captura | ajuste +0,+0 px
[17:08:27.412] TIRO      Revive: toque rápido em E e verifico a foto por 2.5s — tentativa 1/3
[17:08:27.540] BOLA      Shiny (Premier Ball): toque na tecla SPACE em (579, 513) | similaridade 0.70 | 0.909s depois da captura | ajuste +0,+0 px
[17:08:27.865] DETECÇÃO  Vida do pokémon: 83%
[17:08:27.956] TIRO      Vida 83% (≤ 88%): tecla F
[17:08:28.216] INFO      Revive confirmado: a foto mudou (2.0% dos pixels) após 0.8s e 1 toque(s) no E (E saiu 0.56s depois do R)
[17:08:28.217] INFO      Shooter: procedimento concluído (R repetido + E); o bot volta a andar
[17:08:28.472] BOLA      Shiny (Premier Ball): toque na tecla SPACE em (579, 605) | similaridade 0.84 | 0.822s depois da captura | ajuste +0,+0 px
[17:08:28.625] BOLA      Shiny (Premier Ball): toque na tecla SPACE em (487, 696) | similaridade 0.84 | 0.975s depois da captura | ajuste +0,+0 px
[17:08:28.811] BOLA      Shiny (Premier Ball): toque na tecla SPACE em (487, 422) | similaridade 0.81 | 1.161s depois da captura | ajuste +0,+0 px
[17:08:28.965] BOLA      Shiny (Premier Ball): toque na tecla SPACE em (579, 513) | similaridade 0.80 | 1.316s depois da captura | ajuste +0,+0 px
[17:08:29.062] DETECÇÃO  Vida do pokémon: 100%
[17:08:29.063] RETOMOU   Voltou a andar: 0 sprites (limite 4), ficou parado 10.1s
[17:08:29.135] INFO      Velocidade: muito rápido (0 sprite(s) na tela) | tecla contínua, previsão 100 ms
[17:08:29.136] DECISÃO   Teclas S | pos (121, 87) -> alvo (118.64424896437372, 119.5586289004689) | similaridade 1.00 (rastreio)
[17:08:29.907] BOLA      Shiny (Premier Ball): toque na tecla SPACE em (579, 422) | similaridade 0.89 | 0.838s depois da captura | ajuste +0,+0 px
[17:08:30.076] BOLA      Shiny (Premier Ball): toque na tecla SPACE em (487, 696) | similaridade 0.80 | 1.006s depois da captura | ajuste +0,+0 px
[17:08:30.982] BOLA      Shiny (Premier Ball): toque na tecla SPACE em (487, 411) | similaridade 0.87 | 0.821s depois da captura | ajuste +0,+0 px
[17:08:31.069] DETECÇÃO  1 sprite(s) na tela (melhor similaridade 0.98; para com >= 4)
[17:08:31.160] BOLA      Shiny (Premier Ball): toque na tecla SPACE em (579, 228) | similaridade 0.86 | 0.999s depois da captura | ajuste +0,+0 px
[17:08:31.181] INFO      Velocidade: rápido (1 sprite(s) na tela) | passo de 200 ms, previsão 50 ms
[17:08:31.894] BOLA      Shiny (Premier Ball): toque na tecla SPACE em (487, 303) | similaridade 0.88 | 0.658s depois da captura | ajuste +0,-28 px
[17:08:32.078] BOLA      Shiny (Premier Ball): toque na tecla SPACE em (579, 112) | similaridade 0.84 | 0.841s depois da captura | ajuste +0,-36 px
[17:08:32.912] BOLA      Shiny (Premier Ball): toque na tecla SPACE em (579, 148) | similaridade 0.77 | 0.759s depois da captura | ajuste +0,+0 px
[17:08:33.180] TRAVADO   Seta sem sair do lugar há 2500 ms; tentativa alternativa nº 1
[17:08:33.181] DECISÃO   Teclas A+S | pos (121, 95) -> alvo (117.93130588320889, 121.7452762420274) | similaridade 1.00 (rastreio)
[17:08:33.743] INFO      Seta voltou a se mover (destravou)
[17:08:33.744] DECISÃO   Teclas S | pos (119, 97) -> alvo (118.0, 124.0) | similaridade 1.00 (rastreio)
[17:08:34.582] DECISÃO   Teclas A+S | pos (119, 101) -> alvo (114.51774931717435, 127.78672102980916) | similaridade 1.00 (rastreio)
[17:08:34.885] DECISÃO   Teclas S | pos (117, 103) -> alvo (112.94651796569991, 129.479925399653) | similaridade 1.00 (rastreio)
[17:08:35.361] DETECÇÃO  2 sprite(s) na tela (melhor similaridade 0.98; para com >= 4)
[17:08:36.446] DETECÇÃO  3 sprite(s) na tela (melhor similaridade 0.98; para com >= 4)
[17:08:36.497] DETECÇÃO  Vida do pokémon: 90%
[17:08:36.553] TIRO      Vida 90% (≤ 99%): tecla G
[17:08:37.078] DETECÇÃO  4 sprite(s) na tela (melhor similaridade 0.98; para com >= 4)
[17:08:37.175] TIRO      Vida 90% (≤ 99%): tecla G
[17:08:37.175] PAROU     Parou: 4 sprites na tela (limite 4)
[17:08:37.890] TIRO      Tiro inicial: tecla P em (412, 986) na tela, na sprite mais distante (764 px do pokémon, 4 sprite(s) na tela)
[17:08:37.891] INFO      Shooter ligado: atira com a tecla P na sprite além de 400 px do pokémon que ficar parada por 0.5s (oscilação até 40 px)
[17:08:37.909] DETECÇÃO  Shooter: 1 sprite(s) além de 400 px do pokémon (a mais distante: 764 px) | vigiando
[17:08:38.392] TIRO      Vida 90% (≤ 99%): tecla G
[17:08:39.445] TIRO      Vida 85% (≤ 88%): tecla F
[17:08:40.051] DETECÇÃO  Shooter: 0 sprite(s) além de 400 px do pokémon | vigiando
[17:08:40.052] INFO      Shooter: todas as 4 sprite(s) dentro de 400 px; confirmo por 1.5s antes de dar o R
[17:08:40.531] TIRO      Vida 85% (≤ 88%): tecla F
[17:08:41.131] DETECÇÃO  Shooter: 1 sprite(s) além de 400 px do pokémon (a mais distante: 405 px) | vigiando
[17:08:41.131] ALERTA    Shooter: apareceu/ficou sprite além de 400 px durante a confirmação; o R NÃO foi dado, espero todas entrarem de novo
[17:08:41.561] DETECÇÃO  Vida do pokémon: 83%
[17:08:41.613] TIRO      Vida 83% (≤ 88%): tecla F
[17:08:42.202] DETECÇÃO  Shooter: 3 sprite(s) além de 400 px do pokémon (a mais distante: 584 px) | vigiando
[17:08:42.701] TIRO      Vida 82% (≤ 88%): tecla F
[17:08:42.720] DETECÇÃO  Shooter: 1 sprite(s) além de 400 px do pokémon (a mais distante: 461 px) | vigiando
[17:08:43.125] DETECÇÃO  5 sprite(s) na tela (melhor similaridade 0.98; para com >= 4)
[17:08:43.216] TIRO      Vida 82% (≤ 88%): tecla F
[17:08:43.782] DETECÇÃO  Shooter: 0 sprite(s) além de 400 px do pokémon | vigiando
[17:08:43.783] INFO      Shooter: todas as 5 sprite(s) dentro de 400 px; confirmo por 1.5s antes de dar o R
[17:08:44.263] TIRO      Vida 79% (≤ 88%): tecla F
[17:08:45.274] DETECÇÃO  6 sprite(s) na tela (melhor similaridade 0.98; para com >= 4)
[17:08:45.316] DETECÇÃO  Vida do pokémon: 67%
[17:08:45.369] TIRO      Vida 67% (≤ 88%): tecla F
[17:08:45.387] TIRO      Todas as 6 sprite(s) dentro de 400 px: sequência R (repetido por 1.5s) e, 0.50s depois do R, revive (E)
[17:08:45.773] DETECÇÃO  7 sprite(s) na tela (melhor similaridade 0.98; para com >= 4)
[17:08:46.760] DETECÇÃO  0 sprite(s) na tela (melhor similaridade 0.22; para com >= 4)
[17:08:46.865] TIRO      Vida 63% (≤ 88%): tecla F
[17:08:46.915] TIRO      Shooter: R apertado 10x em 1.53s
[17:08:47.304] DETECÇÃO  Vida do pokémon: 100%
[17:08:47.510] TIRO      Revive: toque rápido em E e verifico a foto por 2.5s — tentativa 1/3
[17:08:47.866] DETECÇÃO  Vida do pokémon: 78%
[17:08:47.912] BOLA      Shiny (Premier Ball): toque na tecla SPACE em (487, 879) | similaridade 0.84 | 0.799s depois da captura | ajuste +0,+0 px
[17:08:47.939] TIRO      Vida 78% (≤ 88%): tecla F
[17:08:48.145] BOLA      Shiny (Premier Ball): toque na tecla SPACE em (396, 879) | similaridade 0.84 | 1.032s depois da captura | ajuste +0,+0 px
[17:08:48.184] INFO      Revive confirmado: a foto mudou (1.0% dos pixels) após 0.7s e 1 toque(s) no E (E saiu 0.60s depois do R)
[17:08:48.185] INFO      Shooter: procedimento concluído (R repetido + E); o bot volta a andar
[17:08:48.945] BOLA      Shiny (Premier Ball): toque na tecla SPACE em (305, 970) | similaridade 0.79 | 0.711s depois da captura | ajuste +0,+0 px
[17:08:48.990] DETECÇÃO  1 sprite(s) na tela (melhor similaridade 0.98; para com >= 4)
[17:08:49.035] DETECÇÃO  Vida do pokémon: 100%
[17:08:49.036] RETOMOU   Voltou a andar: 1 sprites (limite 4), ficou parado 11.9s
[17:08:49.097] DECISÃO   Teclas S | pos (117, 109) -> alvo (109.15134992636138, 132.15631006521184) | similaridade 1.00 (rastreio)
[17:08:49.132] BOLA      Shiny (Premier Ball): toque na tecla SPACE em (396, 879) | similaridade 0.78 | 0.898s depois da captura | ajuste +0,+0 px
[17:08:49.284] BOLA      Shiny (Premier Ball): toque na tecla SPACE em (487, 1061) | similaridade 0.78 | 1.050s depois da captura | ajuste +0,+0 px
[17:08:49.419] DECISÃO   Teclas A+S | pos (117, 111) -> alvo (107.02136547125968, 133.25484783300413) | similaridade 1.00 (rastreio)
[17:08:50.145] BOLA      Shiny (Premier Ball): toque na tecla SPACE em (487, 995) | similaridade 0.77 | 0.756s depois da captura | ajuste +0,+0 px
[17:08:51.082] BOLA      Shiny (Premier Ball): toque na tecla SPACE em (916, 893) | similaridade 0.89 | 0.840s depois da captura | ajuste +155,-37 px
[17:08:52.010] BOLA      Shiny (Premier Ball): toque na tecla SPACE em (870, 770) | similaridade 0.91 | 0.809s depois da captura | ajuste +0,+0 px
[17:08:52.183] BOLA      Shiny (Premier Ball): toque na tecla SPACE em (687, 679) | similaridade 0.87 | 0.982s depois da captura | ajuste +0,+0 px
[17:08:52.335] BOLA      Shiny (Premier Ball): toque na tecla SPACE em (596, 679) | similaridade 0.86 | 1.134s depois da captura | ajuste +0,+0 px
[17:08:53.273] BOLA      Shiny (Premier Ball): toque na tecla SPACE em (830, 445) | similaridade 0.87 | 0.834s depois da captura | ajuste +0,+0 px
[17:08:53.433] BOLA      Shiny (Premier Ball): toque na tecla SPACE em (738, 445) | similaridade 0.80 | 0.995s depois da captura | ajuste +0,+0 px
[17:08:53.587] BOLA      Shiny (Premier Ball): toque na tecla SPACE em (647, 445) | similaridade 0.80 | 1.148s depois da captura | ajuste +0,+0 px
[17:08:53.609] DETECÇÃO  2 sprite(s) na tela (melhor similaridade 0.98; para com >= 4)
[17:08:53.751] BOLA      Shiny (Premier Ball): toque na tecla SPACE em (830, 354) | similaridade 0.77 | 1.313s depois da captura | ajuste +0,+0 px
[17:08:54.023] DECISÃO   Teclas A | pos (103, 127) -> alvo (76.03938816763842, 136.42840156587874) | similaridade 1.00 (rastreio)
[17:08:54.487] BOLA      Shiny (Premier Ball): toque na tecla SPACE em (944, 331) | similaridade 0.87 | 0.660s depois da captura | ajuste +0,+0 px
[17:08:54.508] DETECÇÃO  3 sprite(s) na tela (melhor similaridade 0.98; para com >= 4)
[17:08:54.652] BOLA      Shiny (Premier Ball): toque na tecla SPACE em (1035, 240) | similaridade 0.86 | 0.825s depois da captura | ajuste +0,+0 px
[17:08:54.804] BOLA      Shiny (Premier Ball): toque na tecla SPACE em (1035, 331) | similaridade 0.85 | 0.977s depois da captura | ajuste +0,+0 px
[17:08:55.706] BOLA      Shiny (Premier Ball): toque na tecla SPACE em (1434, 292) | similaridade 0.91 | 0.800s depois da captura | ajuste +65,-39 px
[17:08:55.874] BOLA      Shiny (Premier Ball): toque na tecla SPACE em (1187, 148) | similaridade 0.84 | 0.968s depois da captura | ajuste +0,+0 px
[17:08:56.027] BOLA      Shiny (Premier Ball): toque na tecla SPACE em (1095, 240) | similaridade 0.83 | 1.121s depois da captura | ajuste +0,+0 px
[17:08:56.194] BOLA      Shiny (Premier Ball): toque na tecla SPACE em (1187, 240) | similaridade 0.83 | 1.288s depois da captura | ajuste +0,+0 px
[17:08:56.401] DETECÇÃO  4 sprite(s) na tela (melhor similaridade 0.98; para com >= 4)
[17:08:56.444] PAROU     Parou: 4 sprites na tela (limite 4)
[17:08:56.994] BOLA      Shiny (Premier Ball): toque na tecla SPACE em (1492, 148) | similaridade 0.89 | 0.718s depois da captura | ajuste +0,+0 px
[17:08:57.105] TIRO      Tiro inicial: tecla P em (288, 620) na tela, na sprite mais distante (887 px do pokémon, 4 sprite(s) na tela)
[17:08:57.106] INFO      Shooter ligado: atira com a tecla P na sprite além de 400 px do pokémon que ficar parada por 0.5s (oscilação até 40 px)
[17:08:57.126] DETECÇÃO  Shooter: 2 sprite(s) além de 400 px do pokémon (a mais distante: 887 px) | vigiando
[17:08:57.271] BOLA      Shiny (Premier Ball): toque na tecla SPACE em (1675, 331) | similaridade 0.89 | 0.996s depois da captura | ajuste +0,+0 px
[17:08:57.425] BOLA      Shiny (Premier Ball): toque na tecla SPACE em (1492, 240) | similaridade 0.85 | 1.149s depois da captura | ajuste +0,+0 px
[17:08:57.562] DETECÇÃO  Shooter: 1 sprite(s) além de 400 px do pokémon (a mais distante: 597 px) | vigiando
[17:08:57.638] BOLA      Shiny (Premier Ball): toque na tecla SPACE em (1401, 240) | similaridade 0.81 | 1.362s depois da captura | ajuste +0,+0 px
[17:08:57.990] DETECÇÃO  5 sprite(s) na tela (melhor similaridade 0.98; para com >= 4)
[17:08:58.058] DETECÇÃO  Shooter: 2 sprite(s) além de 400 px do pokémon (a mais distante: 1235 px) | vigiando
[17:08:58.493] DETECÇÃO  Shooter: 1 sprite(s) além de 400 px do pokémon (a mais distante: 1161 px) | vigiando
[17:08:58.999] TIRO      Vida 97% (≤ 99%): tecla G
[17:09:00.035] DETECÇÃO  Vida do pokémon: 83%
[17:09:00.087] TIRO      Vida 83% (≤ 88%): tecla F
[17:09:00.598] TIRO      Vida 80% (≤ 88%): tecla F
[17:09:01.101] TIRO      Vida 79% (≤ 88%): tecla F
[17:09:02.131] TIRO      Vida 79% (≤ 88%): tecla F
[17:09:02.584] DETECÇÃO  Vida do pokémon: 77%
[17:09:03.067] TIRO      Vida 76% (≤ 88%): tecla F
[17:09:04.156] TIRO      Vida 73% (≤ 88%): tecla F
[17:09:04.177] DETECÇÃO  Shooter: 0 sprite(s) além de 400 px do pokémon | vigiando
[17:09:04.178] INFO      Shooter: todas as 5 sprite(s) dentro de 400 px; confirmo por 1.5s antes de dar o R
[17:09:04.621] DETECÇÃO  Vida do pokémon: 67%
[17:09:04.673] TIRO      Vida 67% (≤ 88%): tecla F
[17:09:06.159] TIRO      Vida 66% (≤ 88%): tecla F
[17:09:06.179] TIRO      Todas as 5 sprite(s) dentro de 400 px: sequência R (repetido por 1.5s) e, 0.50s depois do R, revive (E)
[17:09:07.015] DETECÇÃO  2 sprite(s) na tela (melhor similaridade 0.97; para com >= 4)
[17:09:07.110] TIRO      Vida 63% (≤ 88%): tecla F
[17:09:07.683] TIRO      Shooter: R apertado 10x em 1.50s
[17:09:08.093] DETECÇÃO  1 sprite(s) na tela (melhor similaridade 0.96; para com >= 4)
[17:09:08.140] DETECÇÃO  Vida do pokémon: 100%
[17:09:08.236] TIRO      Revive: toque rápido em E e verifico a foto por 2.5s — tentativa 1/3
[17:09:08.413] BOLA      Shiny (Premier Ball): toque na tecla SPACE em (1218, 331) | similaridade 0.86 | 0.759s depois da captura | ajuste +0,+0 px
[17:09:08.664] BOLA      Shiny (Premier Ball): toque na tecla SPACE em (1218, 240) | similaridade 0.86 | 1.009s depois da captura | ajuste +0,+0 px
[17:09:08.671] DETECÇÃO  Vida do pokémon: 70%
[17:09:08.780] TIRO      Vida 70% (≤ 88%): tecla F
[17:09:08.943] INFO      Revive confirmado: a foto mudou (10.8% dos pixels) após 0.7s e 1 toque(s) no E (E saiu 0.55s depois do R)
[17:09:08.944] INFO      Shooter: procedimento concluído (R repetido + E); o bot volta a andar
[17:09:09.491] BOLA      Shiny (Premier Ball): toque na tecla SPACE em (1218, 331) | similaridade 0.80 | 0.731s depois da captura | ajuste +0,+0 px
[17:09:09.912] DETECÇÃO  Vida do pokémon: 100%
[17:09:09.913] RETOMOU   Voltou a andar: 1 sprites (limite 4), ficou parado 13.5s
[17:09:09.979] DECISÃO   Teclas A | pos (95, 127) -> alvo (67.3870583110669, 136.77280616565486) | similaridade 1.00 (rastreio)
[17:09:12.620] DETECÇÃO  2 sprite(s) na tela (melhor similaridade 0.99; para com >= 4)
[17:09:13.554] DETECÇÃO  4 sprite(s) na tela (melhor similaridade 0.99; para com >= 4)
[17:09:13.595] PAROU     Parou: 4 sprites na tela (limite 4)
[17:09:14.256] TIRO      Tiro inicial: tecla P em (1698, 347) na tela, na sprite mais distante (928 px do pokémon, 4 sprite(s) na tela)
[17:09:14.257] INFO      Shooter ligado: atira com a tecla P na sprite além de 400 px do pokémon que ficar parada por 0.5s (oscilação até 40 px)
[17:09:14.285] DETECÇÃO  Shooter: 3 sprite(s) além de 400 px do pokémon (a mais distante: 928 px) | vigiando
[17:09:17.180] DETECÇÃO  Shooter: 2 sprite(s) além de 400 px do pokémon (a mais distante: 697 px) | vigiando
[17:09:19.629] DETECÇÃO  5 sprite(s) na tela (melhor similaridade 0.98; para com >= 4)
[17:09:19.721] TIRO      Vida 97% (≤ 99%): tecla G
[17:09:20.274] DETECÇÃO  Shooter: 3 sprite(s) além de 400 px do pokémon (a mais distante: 1618 px) | vigiando
[17:09:20.790] TIRO      Vida 95% (≤ 99%): tecla G
[17:09:20.811] DETECÇÃO  Shooter: 1 sprite(s) além de 400 px do pokémon (a mais distante: 1460 px) | vigiando
[17:09:21.670] DETECÇÃO  Vida do pokémon: 80%
[17:09:21.724] TIRO      Vida 80% (≤ 88%): tecla F
[17:09:22.738] DETECÇÃO  Vida do pokémon: 73%
[17:09:22.790] TIRO      Vida 73% (≤ 88%): tecla F
[17:09:23.216] DETECÇÃO  4 sprite(s) na tela (melhor similaridade 0.98; para com >= 4)
[17:09:23.324] TIRO      Vida 70% (≤ 88%): tecla F
[17:09:23.838] TIRO      Vida 70% (≤ 88%): tecla F
[17:09:24.785] DETECÇÃO  3 sprite(s) na tela (melhor similaridade 0.98; para com >= 4)
[17:09:24.821] DETECÇÃO  Vida do pokémon: 63%
[17:09:24.882] TIRO      Vida 63% (≤ 88%): tecla F
[17:09:24.883] RETOMOU   Voltou a andar: 3 sprites (limite 4), ficou parado 11.3s
[17:09:24.943] DECISÃO   Teclas A | pos (79, 127) -> alvo (54.0, 134.0) | similaridade 1.00 (rastreio)
[17:09:25.492] DETECÇÃO  Vida do pokémon: 54%
[17:09:25.544] TIRO      Vida 54% (≤ 88%): tecla F
[17:09:25.605] DECISÃO   Teclas A+S | pos (77, 127) -> alvo (54.0, 134.0) | similaridade 1.00 (rastreio)
[17:09:26.210] TIRO      Vida 51% (≤ 88%): tecla F
[17:09:26.274] DECISÃO   Teclas A | pos (75, 129) -> alvo (49.764225432117144, 133.30849357243423) | similaridade 1.00 (rastreio)
[17:09:26.792] DETECÇÃO  1 sprite(s) na tela (melhor similaridade 0.97; para com >= 4)
[17:09:26.893] TIRO      Vida 50% (≤ 88%): tecla F
[17:09:27.527] TIRO      Vida 50% (≤ 88%): tecla F
[17:09:27.625] DECISÃO   Teclas A+S | pos (71, 129) -> alvo (45.24110366978457, 131.4953228034778) | similaridade 1.00 (rastreio)
[17:09:28.130] DETECÇÃO  2 sprite(s) na tela (melhor similaridade 0.99; para com >= 4)
[17:09:28.229] TIRO      Vida 50% (≤ 88%): tecla F
[17:09:28.288] DECISÃO   Teclas A | pos (69, 131) -> alvo (43.227509751612175, 130.35524602588765) | similaridade 1.00 (rastreio)
[17:09:28.786] DETECÇÃO  3 sprite(s) na tela (melhor similaridade 0.98; para com >= 4)
[17:09:28.884] TIRO      Vida 50% (≤ 88%): tecla F
[17:09:29.566] TIRO      Vida 50% (≤ 88%): tecla F
[17:09:30.124] DETECÇÃO  4 sprite(s) na tela (melhor similaridade 0.99; para com >= 4)
[17:09:30.213] TIRO      Vida 50% (≤ 88%): tecla F
[17:09:30.213] PAROU     Parou: 4 sprites na tela (limite 4)
[17:09:30.904] TIRO      Tiro inicial: tecla P em (1716, 255) na tela, na sprite mais distante (563 px do pokémon, 4 sprite(s) na tela)
[17:09:30.905] INFO      Shooter ligado: atira com a tecla P na sprite além de 400 px do pokémon que ficar parada por 0.5s (oscilação até 40 px)
[17:09:30.924] DETECÇÃO  Shooter: 1 sprite(s) além de 400 px do pokémon (a mais distante: 563 px) | vigiando
[17:09:31.295] DETECÇÃO  6 sprite(s) na tela (melhor similaridade 0.99; para com >= 4)
[17:09:31.397] TIRO      Vida 51% (≤ 88%): tecla F
[17:09:31.416] DETECÇÃO  Shooter: 3 sprite(s) além de 400 px do pokémon (a mais distante: 1139 px) | vigiando
[17:09:31.915] TIRO      Vida 52% (≤ 88%): tecla F
[17:09:32.490] DETECÇÃO  Shooter: 1 sprite(s) além de 400 px do pokémon (a mais distante: 1262 px) | vigiando
[17:09:32.949] TIRO      Vida 52% (≤ 88%): tecla F
[17:09:33.902] DETECÇÃO  7 sprite(s) na tela (melhor similaridade 0.98; para com >= 4)
[17:09:34.003] TIRO      Vida 50% (≤ 88%): tecla F
[17:09:34.566] DETECÇÃO  Shooter: 3 sprite(s) além de 400 px do pokémon (a mais distante: 1540 px) | vigiando
[17:09:34.961] DETECÇÃO  6 sprite(s) na tela (melhor similaridade 0.98; para com >= 4)
[17:09:35.053] TIRO      Vida 50% (≤ 88%): tecla F
[17:09:35.635] DETECÇÃO  Shooter: 1 sprite(s) além de 400 px do pokémon (a mais distante: 1301 px) | vigiando
[17:09:36.070] DETECÇÃO  Vida do pokémon: 17%
[17:09:36.123] TIRO      Vida 17% (≤ 45%): tecla C
[17:09:36.571] DETECÇÃO  Vida do pokémon: 75%
[17:09:36.623] TIRO      Vida 75% (≤ 88%): tecla F
[17:09:37.629] DETECÇÃO  5 sprite(s) na tela (melhor similaridade 0.98; para com >= 4)
[17:09:37.727] TIRO      Vida 74% (≤ 88%): tecla F
[17:09:38.111] DETECÇÃO  4 sprite(s) na tela (melhor similaridade 0.98; para com >= 4)
[17:09:38.151] DETECÇÃO  Vida do pokémon: 53%
[17:09:38.658] TIRO      Vida 50% (≤ 88%): tecla F
[17:09:39.626] DETECÇÃO  5 sprite(s) na tela (melhor similaridade 0.98; para com >= 4)
[17:09:39.724] TIRO      Vida 50% (≤ 88%): tecla F
[17:09:40.693] DETECÇÃO  4 sprite(s) na tela (melhor similaridade 0.98; para com >= 4)
[17:09:40.789] TIRO      Vida 48% (≤ 88%): tecla F
[17:09:41.511] DETECÇÃO  Shooter: 0 sprite(s) além de 400 px do pokémon | vigiando
[17:09:41.512] INFO      Shooter: todas as 4 sprite(s) dentro de 400 px; confirmo por 1.5s antes de dar o R
[17:09:41.886] DETECÇÃO  3 sprite(s) na tela (melhor similaridade 0.98; para com >= 4)
[17:09:41.922] DETECÇÃO  Vida do pokémon: 26%
[17:09:41.976] TIRO      Vida 26% (≤ 45%): tecla C
[17:09:41.977] RETOMOU   Voltou a andar: 3 sprites (limite 4), ficou parado 11.8s
[17:09:42.043] DECISÃO   Teclas A | pos (63, 131) -> alvo (36.74377363097024, 124.57114771203106) | similaridade 1.00 (rastreio)
[17:09:42.597] DETECÇÃO  Vida do pokémon: 14%
[17:09:43.512] DETECÇÃO  1 sprite(s) na tela (melhor similaridade 0.97; para com >= 4)
[17:09:43.612] TIRO      Vida 14% (≤ 45%): tecla C
[17:09:43.664] DECISÃO   Teclas A+W | pos (55, 133) -> alvo (33.860053532821034, 119.11647162482294) | similaridade 1.00 (rastreio)
[17:09:44.212] DETECÇÃO  Vida do pokémon: 7%
[17:09:44.530] DETECÇÃO  Vida do pokémon: 100%
[17:09:45.111] DETECÇÃO  0 sprite(s) na tela (melhor similaridade 0.21; para com >= 4)
[17:09:45.245] INFO      Velocidade: muito rápido (0 sprite(s) na tela) | tecla contínua, previsão 100 ms
[17:09:45.750] BOLA      Shiny (Premier Ball): toque na tecla SPACE em (1629, 377) | similaridade 0.85 | 0.817s depois da captura | ajuste +0,+0 px
[17:09:46.555] DETECÇÃO  1 sprite(s) na tela (melhor similaridade 0.98; para com >= 4)
[17:09:46.657] INFO      Velocidade: rápido (1 sprite(s) na tela) | passo de 200 ms, previsão 50 ms
[17:09:46.745] BOLA      Shiny (Premier Ball): toque na tecla SPACE em (1620, 507) | similaridade 0.89 | 0.867s depois da captura | ajuste -3,+45 px
[17:09:47.585] TIRO      Vida 95% (≤ 99%): tecla G
[17:09:47.673] BOLA      Shiny (Premier Ball): toque na tecla SPACE em (1839, 678) | similaridade 0.89 | 0.846s depois da captura | ajuste +73,+73 px
[17:09:48.158] DETECÇÃO  4 sprite(s) na tela (melhor similaridade 0.99; para com >= 4)
[17:09:48.250] TIRO      Vida 95% (≤ 99%): tecla G
[17:09:48.250] PAROU     Parou: 4 sprites na tela (limite 4)
[17:09:48.926] TIRO      Tiro inicial: tecla P em (102, 737) na tela, na sprite mais distante (1534 px do pokémon, 4 sprite(s) na tela)
[17:09:48.926] INFO      Shooter ligado: atira com a tecla P na sprite além de 400 px do pokémon que ficar parada por 0.5s (oscilação até 40 px)
[17:09:48.945] DETECÇÃO  Shooter: 2 sprite(s) além de 400 px do pokémon (a mais distante: 1534 px) | vigiando
[17:09:49.413] TIRO      Vida 95% (≤ 99%): tecla G
[17:09:50.015] DETECÇÃO  Shooter: 3 sprite(s) além de 400 px do pokémon (a mais distante: 865 px) | vigiando
[17:09:50.396] DETECÇÃO  5 sprite(s) na tela (melhor similaridade 0.99; para com >= 4)
[17:09:50.429] DETECÇÃO  Vida do pokémon: 82%
[17:09:50.483] TIRO      Vida 82% (≤ 88%): tecla F
[17:09:51.069] DETECÇÃO  Shooter: 4 sprite(s) além de 400 px do pokémon (a mais distante: 854 px) | vigiando
[17:09:51.449] DETECÇÃO  6 sprite(s) na tela (melhor similaridade 0.99; para com >= 4)
[17:09:51.553] TIRO      Vida 80% (≤ 88%): tecla F
[17:09:52.602] TIRO      Vida 80% (≤ 88%): tecla F
[17:09:53.673] TIRO      Vida 79% (≤ 88%): tecla F
[17:09:54.174] TIRO      Vida 79% (≤ 88%): tecla F
[17:09:54.186] DETECÇÃO  Shooter: 3 sprite(s) além de 400 px do pokémon (a mais distante: 1509 px) | vigiando
[17:09:54.675] TIRO      Vida 79% (≤ 88%): tecla F
[17:09:55.130] DETECÇÃO  Shooter: 2 sprite(s) além de 400 px do pokémon (a mais distante: 1285 px) | vigiando
[17:09:55.574] DETECÇÃO  Vida do pokémon: 62%
[17:09:55.626] TIRO      Vida 62% (≤ 88%): tecla F
[17:09:56.554] TIRO      Vida 60% (≤ 88%): tecla F
[17:09:56.565] DETECÇÃO  Shooter: 1 sprite(s) além de 400 px do pokémon (a mais distante: 1056 px) | vigiando
[17:09:57.077] TIRO      Vida 60% (≤ 88%): tecla F
[17:09:58.010] TIRO      Vida 59% (≤ 88%): tecla F
[17:09:58.947] TIRO      Vida 59% (≤ 88%): tecla F
[17:09:59.373] DETECÇÃO  Vida do pokémon: 54%
[17:09:59.862] TIRO      Vida 50% (≤ 88%): tecla F
[17:09:59.875] DETECÇÃO  Shooter: 0 sprite(s) além de 400 px do pokémon | vigiando
[17:09:59.876] INFO      Shooter: todas as 6 sprite(s) dentro de 400 px; confirmo por 1.5s antes de dar o R
[17:10:00.795] TIRO      Vida 50% (≤ 88%): tecla F
[17:10:01.697] TIRO      Vida 51% (≤ 88%): tecla F
[17:10:01.709] TIRO      Todas as 6 sprite(s) dentro de 400 px: sequência R (repetido por 1.5s) e, 0.50s depois do R, revive (E)
[17:10:02.087] DETECÇÃO  5 sprite(s) na tela (melhor similaridade 0.98; para com >= 4)
[17:10:02.523] DETECÇÃO  1 sprite(s) na tela (melhor similaridade 0.96; para com >= 4)
[17:10:02.614] TIRO      Vida 50% (≤ 88%): tecla F
[17:10:02.694] BOLA      Normal (Ultra Ball): toque na tecla T em (202, 587) | similaridade 0.62 | 0.454s depois da captura | ajuste +0,+0 px
[17:10:03.094] DETECÇÃO  0 sprite(s) na tela (melhor similaridade 0.25; para com >= 4)
[17:10:03.223] TIRO      Shooter: R apertado 10x em 1.51s
[17:10:03.235] TIRO      Vida 50% (≤ 88%): tecla F
[17:10:03.678] DETECÇÃO  Vida do pokémon: 100%
[17:10:03.758] TIRO      Revive: toque rápido em E e verifico a foto por 2.5s — tentativa 1/3
[17:10:04.230] DETECÇÃO  Vida do pokémon: 84%
[17:10:04.304] TIRO      Vida 84% (≤ 88%): tecla F
[17:10:04.456] INFO      Revive confirmado: a foto mudou (2.0% dos pixels) após 0.7s e 1 toque(s) no E (E saiu 0.54s depois do R)
[17:10:04.457] INFO      Shooter: procedimento concluído (R repetido + E); o bot volta a andar
[17:10:04.766] DETECÇÃO  Vida do pokémon: 100%
[17:10:04.767] RETOMOU   Voltou a andar: 0 sprites (limite 4), ficou parado 16.5s
[17:10:04.831] INFO      Velocidade: muito rápido (0 sprite(s) na tela) | tecla contínua, previsão 100 ms
[17:10:04.832] DECISÃO   Teclas A+W | pos (47, 123) -> alvo (33.059498817173264, 106.95946930457715) | similaridade 1.00 (rastreio)
[17:10:04.941] BOLA      Shiny (Premier Ball): toque na tecla SPACE em (122, 787) | similaridade 0.80 | 0.875s depois da captura | ajuste +0,+0 px
[17:10:05.596] DECISÃO   Teclas W | pos (43, 119) -> alvo (34.80952877216193, 99.38472202275818) | similaridade 1.00 (rastreio)
[17:10:05.891] BOLA      Shiny (Premier Ball): toque na tecla SPACE em (152, 542) | similaridade 0.82 | 0.857s depois da captura | ajuste +10,-83 px
[17:10:06.701] BOLA      Shiny (Premier Ball): toque na tecla SPACE em (188, 944) | similaridade 0.87 | 0.733s depois da captura | ajuste +0,+0 px
[17:10:06.775] DETECÇÃO  1 sprite(s) na tela (melhor similaridade 0.98; para com >= 4)
[17:10:06.862] BOLA      Shiny (Premier Ball): toque na tecla SPACE em (279, 762) | similaridade 0.80 | 0.893s depois da captura | ajuste +0,+0 px
[17:10:06.880] INFO      Velocidade: rápido (1 sprite(s) na tela) | passo de 200 ms, previsão 50 ms
[17:10:07.602] BOLA      Shiny (Premier Ball): toque na tecla SPACE em (305, 1035) | similaridade 0.83 | 0.660s depois da captura | ajuste +0,+0 px
[17:10:07.639] DETECÇÃO  2 sprite(s) na tela (melhor similaridade 0.98; para com >= 4)
[17:10:08.576] DETECÇÃO  3 sprite(s) na tela (melhor similaridade 0.98; para com >= 4)
[17:10:09.493] DETECÇÃO  4 sprite(s) na tela (melhor similaridade 0.99; para com >= 4)
[17:10:09.532] PAROU     Parou: 4 sprites na tela (limite 4)
[17:10:10.211] TIRO      Tiro inicial: tecla P em (776, 238) na tela, na sprite mais distante (732 px do pokémon, 4 sprite(s) na tela)
[17:10:10.212] INFO      Shooter ligado: atira com a tecla P na sprite além de 400 px do pokémon que ficar parada por 0.5s (oscilação até 40 px)
[17:10:10.230] DETECÇÃO  Shooter: 1 sprite(s) além de 400 px do pokémon (a mais distante: 732 px) | vigiando
[17:10:11.134] DETECÇÃO  Shooter: 0 sprite(s) além de 400 px do pokémon | vigiando
[17:10:11.135] INFO      Shooter: todas as 4 sprite(s) dentro de 400 px; confirmo por 1.5s antes de dar o R
[17:10:11.607] DETECÇÃO  Vida do pokémon: 94%
[17:10:11.660] TIRO      Vida 94% (≤ 99%): tecla G
[17:10:12.726] TIRO      Vida 90% (≤ 99%): tecla G
[17:10:13.319] TIRO      Todas as 4 sprite(s) dentro de 400 px: sequência R (repetido por 1.5s) e, 0.50s depois do R, revive (E)
[17:10:13.715] DETECÇÃO  3 sprite(s) na tela (melhor similaridade 0.98; para com >= 4)
[17:10:13.805] TIRO      Vida 90% (≤ 99%): tecla G
[17:10:14.819] DETECÇÃO  0 sprite(s) na tela (melhor similaridade 0.22; para com >= 4)
[17:10:14.850] TIRO      Shooter: R apertado 10x em 1.53s
[17:10:14.912] TIRO      Vida 90% (≤ 99%): tecla G
[17:10:15.404] TIRO      Revive: toque rápido em E e verifico a foto por 2.5s — tentativa 1/3
[17:10:15.615] BOLA      Shiny (Premier Ball): toque na tecla SPACE em (944, 240) | similaridade 0.86 | 0.807s depois da captura | ajuste +0,+0 px
[17:10:16.128] INFO      Revive confirmado: a foto mudou (1.1% dos pixels) após 0.7s e 1 toque(s) no E (E saiu 0.55s depois do R)
[17:10:16.130] INFO      Shooter: procedimento concluído (R repetido + E); o bot volta a andar
[17:10:16.147] DETECÇÃO  1 sprite(s) na tela (melhor similaridade 0.97; para com >= 4)
[17:10:16.191] DETECÇÃO  Vida do pokémon: 100%
[17:10:16.195] RETOMOU   Voltou a andar: 1 sprites (limite 4), ficou parado 6.7s
[17:10:16.253] DECISÃO   Teclas A+W | pos (43, 101) -> alvo (34.7880638250147, 82.4064922833533) | similaridade 1.00 (rastreio)
[17:10:16.558] DECISÃO   Teclas W | pos (41, 99) -> alvo (34.368261120246785, 80.93077725134856) | similaridade 1.00 (rastreio)
[17:10:16.655] BOLA      Shiny (Premier Ball): toque na tecla SPACE em (944, 240) | similaridade 0.88 | 0.926s depois da captura | ajuste +0,+0 px
[17:10:16.811] BOLA      Shiny (Premier Ball): toque na tecla SPACE em (853, 331) | similaridade 0.83 | 1.082s depois da captura | ajuste +0,+0 px
[17:10:16.965] BOLA      Shiny (Premier Ball): toque na tecla SPACE em (761, 331) | similaridade 0.81 | 1.236s depois da captura | ajuste +0,+0 px
[17:10:17.896] BOLA      Shiny (Premier Ball): toque na tecla SPACE em (1035, 331) | similaridade 0.89 | 0.808s depois da captura | ajuste +0,+0 px
[17:10:18.054] BOLA      Shiny (Premier Ball): toque na tecla SPACE em (853, 422) | similaridade 0.87 | 0.967s depois da captura | ajuste +0,+0 px
[17:10:18.073] DECISÃO   Teclas A+W | pos (41, 95) -> alvo (33.53978326555848, 78.05637611720303) | similaridade 1.00 (rastreio)
[17:10:18.207] BOLA      Shiny (Premier Ball): toque na tecla SPACE em (944, 422) | similaridade 0.86 | 1.120s depois da captura | ajuste +0,+0 px
[17:10:18.356] DECISÃO   Teclas W | pos (39, 93) -> alvo (32.9123957663555, 75.12478105854052) | similaridade 1.00 (rastreio)
[17:10:18.387] BOLA      Shiny (Premier Ball): toque na tecla SPACE em (944, 148) | similaridade 0.71 | 1.300s depois da captura | ajuste +0,+0 px
[17:10:19.170] BOLA      Shiny (Premier Ball): toque na tecla SPACE em (1087, 565) | similaridade 0.89 | 0.697s depois da captura | ajuste +0,+0 px
[17:10:19.323] BOLA      Shiny (Premier Ball): toque na tecla SPACE em (995, 382) | similaridade 0.87 | 0.850s depois da captura | ajuste +0,+0 px
[17:10:19.477] BOLA      Shiny (Premier Ball): toque na tecla SPACE em (904, 656) | similaridade 0.77 | 1.003s depois da captura | ajuste +0,+0 px
[17:10:20.272] BOLA      Shiny (Premier Ball): toque na tecla SPACE em (1050, 672) | similaridade 0.87 | 0.709s depois da captura | ajuste +15,+79 px
[17:10:20.438] BOLA      Shiny (Premier Ball): toque na tecla SPACE em (962, 964) | similaridade 0.78 | 0.876s depois da captura | ajuste +18,+97 px
[17:10:20.742] DECISÃO   Teclas A+W | pos (39, 85) -> alvo (32.75307586334097, 70.79510143617965) | similaridade 1.00 (rastreio)
[17:10:21.042] DECISÃO   Teclas W | pos (37, 83) -> alvo (33.931054152851324, 66.8046587978182) | similaridade 1.00 (rastreio)
[17:10:21.200] BOLA      Shiny (Premier Ball): toque na tecla SPACE em (1127, 967) | similaridade 0.89 | 0.683s depois da captura | ajuste +0,+0 px
[17:10:21.563] DETECÇÃO  2 sprite(s) na tela (melhor similaridade 0.97; para com >= 4)
[17:10:22.097] BOLA      Shiny (Premier Ball): toque na tecla SPACE em (1244, 1089) | similaridade 0.92 | 0.791s depois da captura | ajuste +43,+45 px
[17:10:22.508] DETECÇÃO  3 sprite(s) na tela (melhor similaridade 0.98; para com >= 4)
[17:10:22.605] TIRO      Vida 95% (≤ 99%): tecla G
[17:10:23.216] DETECÇÃO  Vida do pokémon: 90%
[17:10:23.268] TIRO      Vida 90% (≤ 99%): tecla G
[17:10:23.804] DETECÇÃO  4 sprite(s) na tela (melhor similaridade 0.98; para com >= 4)
[17:10:23.903] TIRO      Vida 87% (≤ 88%): tecla F
[17:10:23.903] PAROU     Parou: 4 sprites na tela (limite 4)
[17:10:24.606] TIRO      Tiro inicial: tecla P em (1690, 150) na tela, na sprite mais distante (912 px do pokémon, 4 sprite(s) na tela)
[17:10:24.606] INFO      Shooter ligado: atira com a tecla P na sprite além de 400 px do pokémon que ficar parada por 0.5s (oscilação até 40 px)
[17:10:24.625] DETECÇÃO  Shooter: 1 sprite(s) além de 400 px do pokémon (a mais distante: 912 px) | vigiando
[17:10:25.170] TIRO      Vida 87% (≤ 88%): tecla F
[17:10:26.104] TIRO      Vida 85% (≤ 88%): tecla F
[17:10:26.704] DETECÇÃO  Shooter: 0 sprite(s) além de 400 px do pokémon | vigiando
[17:10:26.705] INFO      Shooter: todas as 4 sprite(s) dentro de 400 px; confirmo por 1.5s antes de dar o R
[17:10:27.093] DETECÇÃO  5 sprite(s) na tela (melhor similaridade 0.98; para com >= 4)
[17:10:27.138] DETECÇÃO  Vida do pokémon: 82%
[17:10:27.190] TIRO      Vida 82% (≤ 88%): tecla F
[17:10:28.256] TIRO      Vida 79% (≤ 88%): tecla F
[17:10:28.839] DETECÇÃO  Shooter: 1 sprite(s) além de 400 px do pokémon (a mais distante: 426 px) | vigiando
[17:10:28.840] ALERTA    Shooter: apareceu/ficou sprite além de 400 px durante a confirmação; o R NÃO foi dado, espero todas entrarem de novo
[17:10:29.284] DETECÇÃO  Vida do pokémon: 63%
[17:10:29.336] TIRO      Vida 63% (≤ 88%): tecla F
[17:10:29.890] DETECÇÃO  Shooter: 0 sprite(s) além de 400 px do pokémon | vigiando
[17:10:29.891] INFO      Shooter: todas as 5 sprite(s) dentro de 400 px; confirmo por 1.5s antes de dar o R
[17:10:30.274] DETECÇÃO  4 sprite(s) na tela (melhor similaridade 0.98; para com >= 4)
[17:10:30.323] DETECÇÃO  Vida do pokémon: 54%
[17:10:30.376] TIRO      Vida 54% (≤ 88%): tecla F
[17:10:30.775] DETECÇÃO  3 sprite(s) na tela (melhor similaridade 0.97; para com >= 4)
[17:10:30.874] TIRO      Vida 54% (≤ 88%): tecla F
[17:10:30.874] RETOMOU   Voltou a andar: 3 sprites (limite 4), ficou parado 7.0s
[17:10:30.935] DECISÃO   Teclas W | pos (37, 77) -> alvo (37.34476105552852, 62.666440271508066) | similaridade 1.00 (rastreio)
[17:10:31.421] DETECÇÃO  4 sprite(s) na tela (melhor similaridade 0.98; para com >= 4)
[17:10:31.525] TIRO      Vida 53% (≤ 88%): tecla F
[17:10:31.526] PAROU     Parou: 4 sprites na tela (limite 4)
[17:10:32.205] TIRO      Tiro inicial: tecla P em (1598, 118) na tela, na sprite mais distante (227 px do pokémon, 4 sprite(s) na tela)
[17:10:32.206] INFO      Shooter ligado: atira com a tecla P na sprite além de 400 px do pokémon que ficar parada por 0.5s (oscilação até 40 px)
[17:10:32.227] DETECÇÃO  Shooter: 0 sprite(s) além de 400 px do pokémon | vigiando
[17:10:32.228] INFO      Shooter: todas as 4 sprite(s) dentro de 400 px; confirmo por 1.5s antes de dar o R
[17:10:32.607] DETECÇÃO  6 sprite(s) na tela (melhor similaridade 0.99; para com >= 4)
[17:10:32.734] TIRO      Vida 50% (≤ 88%): tecla F
[17:10:33.327] DETECÇÃO  Shooter: 1 sprite(s) além de 400 px do pokémon (a mais distante: 410 px) | vigiando
[17:10:33.328] ALERTA    Shooter: apareceu/ficou sprite além de 400 px durante a confirmação; o R NÃO foi dado, espero todas entrarem de novo
[17:10:33.812] TIRO      Vida 51% (≤ 88%): tecla F
[17:10:34.376] DETECÇÃO  Shooter: 0 sprite(s) além de 400 px do pokémon | vigiando
[17:10:34.376] INFO      Shooter: todas as 6 sprite(s) dentro de 400 px; confirmo por 1.5s antes de dar o R
[17:10:34.760] DETECÇÃO  5 sprite(s) na tela (melhor similaridade 0.98; para com >= 4)
[17:10:34.864] TIRO      Vida 50% (≤ 88%): tecla F
[17:10:35.448] DETECÇÃO  Shooter: 1 sprite(s) além de 400 px do pokémon (a mais distante: 410 px) | vigiando
[17:10:35.449] ALERTA    Shooter: apareceu/ficou sprite além de 400 px durante a confirmação; o R NÃO foi dado, espero todas entrarem de novo
[17:10:35.833] DETECÇÃO  2 sprite(s) na tela (melhor similaridade 0.97; para com >= 4)
[17:10:35.881] DETECÇÃO  Vida do pokémon: 46%
[17:10:35.932] TIRO      Vida 46% (≤ 88%): tecla F
[17:10:35.933] RETOMOU   Voltou a andar: 2 sprites (limite 4), ficou parado 4.4s
[17:10:36.000] DECISÃO   Teclas W | pos (37, 75) -> alvo (39.45785837899572, 61.170586371414934) | similaridade 1.00 (rastreio)
[17:10:36.512] DETECÇÃO  3 sprite(s) na tela (melhor similaridade 0.98; para com >= 4)
[17:10:36.562] DETECÇÃO  Vida do pokémon: 31%
[17:10:36.615] TIRO      Vida 31% (≤ 45%): tecla C
[17:10:37.148] DETECÇÃO  6 sprite(s) na tela (melhor similaridade 0.99; para com >= 4)
[17:10:37.195] DETECÇÃO  Vida do pokémon: 90%
[17:10:37.249] TIRO      Vida 90% (≤ 99%): tecla G
[17:10:37.250] PAROU     Parou: 6 sprites na tela (limite 4)
[17:10:37.910] ALERTA    Shooter: nome do pokémon não encontrado na área de busca; sem ele não dá para medir as distâncias (confira a similaridade mínima).
[17:10:37.911] INFO      Shooter ligado: atira com a tecla P na sprite além de 400 px do pokémon que ficar parada por 0.5s (oscilação até 40 px)
[17:10:38.859] DETECÇÃO  0 sprite(s) na tela (melhor similaridade 0.22; para com >= 4)
[17:10:38.896] DETECÇÃO  Vida do pokémon: 66%
[17:10:38.949] TIRO      Vida 66% (≤ 88%): tecla F
[17:10:38.949] RETOMOU   Voltou a andar: 0 sprites (limite 4), ficou parado 1.7s
[17:10:39.010] INFO      Velocidade: muito rápido (0 sprite(s) na tela) | tecla contínua, previsão 100 ms
[17:10:39.010] DECISÃO   Teclas D+W | pos (27, 71) -> alvo (42.65784494785192, 59.50372281568208) | similaridade 1.00 (rastreio)
[17:10:39.229] DETECÇÃO  Vida do pokémon: 100%
[17:10:40.385] DETECÇÃO  1 sprite(s) na tela (melhor similaridade 0.98; para com >= 4)
[17:10:40.507] INFO      Velocidade: rápido (1 sprite(s) na tela) | passo de 200 ms, previsão 50 ms
[17:10:41.751] DECISÃO   Teclas D | pos (37, 61) -> alvo (49.11454114414393, 56.335812308281746) | similaridade 1.00 (rastreio)
[17:10:41.877] BOLA      Shiny (Premier Ball): toque na tecla SPACE em (1743, 719) | similaridade 0.90 | 0.773s depois da captura | ajuste +0,+0 px
[17:10:42.043] BOLA      Shiny (Premier Ball): toque na tecla SPACE em (1652, 719) | similaridade 0.86 | 0.940s depois da captura | ajuste +0,+0 px
[17:10:42.214] BOLA      Shiny (Premier Ball): toque na tecla SPACE em (1560, 536) | similaridade 0.82 | 1.110s depois da captura | ajuste +0,+0 px
[17:10:42.323] DECISÃO   Teclas D+W | pos (39, 61) -> alvo (49.63341306583666, 55.86029566364795) | similaridade 1.00 (rastreio)
[17:10:42.416] BOLA      Shiny (Premier Ball): toque na tecla SPACE em (1561, 628) | similaridade 0.77 | 1.312s depois da captura | ajuste +0,+0 px
[17:10:42.592] BOLA      Shiny (Premier Ball): toque na tecla SPACE em (1652, 536) | similaridade 0.71 | 1.488s depois da captura | ajuste +0,+0 px
[17:10:42.612] DECISÃO   Teclas D | pos (41, 59) -> alvo (50.55549185326287, 54.77436234129116) | similaridade 1.00 (rastreio)
[17:10:43.376] BOLA      Shiny (Premier Ball): toque na tecla SPACE em (1552, 636) | similaridade 0.93 | 0.706s depois da captura | ajuste +0,+0 px
[17:10:43.479] DECISÃO   Teclas D+W | pos (43, 59) -> alvo (50.98158711363336, 54.13605091161586) | similaridade 1.00 (rastreio)
[17:10:43.528] BOLA      Shiny (Premier Ball): toque na tecla SPACE em (1369, 545) | similaridade 0.90 | 0.859s depois da captura | ajuste +0,+0 px
[17:10:43.716] BOLA      Shiny (Premier Ball): toque na tecla SPACE em (1461, 910) | similaridade 0.88 | 1.047s depois da captura | ajuste +0,+0 px
[17:10:43.870] BOLA      Shiny (Premier Ball): toque na tecla SPACE em (1369, 910) | similaridade 0.85 | 1.200s depois da captura | ajuste +0,+0 px
[17:10:44.031] BOLA      Shiny (Premier Ball): toque na tecla SPACE em (1278, 636) | similaridade 0.84 | 1.362s depois da captura | ajuste +0,+0 px
[17:10:44.211] BOLA      Shiny (Premier Ball): toque na tecla SPACE em (1278, 727) | similaridade 0.83 | 1.542s depois da captura | ajuste +0,+0 px
[17:10:44.378] BOLA      Shiny (Premier Ball): toque na tecla SPACE em (1369, 727) | similaridade 0.81 | 1.709s depois da captura | ajuste +0,+0 px
[17:10:44.562] BOLA      Shiny (Premier Ball): toque na tecla SPACE em (1278, 819) | similaridade 0.81 | 1.893s depois da captura | ajuste +0,+0 px
[17:10:45.403] BOLA      Shiny (Premier Ball): toque na tecla SPACE em (1052, 770) | similaridade 0.88 | 0.761s depois da captura | ajuste +0,+0 px
[17:10:45.566] BOLA      Shiny (Premier Ball): toque na tecla SPACE em (1235, 861) | similaridade 0.87 | 0.924s depois da captura | ajuste +0,+0 px
[17:10:45.719] BOLA      Shiny (Premier Ball): toque na tecla SPACE em (961, 953) | similaridade 0.84 | 1.078s depois da captura | ajuste +0,+0 px
[17:10:45.742] DETECÇÃO  2 sprite(s) na tela (melhor similaridade 0.98; para com >= 4)
[17:10:45.881] BOLA      Shiny (Premier Ball): toque na tecla SPACE em (961, 861) | similaridade 0.81 | 1.239s depois da captura | ajuste +0,+0 px
[17:10:46.034] BOLA      Shiny (Premier Ball): toque na tecla SPACE em (1053, 953) | similaridade 0.80 | 1.393s depois da captura | ajuste +0,+0 px
[17:10:46.803] BOLA      Shiny (Premier Ball): toque na tecla SPACE em (915, 998) | similaridade 0.86 | 0.687s depois da captura | ajuste +0,+0 px
[17:10:47.501] DETECÇÃO  3 sprite(s) na tela (melhor similaridade 0.99; para com >= 4)
[17:10:49.376] DETECÇÃO  4 sprite(s) na tela (melhor similaridade 0.98; para com >= 4)
[17:10:49.426] PAROU     Parou: 4 sprites na tela (limite 4)
[17:10:50.171] TIRO      Tiro inicial: tecla P em (1252, 147) na tela, na sprite mais distante (881 px do pokémon, 4 sprite(s) na tela)
[17:10:50.172] INFO      Shooter ligado: atira com a tecla P na sprite além de 400 px do pokémon que ficar parada por 0.5s (oscilação até 40 px)
[17:10:50.191] DETECÇÃO  Shooter: 1 sprite(s) além de 400 px do pokémon (a mais distante: 881 px) | vigiando
[17:10:50.678] TIRO      Vida 97% (≤ 99%): tecla G
[17:10:51.181] TIRO      Vida 97% (≤ 99%): tecla G
[17:10:51.628] DETECÇÃO  Vida do pokémon: 92%
[17:10:51.681] TIRO      Vida 92% (≤ 99%): tecla G
[17:10:51.701] DETECÇÃO  Shooter: 0 sprite(s) além de 400 px do pokémon | vigiando
[17:10:51.701] INFO      Shooter: todas as 4 sprite(s) dentro de 400 px; confirmo por 1.5s antes de dar o R
[17:10:52.614] TIRO      Vida 92% (≤ 99%): tecla G
[17:10:53.077] DETECÇÃO  Shooter: 1 sprite(s) além de 400 px do pokémon (a mais distante: 446 px) | vigiando
[17:10:53.078] ALERTA    Shooter: apareceu/ficou sprite além de 400 px durante a confirmação; o R NÃO foi dado, espero todas entrarem de novo
[17:10:53.565] TIRO      Vida 92% (≤ 99%): tecla G
[17:10:54.517] TIRO      Vida 90% (≤ 99%): tecla G
[17:10:54.534] DETECÇÃO  Shooter: 0 sprite(s) além de 400 px do pokémon | vigiando
[17:10:54.535] INFO      Shooter: todas as 4 sprite(s) dentro de 400 px; confirmo por 1.5s antes de dar o R
[17:10:54.906] DETECÇÃO  5 sprite(s) na tela (melhor similaridade 0.98; para com >= 4)
[17:10:55.545] DETECÇÃO  Shooter: 1 sprite(s) além de 400 px do pokémon (a mais distante: 493 px) | vigiando
[17:10:55.546] ALERTA    Shooter: apareceu/ficou sprite além de 400 px durante a confirmação; o R NÃO foi dado, espero todas entrarem de novo
[17:10:56.016] DETECÇÃO  Vida do pokémon: 85%
[17:10:56.068] TIRO      Vida 85% (≤ 88%): tecla F
[17:10:56.636] DETECÇÃO  Shooter: 0 sprite(s) além de 400 px do pokémon | vigiando
[17:10:56.637] INFO      Shooter: todas as 5 sprite(s) dentro de 400 px; confirmo por 1.5s antes de dar o R
[17:10:57.153] TIRO      Vida 83% (≤ 88%): tecla F
[17:10:58.091] TIRO      Vida 80% (≤ 88%): tecla F
[17:10:58.517] DETECÇÃO  Vida do pokémon: 79%
[17:10:58.533] TIRO      Todas as 5 sprite(s) dentro de 400 px: sequência R (repetido por 1.5s) e, 0.50s depois do R, revive (E)
[17:10:58.926] DETECÇÃO  4 sprite(s) na tela (melhor similaridade 0.98; para com >= 4)
[17:10:59.025] TIRO      Vida 77% (≤ 88%): tecla F
[17:11:00.006] DETECÇÃO  0 sprite(s) na tela (melhor similaridade 0.22; para com >= 4)
[17:11:00.048] TIRO      Shooter: R apertado 10x em 1.51s
[17:11:00.105] TIRO      Vida 75% (≤ 88%): tecla F
[17:11:00.604] TIRO      Revive: toque rápido em E e verifico a foto por 2.5s — tentativa 1/3
[17:11:01.266] BOLA      Shiny (Premier Ball): toque na tecla SPACE em (1127, 240) | similaridade 0.83 | 0.798s depois da captura | ajuste +0,+0 px
[17:11:01.271] INFO      Revive confirmado: a foto mudou (2.5% dos pixels) após 0.7s e 1 toque(s) no E (E saiu 0.55s depois do R)
[17:11:01.272] INFO      Shooter: procedimento concluído (R repetido + E); o bot volta a andar
[17:11:01.367] DETECÇÃO  Vida do pokémon: 85%
[17:11:01.423] TIRO      Vida 85% (≤ 88%): tecla F
[17:11:01.424] RETOMOU   Voltou a andar: 0 sprites (limite 4), ficou parado 12.0s
[17:11:01.491] INFO      Velocidade: muito rápido (0 sprite(s) na tela) | tecla contínua, previsão 100 ms
[17:11:01.492] DECISÃO   Teclas D+W | pos (57, 41) -> alvo (76.66275918285079, 24.15147677474432) | similaridade 1.00 (rastreio)
[17:11:01.989] DETECÇÃO  Vida do pokémon: 100%
[17:11:02.316] BOLA      Shiny (Premier Ball): toque na tecla SPACE em (1309, 240) | similaridade 0.84 | 0.963s depois da captura | ajuste +0,+0 px
[17:11:02.483] BOLA      Shiny (Premier Ball): toque na tecla SPACE em (1127, 240) | similaridade 0.83 | 1.130s depois da captura | ajuste +0,+0 px
[17:11:02.636] BOLA      Shiny (Premier Ball): toque na tecla SPACE em (1218, 240) | similaridade 0.81 | 1.283s depois da captura | ajuste +0,+0 px
[17:11:02.930] BOLA      Shiny (Premier Ball): toque na tecla SPACE em (1127, 148) | similaridade 0.79 | 1.577s depois da captura | ajuste +0,+0 px
[17:11:02.952] DECISÃO   Teclas D | pos (63, 35) -> alvo (85.27823913915839, 25.98209439136292) | similaridade 1.00 (rastreio)
[17:11:03.116] BOLA      Shiny (Premier Ball): toque na tecla SPACE em (1309, 148) | similaridade 0.72 | 1.763s depois da captura | ajuste +0,+0 px
[17:11:04.031] BOLA      Shiny (Premier Ball): toque na tecla SPACE em (884, 300) | similaridade 0.87 | 0.828s depois da captura | ajuste +0,+0 px
[17:11:04.233] BOLA      Shiny (Premier Ball): toque na tecla SPACE em (884, 482) | similaridade 0.87 | 1.029s depois da captura | ajuste +0,+0 px
[17:11:04.430] BOLA      Shiny (Premier Ball): toque na tecla SPACE em (975, 300) | similaridade 0.83 | 1.227s depois da captura | ajuste +0,+0 px
[17:11:04.583] BOLA      Shiny (Premier Ball): toque na tecla SPACE em (884, 391) | similaridade 0.82 | 1.380s depois da captura | ajuste +0,+0 px
[17:11:04.737] BOLA      Shiny (Premier Ball): toque na tecla SPACE em (975, 482) | similaridade 0.73 | 1.534s depois da captura | ajuste +0,+0 px
[17:11:05.454] DETECÇÃO  2 sprite(s) na tela (melhor similaridade 0.98; para com >= 4)
[17:11:05.567] INFO      Velocidade: rápido (2 sprite(s) na tela) | passo de 200 ms, previsão 50 ms
[17:11:05.739] BOLA      Shiny (Premier Ball): toque na tecla SPACE em (416, 331) | similaridade 0.94 | 0.889s depois da captura | ajuste +0,+0 px
[17:11:05.872] DECISÃO   Teclas D+S | pos (81, 35) -> alvo (99.43753493378676, 43.71285892660043) | similaridade 1.00 (rastreio)
[17:11:05.908] BOLA      Shiny (Premier Ball): toque na tecla SPACE em (507, 331) | similaridade 0.89 | 1.058s depois da captura | ajuste +0,+0 px
[17:11:06.062] BOLA      Shiny (Premier Ball): toque na tecla SPACE em (599, 331) | similaridade 0.89 | 1.212s depois da captura | ajuste +0,+0 px
[17:11:06.215] BOLA      Shiny (Premier Ball): toque na tecla SPACE em (416, 513) | similaridade 0.82 | 1.364s depois da captura | ajuste +0,+0 px
[17:11:06.370] BOLA      Shiny (Premier Ball): toque na tecla SPACE em (416, 422) | similaridade 0.82 | 1.520s depois da captura | ajuste +0,+0 px
[17:11:06.540] BOLA      Shiny (Premier Ball): toque na tecla SPACE em (507, 513) | similaridade 0.81 | 1.689s depois da captura | ajuste +0,+0 px
[17:11:07.310] DETECÇÃO  3 sprite(s) na tela (melhor similaridade 0.99; para com >= 4)
[17:11:07.403] BOLA      Shiny (Premier Ball): toque na tecla SPACE em (116, 416) | similaridade 0.86 | 0.779s depois da captura | ajuste +0,+0 px
[17:11:09.067] DETECÇÃO  4 sprite(s) na tela (melhor similaridade 0.99; para com >= 4)
[17:11:09.111] PAROU     Parou: 4 sprites na tela (limite 4)
[17:11:09.786] TIRO      Tiro inicial: tecla P em (1190, 920) na tela, na sprite mais distante (537 px do pokémon, 4 sprite(s) na tela)
[17:11:09.787] INFO      Shooter ligado: atira com a tecla P na sprite além de 400 px do pokémon que ficar parada por 0.5s (oscilação até 40 px)
[17:11:09.808] DETECÇÃO  Shooter: 1 sprite(s) além de 400 px do pokémon (a mais distante: 537 px) | vigiando
[17:11:09.909] INFO      Bot DESATIVADO
